Date,Open,High,Low,Close,Adj Close,Volume
2015-07-01,80.87000274658203,81.02999877929688,80.83000183105469,80.9000015258789,60.81672668457031,5399300
2015-07-02,81.05999755859375,81.18000030517578,81.05999755859375,81.0999984741211,60.96707534790039,1060100
2015-07-06,81.44000244140625,81.44000244140625,81.22000122070312,81.37999725341797,61.17755126953125,2210700
2015-07-07,81.69000244140625,81.7699966430664,81.45999908447266,81.45999908447266,61.237728118896484,4183200
2015-07-08,81.63999938964844,81.76000213623047,81.55999755859375,81.69000244140625,61.41062545776367,1967800
2015-07-09,81.55999755859375,81.58000183105469,81.37999725341797,81.41999816894531,61.207645416259766,1670900
2015-07-10,81.0199966430664,81.16000366210938,80.94999694824219,81.04000091552734,60.921958923339844,2038300
2015-07-13,80.86000061035156,81.01000213623047,80.83999633789062,80.8499984741211,60.77915954589844,2846500
2015-07-14,81.0,81.06999969482422,80.95999908447266,81.0,60.891929626464844,1567700
2015-07-15,81.01000213623047,81.26000213623047,80.9800033569336,81.2300033569336,61.0648078918457,2631000
2015-07-16,81.06999969482422,81.27999877929688,81.05000305175781,81.2300033569336,61.0648078918457,1063100
2015-07-17,81.25,81.31999969482422,81.19999694824219,81.23999786376953,61.07234573364258,807900
2015-07-20,81.19000244140625,81.22000122070312,81.08000183105469,81.12999725341797,60.989627838134766,1026900
2015-07-21,81.12000274658203,81.33000183105469,81.0999984741211,81.27999877929688,61.10243225097656,1422900
2015-07-22,81.31999969482422,81.43000030517578,81.30000305175781,81.30999755859375,61.124977111816406,1624100
2015-07-23,81.3499984741211,81.54000091552734,81.29000091552734,81.5,61.267818450927734,1178400
2015-07-24,81.58999633789062,81.61000061035156,81.5,81.55000305175781,61.30538558959961,804300
2015-07-27,81.69000244140625,81.72000122070312,81.61000061035156,81.70999908447266,61.4256591796875,2022800
2015-07-28,81.61000061035156,81.6500015258789,81.55999755859375,81.56999969482422,61.32041549682617,1434700
2015-07-29,81.56999969482422,81.58000183105469,81.44000244140625,81.5,61.267818450927734,1020500
2015-07-30,81.4800033569336,81.58000183105469,81.44000244140625,81.52999877929688,61.29036331176758,788000
2015-07-31,81.77999877929688,81.83000183105469,81.72000122070312,81.80999755859375,61.500823974609375,1589100
2015-08-03,81.69999694824219,81.8499984741211,81.63999938964844,81.83000183105469,61.643211364746094,2085800
2015-08-04,81.76000213623047,81.77999877929688,81.52999877929688,81.55000305175781,61.43227767944336,1007300
2015-08-05,81.44999694824219,81.47000122070312,81.30999755859375,81.41999816894531,61.3343505859375,2097000
2015-08-06,81.44000244140625,81.55000305175781,81.41999816894531,81.47000122070312,61.37199783325195,1173000
2015-08-07,81.5999984741211,81.70999908447266,81.55000305175781,81.63999938964844,61.50004959106445,1773800
2015-08-10,81.58000183105469,81.61000061035156,81.41999816894531,81.47000122070312,61.37199783325195,1173300
2015-08-11,81.73999786376953,81.88999938964844,81.70999908447266,81.77999877929688,61.60552978515625,1424200
2015-08-12,81.91999816894531,82.02999877929688,81.7300033569336,81.75,61.58292007446289,1029700
2015-08-13,81.66999816894531,81.75,81.55000305175781,81.58000183105469,61.45486068725586,845500
2015-08-14,81.55000305175781,81.66999816894531,81.51000213623047,81.55000305175781,61.43227767944336,2279800
2015-08-17,81.73999786376953,81.77999877929688,81.66000366210938,81.69999694824219,61.54528045654297,821900
2015-08-18,81.5999984741211,81.66000366210938,81.5199966430664,81.55000305175781,61.43227767944336,1083900
2015-08-19,81.47000122070312,81.87000274658203,81.41999816894531,81.83999633789062,61.65072250366211,1356600
2015-08-20,81.87000274658203,81.97000122070312,81.83999633789062,81.91000366210938,61.70347595214844,1536900
2015-08-21,81.97000122070312,82.08999633789062,81.87000274658203,82.04000091552734,61.801395416259766,3459200
2015-08-24,82.30000305175781,82.43000030517578,81.93000030517578,82.0199966430664,61.78632354736328,4751800
2015-08-25,81.91999816894531,81.91999816894531,81.5999984741211,81.75,61.58292007446289,5325500
2015-08-26,81.54000091552734,81.73999786376953,81.3499984741211,81.4000015258789,61.319332122802734,2742500
2015-08-27,81.37000274658203,81.62000274658203,81.3499984741211,81.51000213623047,61.402130126953125,2671000
2015-08-28,81.69000244140625,81.73999786376953,81.51000213623047,81.55000305175781,61.43227767944336,2723900
2015-08-31,81.68000030517578,81.69999694824219,81.43000030517578,81.44000244140625,61.34940719604492,3103700
2015-09-01,81.38999938964844,81.54000091552734,81.33999633789062,81.47000122070312,61.4988899230957,2577700
2015-09-02,81.38999938964844,81.5,81.33000183105469,81.41000366210938,61.45356750488281,1934700
2015-09-03,81.5199966430664,81.56999969482422,81.4000015258789,81.47000122070312,61.4988899230957,2503000
2015-09-04,81.61000061035156,81.69999694824219,81.4800033569336,81.66999816894531,61.64988327026367,1213800
2015-09-08,81.5199966430664,81.5199966430664,81.41000366210938,81.47000122070312,61.4988899230957,1194600
2015-09-09,81.22000122070312,81.56999969482422,81.19999694824219,81.44999694824219,61.483768463134766,4265400
2015-09-10,81.43000030517578,81.43000030517578,81.27999877929688,81.27999877929688,61.35546112060547,1889000
2015-09-11,81.48999786376953,81.52999877929688,81.41999816894531,81.44999694824219,61.483768463134766,1411500
2015-09-14,81.55000305175781,81.55999755859375,81.44000244140625,81.47000122070312,61.4988899230957,905900
2015-09-15,81.38999938964844,81.4000015258789,81.05999755859375,81.12999725341797,61.242225646972656,1697300
2015-09-16,81.06999969482422,81.13999938964844,81.0,81.08000183105469,61.20447540283203,1579000
2015-09-17,81.04000091552734,81.54000091552734,81.0199966430664,81.54000091552734,61.551700592041016,1833200
2015-09-18,81.62999725341797,81.77999877929688,81.58999633789062,81.7699966430664,61.72530746459961,1639800
2015-09-21,81.62000274658203,81.66999816894531,81.41000366210938,81.47000122070312,61.4988899230957,933800
2015-09-22,81.5999984741211,81.77999877929688,81.58000183105469,81.62000274658203,61.612144470214844,1444000
2015-09-23,81.66000366210938,81.69999694824219,81.55000305175781,81.62000274658203,61.612144470214844,709000
2015-09-24,81.83999633789062,81.86000061035156,81.62999725341797,81.6500015258789,61.63471603393555,1454400
2015-09-25,81.5999984741211,81.62999725341797,81.5,81.5,61.52155303955078,1134000
2015-09-28,81.62999725341797,81.7699966430664,81.54000091552734,81.70999908447266,61.68003845214844,1305000
2015-09-29,81.72000122070312,81.87999725341797,81.69999694824219,81.7699966430664,61.72530746459961,1256600
2015-09-30,81.79000091552734,81.94000244140625,81.75,81.93000030517578,61.846153259277344,4432000
2015-10-01,81.88999938964844,81.95999908447266,81.80000305175781,81.80999755859375,61.879364013671875,2023700
2015-10-02,82.16999816894531,82.33999633789062,82.0,82.12000274658203,62.11387634277344,1770400
2015-10-05,82.0199966430664,82.0199966430664,81.80000305175781,81.80000305175781,61.871822357177734,4199900
2015-10-06,81.9000015258789,81.98999786376953,81.80000305175781,81.91000366210938,61.95504379272461,1925300
2015-10-07,81.87000274658203,81.97000122070312,81.80000305175781,81.91000366210938,61.95504379272461,1871000
2015-10-08,81.91999816894531,81.97000122070312,81.73999786376953,81.77999877929688,61.856689453125,1118100
2015-10-09,81.68000030517578,81.83999633789062,81.68000030517578,81.7699966430664,61.8491325378418,1197400
2015-10-12,81.83999633789062,81.97000122070312,81.80000305175781,81.91000366210938,61.95504379272461,864100
2015-10-13,81.94000244140625,82.0,81.86000061035156,81.95999908447266,61.992835998535156,971700
2015-10-14,82.08000183105469,82.26000213623047,82.04000091552734,82.26000213623047,62.21979904174805,786300
2015-10-15,82.1500015258789,82.22000122070312,82.05999755859375,82.0999984741211,62.098758697509766,2264300
2015-10-16,82.05999755859375,82.1500015258789,82.04000091552734,82.06999969482422,62.07609176635742,1241200
2015-10-19,82.08000183105469,82.12000274658203,81.9800033569336,82.06999969482422,62.07609176635742,840100
2015-10-20,81.94000244140625,81.9800033569336,81.9000015258789,81.94000244140625,61.97774124145508,1348200
2015-10-21,82.08999633789062,82.18000030517578,82.02999877929688,82.08999633789062,62.09117126464844,943500
2015-10-22,82.08999633789062,82.29000091552734,82.08999633789062,82.2300033569336,62.197078704833984,1101300
2015-10-23,82.08000183105469,82.08000183105469,82.0,82.0199966430664,62.038246154785156,1367100
2015-10-26,82.13999938964844,82.19999694824219,82.11000061035156,82.11000061035156,62.10631561279297,1512200
2015-10-27,82.26000213623047,82.27999877929688,82.12999725341797,82.12999725341797,62.1214714050293,929400
2015-10-28,82.18000030517578,82.18000030517578,81.88999938964844,81.9000015258789,61.94746017456055,2617300
2015-10-29,81.80000305175781,81.80000305175781,81.56999969482422,81.61000061035156,61.72813034057617,943200
2015-10-30,81.61000061035156,81.79000091552734,81.58999633789062,81.79000091552734,61.864261627197266,1474100
2015-11-02,81.44000244140625,81.54000091552734,81.41000366210938,81.45999908447266,61.742252349853516,2939200
2015-11-03,81.4000015258789,81.44000244140625,81.26000213623047,81.31999969482422,61.6361198425293,3997100
2015-11-04,81.38999938964844,81.44000244140625,81.2300033569336,81.37000274658203,61.674049377441406,3594400
2015-11-05,81.3499984741211,81.37000274658203,81.11000061035156,81.22000122070312,61.56034469604492,1715400
2015-11-06,80.9800033569336,81.0199966430664,80.83000183105469,80.9000015258789,61.31779479980469,1198700
2015-11-09,80.7699966430664,80.93000030517578,80.75,80.83000183105469,61.264732360839844,2358300
2015-11-10,80.93000030517578,81.04000091552734,80.83999633789062,80.91999816894531,61.332942962646484,1421000
2015-11-11,80.93000030517578,80.97000122070312,80.87000274658203,80.93000030517578,61.34052658081055,1303500
2015-11-12,81.04000091552734,81.05999755859375,80.94000244140625,80.94000244140625,61.348087310791016,1263900
2015-11-13,81.01000213623047,81.12000274658203,81.01000213623047,81.08999633789062,61.46181869506836,1583300
2015-11-16,81.12000274658203,81.19999694824219,81.05000305175781,81.08999633789062,61.46181869506836,949100
2015-11-17,81.02999877929688,81.23999786376953,80.95999908447266,81.18000030517578,61.52997589111328,1155900
2015-11-18,81.12999725341797,81.19000244140625,81.06999969482422,81.13999938964844,61.49967956542969,944100
2015-11-19,81.27999877929688,81.30000305175781,81.2300033569336,81.25,61.58304977416992,1085500
2015-11-20,81.31999969482422,81.31999969482422,81.19999694824219,81.2300033569336,61.56787872314453,1273800
2015-11-23,81.20999908447266,81.30999755859375,81.1500015258789,81.26000213623047,61.59064865112305,1647300
2015-11-24,81.29000091552734,81.3499984741211,81.25,81.29000091552734,61.61338424682617,1361900
2015-11-25,81.33000183105469,81.36000061035156,81.2699966430664,81.30000305175781,61.620967864990234,904600
2015-11-27,81.37000274658203,81.38999938964844,81.30999755859375,81.33999633789062,61.651275634765625,516000
2015-11-30,81.33000183105469,81.37999725341797,81.26000213623047,81.30000305175781,61.620967864990234,6285200
2015-12-01,81.16999816894531,81.44999694824219,81.13999938964844,81.44000244140625,61.8541374206543,1780200
2015-12-02,81.4000015258789,81.41000366210938,81.27999877929688,81.33999633789062,61.77819061279297,1413700
2015-12-03,81.1500015258789,81.1500015258789,80.68000030517578,80.70999908447266,61.299678802490234,2510600
2015-12-04,80.87000274658203,81.04000091552734,80.79000091552734,81.02999877929688,61.54274368286133,3815200
2015-12-07,81.05999755859375,81.29000091552734,81.04000091552734,81.16999816894531,61.649085998535156,1543300
2015-12-08,81.25,81.2699966430664,81.11000061035156,81.19000244140625,61.664276123046875,1687300
2015-12-09,81.11000061035156,81.26000213623047,80.97000122070312,81.16000366210938,61.64146423339844,2076900
2015-12-10,81.22000122070312,81.22000122070312,81.12999725341797,81.1500015258789,61.63383483886719,2004100
2015-12-11,81.37000274658203,81.41999816894531,81.2699966430664,81.37000274658203,61.800987243652344,1994400
2015-12-14,81.19999694824219,81.26000213623047,80.9800033569336,80.98999786376953,61.51234817504883,2974600
2015-12-15,80.87999725341797,80.95999908447266,80.81999969482422,80.9000015258789,61.444007873535156,1806300
2015-12-16,80.87000274658203,81.0,80.69000244140625,80.80999755859375,61.37565612792969,2332700
2015-12-17,80.91999816894531,81.0199966430664,80.88999938964844,80.9800033569336,61.5047721862793,2290500
2015-12-18,81.08999633789062,81.16999816894531,81.0199966430664,81.16000366210938,61.64146423339844,3211500
2015-12-21,81.19000244140625,81.2300033569336,81.04000091552734,81.06999969482422,61.573123931884766,3158300
2015-12-22,81.02999877929688,81.04000091552734,80.94000244140625,80.95999908447266,61.48958969116211,2348600
2015-12-23,80.62000274658203,80.73999786376953,80.58999633789062,80.73999786376953,61.497154235839844,2538600
2015-12-24,80.75,80.83000183105469,80.69999694824219,80.80000305175781,61.542903900146484,1361700
2015-12-28,80.70999908447266,80.87999725341797,80.70999908447266,80.80000305175781,61.542903900146484,1580600
2015-12-29,80.7300033569336,80.7300033569336,80.51000213623047,80.55000305175781,61.352474212646484,2586600
2015-12-30,80.52999877929688,80.6500015258789,80.47000122070312,80.5999984741211,61.39055633544922,2367200
2015-12-31,80.7300033569336,80.80999755859375,80.63999938964844,80.76000213623047,61.51241683959961,2419700
2016-01-04,80.79000091552734,80.93000030517578,80.69999694824219,80.72000122070312,61.48194885253906,2750500
2016-01-05,80.76000213623047,80.9000015258789,80.69999694824219,80.81999969482422,61.558109283447266,1513600
2016-01-06,81.02999877929688,81.18000030517578,80.9800033569336,81.18000030517578,61.832298278808594,2391100
2016-01-07,81.12000274658203,81.19999694824219,80.97000122070312,81.19000244140625,61.83988571166992,2792900
2016-01-08,81.13999938964844,81.31999969482422,81.0999984741211,81.29000091552734,61.916053771972656,1405100
2016-01-11,81.11000061035156,81.16000366210938,80.94999694824219,80.94999694824219,61.657142639160156,2146900
2016-01-12,81.08000183105469,81.33000183105469,81.0,81.16000366210938,61.817100524902344,1645300
2016-01-13,81.19999694824219,81.44999694824219,81.16000366210938,81.36000061035156,61.96944046020508,2887800
2016-01-14,81.33999633789062,81.47000122070312,81.22000122070312,81.26000213623047,61.89324188232422,4545800
2016-01-15,81.5,81.5199966430664,81.36000061035156,81.4000015258789,61.999908447265625,1773900
2016-01-19,81.4000015258789,81.4000015258789,81.2300033569336,81.30000305175781,61.92375183105469,3856700
2016-01-20,81.52999877929688,81.61000061035156,81.30000305175781,81.38999938964844,61.992286682128906,7796900
2016-01-21,81.52999877929688,81.55999755859375,81.33000183105469,81.33999633789062,61.95417785644531,3062600
2016-01-22,81.31999969482422,81.33000183105469,81.19999694824219,81.30999755859375,61.931331634521484,3004100
2016-01-25,81.4000015258789,81.43000030517578,81.30000305175781,81.30999755859375,61.931331634521484,2164700
2016-01-26,81.41000366210938,81.47000122070312,81.31999969482422,81.43000030517578,62.02275085449219,2659100
2016-01-27,81.3499984741211,81.5,81.25,81.43000030517578,62.02275085449219,1734400
2016-01-28,81.41000366210938,81.52999877929688,81.37000274658203,81.48999786376953,62.06843185424805,1487600
2016-01-29,81.76000213623047,81.80000305175781,81.6500015258789,81.7300033569336,62.25127029418945,3634300
2016-02-01,81.5199966430664,81.62999725341797,81.33000183105469,81.38999938964844,62.124534606933594,2255300
2016-02-02,81.66999816894531,81.72000122070312,81.58000183105469,81.66999816894531,62.33827209472656,2554600
2016-02-03,81.66000366210938,81.93000030517578,81.55999755859375,81.7300033569336,62.38407516479492,3238200
2016-02-04,81.73999786376953,81.86000061035156,81.69000244140625,81.79000091552734,62.429893493652344,1179000
2016-02-05,81.69999694824219,81.80000305175781,81.5999984741211,81.70999908447266,62.36878204345703,2360200
2016-02-08,81.91999816894531,82.13999938964844,81.8499984741211,82.05999755859375,62.63597869873047,2519500
2016-02-09,82.20999908447266,82.22000122070312,81.97000122070312,82.05000305175781,62.628299713134766,2354500
2016-02-10,82.0999984741211,82.2300033569336,81.91999816894531,82.22000122070312,62.75807189941406,2553900
2016-02-11,82.5,82.58000183105469,82.22000122070312,82.2699966430664,62.79621887207031,1887700
2016-02-12,82.16000366210938,82.19999694824219,81.88999938964844,82.0,62.590152740478516,1474600
2016-02-16,81.88999938964844,81.93000030517578,81.80000305175781,81.87999725341797,62.498558044433594,1488800
2016-02-17,81.80999755859375,81.87999725341797,81.66000366210938,81.86000061035156,62.4832878112793,2158200
2016-02-18,81.86000061035156,82.1500015258789,81.86000061035156,82.13999938964844,62.697017669677734,1819100
2016-02-19,82.05999755859375,82.1500015258789,82.0,82.02999877929688,62.613033294677734,1862600
2016-02-22,82.05000305175781,82.08999633789062,81.97000122070312,82.05000305175781,62.628299713134766,1596900
2016-02-23,81.94000244140625,82.2300033569336,81.9000015258789,82.0999984741211,62.666481018066406,2243700
2016-02-24,82.23999786376953,82.48999786376953,82.11000061035156,82.16000366210938,62.7122688293457,2434300
2016-02-25,82.23999786376953,82.38999938964844,82.2300033569336,82.27999877929688,62.80387496948242,2407600
2016-02-26,82.12000274658203,82.20999908447266,82.02999877929688,82.19999694824219,62.742794036865234,1628400
2016-02-29,82.12999725341797,82.31999969482422,82.12999725341797,82.25,62.78102111816406,1827800
2016-03-01,82.16999816894531,82.16999816894531,81.7300033569336,81.80999755859375,62.570640563964844,2546300
2016-03-02,81.75,81.80999755859375,81.6500015258789,81.76000213623047,62.532405853271484,2137300
2016-03-03,81.77999877929688,81.94000244140625,81.73999786376953,81.80000305175781,62.56300735473633,2750500
2016-03-04,81.8499984741211,81.87000274658203,81.6500015258789,81.76000213623047,62.532405853271484,1147700
2016-03-07,81.70999908447266,81.77999877929688,81.66999816894531,81.73999786376953,62.51707458496094,1303200
2016-03-08,82.06999969482422,82.12999725341797,82.0,82.01000213623047,62.72361755371094,1713100
2016-03-09,81.88999938964844,82.0,81.83999633789062,81.87000274658203,62.61653137207031,2010000
2016-03-10,81.95999908447266,82.0199966430664,81.76000213623047,81.83000183105469,62.5859260559082,1785600
2016-03-11,81.9000015258789,81.9000015258789,81.72000122070312,81.72000122070312,62.501800537109375,1422300
2016-03-14,81.83000183105469,81.97000122070312,81.80000305175781,81.9000015258789,62.63948059082031,1534200
2016-03-15,81.9800033569336,82.01000213623047,81.79000091552734,81.81999969482422,62.57826614379883,1870200
2016-03-16,81.76000213623047,82.13999938964844,81.70999908447266,82.13999938964844,62.82305145263672,1402900
2016-03-17,82.20999908447266,82.33999633789062,82.18000030517578,82.31999969482422,62.96067810058594,1571000
2016-03-18,82.38999938964844,82.45999908447266,82.31999969482422,82.38999938964844,63.01422882080078,1219400
2016-03-21,82.30000305175781,82.30000305175781,82.20999908447266,82.23999786376953,62.899513244628906,1613600
2016-03-22,82.38999938964844,82.41999816894531,82.19000244140625,82.22000122070312,62.884212493896484,2150200
2016-03-23,82.2699966430664,82.41000366210938,82.2300033569336,82.4000015258789,63.021881103515625,1234500
2016-03-24,82.5199966430664,82.5199966430664,82.20999908447266,82.30000305175781,62.94540786743164,1752300
2016-03-28,82.29000091552734,82.44000244140625,82.27999877929688,82.33999633789062,62.97598648071289,2369600
2016-03-29,82.44999694824219,82.73999786376953,82.41999816894531,82.68000030517578,63.236061096191406,1841800
2016-03-30,82.62999725341797,82.73999786376953,82.54000091552734,82.6500015258789,63.213104248046875,1624300
2016-03-31,82.72000122070312,82.91999816894531,82.69000244140625,82.80999755859375,63.335472106933594,3037600
2016-04-01,82.6500015258789,82.79000091552734,82.52999877929688,82.7300033569336,63.406761169433594,3027400
2016-04-04,82.7699966430664,82.86000061035156,82.69999694824219,82.7300033569336,63.406761169433594,1452400
2016-04-05,82.95999908447266,82.98999786376953,82.87999725341797,82.87999725341797,63.52174377441406,2149200
2016-04-06,82.9000015258789,82.91999816894531,82.80000305175781,82.83999633789062,63.491050720214844,1833100
2016-04-07,83.08000183105469,83.1500015258789,83.0,83.11000061035156,63.698001861572266,1533400
2016-04-08,83.05999755859375,83.06999969482422,82.97000122070312,83.04000091552734,63.644351959228516,1402100
2016-04-11,82.98999786376953,83.06999969482422,82.93000030517578,83.02999877929688,63.636661529541016,1214400
2016-04-12,82.91999816894531,82.9800033569336,82.81999969482422,82.9000015258789,63.53702163696289,2388000
2016-04-13,82.87000274658203,83.0,82.80000305175781,82.94999694824219,63.57537841796875,1749400
2016-04-14,82.94999694824219,82.9800033569336,82.8499984741211,82.87999725341797,63.52174377441406,1617200
2016-04-15,82.98999786376953,83.13999938964844,82.95999908447266,83.06999969482422,63.667327880859375,1181000
2016-04-18,83.0199966430664,83.04000091552734,82.95999908447266,83.04000091552734,63.644351959228516,1395400
2016-04-19,83.04000091552734,83.08999633789062,82.94000244140625,83.08999633789062,63.68265151977539,1163600
2016-04-20,83.11000061035156,83.1500015258789,82.86000061035156,82.86000061035156,63.50638198852539,2388600
2016-04-21,82.80000305175781,82.86000061035156,82.68000030517578,82.76000213623047,63.42973709106445,1683900
2016-04-22,82.81999969482422,82.87999725341797,82.70999908447266,82.7300033569336,63.406761169433594,5115300
2016-04-25,82.72000122070312,82.7699966430664,82.62000274658203,82.62999725341797,63.33008575439453,2483300
2016-04-26,82.66999816894531,82.66999816894531,82.44000244140625,82.51000213623047,63.238128662109375,1689600
2016-04-27,82.61000061035156,82.80999755859375,82.55000305175781,82.76000213623047,63.42973709106445,1456400
2016-04-28,82.77999877929688,82.97000122070312,82.73999786376953,82.91000366210938,63.544734954833984,1625800
2016-04-29,82.87000274658203,82.9800033569336,82.81999969482422,82.97000122070312,63.59068298339844,2856900
2016-05-02,82.77999877929688,82.77999877929688,82.62999725341797,82.66000366210938,63.47857666015625,2443700
2016-05-03,82.94999694824219,82.95999908447266,82.83999633789062,82.88999938964844,63.65520477294922,1765500
2016-05-04,82.94000244140625,83.01000213623047,82.83000183105469,82.91999816894531,63.67824172973633,2868300
2016-05-05,82.95999908447266,83.0999984741211,82.87000274658203,83.06999969482422,63.79343032836914,1270700
2016-05-06,83.06999969482422,83.0999984741211,82.97000122070312,83.02999877929688,63.7627067565918,1520600
2016-05-09,83.11000061035156,83.13999938964844,83.02999877929688,83.08999633789062,63.80877685546875,1373200
2016-05-10,83.08999633789062,83.16000366210938,83.02999877929688,83.08999633789062,63.80877685546875,1889300
2016-05-11,83.13999938964844,83.26000213623047,83.06999969482422,83.11000061035156,63.82415771484375,2381000
2016-05-12,83.0999984741211,83.18000030517578,83.05999755859375,83.12000274658203,63.83181381225586,1653300
2016-05-13,83.16000366210938,83.23999786376953,83.08999633789062,83.20999908447266,63.90092849731445,1397400
2016-05-16,83.1500015258789,83.1500015258789,83.0199966430664,83.02999877929688,63.7627067565918,3132000
2016-05-17,83.12999725341797,83.12999725341797,82.94000244140625,82.97000122070312,63.71662902832031,1735900
2016-05-18,82.91999816894531,82.91999816894531,82.5199966430664,82.58000183105469,63.41712951660156,1685900
2016-05-19,82.62999725341797,82.69000244140625,82.58999633789062,82.66999816894531,63.48625183105469,1464000
2016-05-20,82.66000366210938,82.7699966430664,82.62000274658203,82.66999816894531,63.48625183105469,2044000
2016-05-23,82.7300033569336,82.7699966430664,82.62999725341797,82.69000244140625,63.501617431640625,1310700
2016-05-24,82.69000244140625,82.69999694824219,82.55999755859375,82.6500015258789,63.470890045166016,2656800
2016-05-25,82.66999816894531,82.69999694824219,82.58999633789062,82.62000274658203,63.447818756103516,1474800
2016-05-26,82.72000122070312,82.81999969482422,82.66999816894531,82.76000213623047,63.555362701416016,1571700
2016-05-27,82.80000305175781,82.80999755859375,82.6500015258789,82.7300033569336,63.53234100341797,2045600
2016-05-31,82.66000366210938,82.88999938964844,82.5999984741211,82.80000305175781,63.58606719970703,1361400
2016-06-01,82.73999786376953,82.77999877929688,82.5999984741211,82.66000366210938,63.60841751098633,1625600
2016-06-02,82.75,82.88999938964844,82.7300033569336,82.81999969482422,63.73151779174805,1503200
2016-06-03,83.22000122070312,83.37000274658203,83.16999816894531,83.33999633789062,64.13168334960938,1964500
2016-06-06,83.2300033569336,83.25,83.12999725341797,83.20999908447266,64.03165435791016,1603100
2016-06-07,83.27999877929688,83.30000305175781,83.19999694824219,83.22000122070312,64.03931427001953,1283100
2016-06-08,83.30000305175781,83.33000183105469,83.25,83.31999969482422,64.11628723144531,1374500
2016-06-09,83.47000122070312,83.47000122070312,83.37000274658203,83.4000015258789,64.17784881591797,1611200
2016-06-10,83.48999786376953,83.58000183105469,83.43000030517578,83.4800033569336,64.23938751220703,1575300
2016-06-13,83.55999755859375,83.58000183105469,83.4800033569336,83.5,64.25482177734375,1681500
2016-06-14,83.62000274658203,83.62000274658203,83.47000122070312,83.48999786376953,64.2470703125,1524200
2016-06-15,83.55999755859375,83.75,83.54000091552734,83.68000030517578,64.39330291748047,1345100
2016-06-16,83.81999969482422,83.91000366210938,83.69000244140625,83.7699966430664,64.46260070800781,1111400
2016-06-17,83.70999908447266,83.73999786376953,83.58999633789062,83.6500015258789,64.37025451660156,1860800
2016-06-20,83.4800033569336,83.52999877929688,83.44000244140625,83.45999908447266,64.22402954101562,2347500
2016-06-21,83.4800033569336,83.5,83.33000183105469,83.3499984741211,64.13935089111328,1785100
2016-06-22,83.37999725341797,83.41999816894531,83.31999969482422,83.37999725341797,64.16243743896484,1337700
2016-06-23,83.2699966430664,83.37000274658203,83.22000122070312,83.2300033569336,64.04703521728516,1152800
2016-06-24,83.83999633789062,83.91999816894531,83.66999816894531,83.69999694824219,64.40869140625,2030400
2016-06-27,84.16000366210938,84.16999816894531,84.01000213623047,84.12000274658203,64.73191833496094,2465500
2016-06-28,84.25,84.25,84.12000274658203,84.22000122070312,64.80887603759766,2971800
2016-06-29,84.31999969482422,84.33000183105469,84.12999725341797,84.19000244140625,64.78572082519531,2425700
2016-06-30,84.20999908447266,84.41000366210938,84.19000244140625,84.30000305175781,64.8703842163086,3362300
2016-07-01,84.44000244140625,84.4800033569336,84.23999786376953,84.37000274658203,65.05081176757812,2531600
2016-07-05,84.5999984741211,84.70999908447266,84.48999786376953,84.66000366210938,65.27442932128906,3193800
2016-07-06,84.73999786376953,84.80999755859375,84.62999725341797,84.80999755859375,65.39008331298828,1936800
2016-07-07,84.66999816894531,84.7699966430664,84.58000183105469,84.66999816894531,65.28215789794922,2032500
2016-07-08,84.80000305175781,84.91999816894531,84.68000030517578,84.88999938964844,65.45174407958984,1748000
2016-07-11,84.80999755859375,84.83999633789062,84.61000061035156,84.63999938964844,65.25900268554688,2617100
2016-07-12,84.52999877929688,84.52999877929688,84.2300033569336,84.30000305175781,64.996826171875,1775400
2016-07-13,84.51000213623047,84.52999877929688,84.43000030517578,84.44999694824219,65.11251831054688,1352500
2016-07-14,84.30000305175781,84.38999938964844,84.23999786376953,84.31999969482422,65.01232147216797,1621500
2016-07-15,84.26000213623047,84.26000213623047,84.0,84.05000305175781,64.80416107177734,2233900
2016-07-18,84.19999694824219,84.20999908447266,84.0,84.08000183105469,64.82726287841797,2155800
2016-07-19,84.16999816894531,84.2300033569336,84.11000061035156,84.20999908447266,64.92745971679688,1559600
2016-07-20,84.16000366210938,84.16000366210938,84.05000305175781,84.12000274658203,64.85810852050781,1688100
2016-07-21,84.05000305175781,84.2300033569336,83.94999694824219,84.22000122070312,64.93519592285156,2076000
2016-07-22,84.13999938964844,84.27999877929688,84.08999633789062,84.2300033569336,64.94293212890625,1612000
2016-07-25,84.2300033569336,84.27999877929688,84.13999938964844,84.18000030517578,64.9043197631836,1204600
2016-07-26,84.2699966430664,84.2699966430664,84.11000061035156,84.16999816894531,64.89662170410156,2385100
2016-07-27,84.22000122070312,84.41999816894531,84.19999694824219,84.41999816894531,65.08937072753906,1575400
2016-07-28,84.36000061035156,84.44999694824219,84.2699966430664,84.37000274658203,65.05081176757812,1418900
2016-07-29,84.48999786376953,84.63999938964844,84.44000244140625,84.63999938964844,65.25900268554688,2757900
2016-08-01,84.25,84.44000244140625,84.19999694824219,84.20999908447266,65.05429077148438,3705700
2016-08-02,84.18000030517578,84.25,84.05000305175781,84.12999725341797,64.99249267578125,4575700
2016-08-03,84.12999725341797,84.18000030517578,83.9800033569336,84.12999725341797,64.99249267578125,3472400
2016-08-04,84.2699966430664,84.37999725341797,84.23999786376953,84.27999877929688,65.1083755493164,1202000
2016-08-05,84.25,84.25,83.9800033569336,84.0,64.89205169677734,2018700
2016-08-08,83.95999908447266,84.06999969482422,83.87999725341797,84.01000213623047,64.8997802734375,1843100
2016-08-09,84.05999755859375,84.25,84.05000305175781,84.25,65.08517456054688,2262700
2016-08-10,84.30999755859375,84.38999938964844,84.25,84.36000061035156,65.17018127441406,1672200
2016-08-11,84.38999938964844,84.38999938964844,84.08000183105469,84.13999938964844,65.00019836425781,1760100
2016-08-12,84.41000366210938,84.47000122070312,84.30999755859375,84.33000183105469,65.14700317382812,1606000
2016-08-15,84.22000122070312,84.31999969482422,84.18000030517578,84.19000244140625,65.0388412475586,1942500
2016-08-16,84.22000122070312,84.2300033569336,84.11000061035156,84.1500015258789,65.00788879394531,2163100
2016-08-17,84.19000244140625,84.33999633789062,84.1500015258789,84.27999877929688,65.1083755493164,2024600
2016-08-18,84.31999969482422,84.41000366210938,84.23999786376953,84.37000274658203,65.17787170410156,1750900
2016-08-19,84.22000122070312,84.26000213623047,84.08000183105469,84.19999694824219,65.04652404785156,1995100
2016-08-22,84.29000091552734,84.3499984741211,84.2300033569336,84.31999969482422,65.1392593383789,1388100
2016-08-23,84.44000244140625,84.44999694824219,84.31999969482422,84.36000061035156,65.17018127441406,1668300
2016-08-24,84.43000030517578,84.44999694824219,84.31999969482422,84.3499984741211,65.16242218017578,2083300
2016-08-25,84.31999969482422,84.37999725341797,84.25,84.26000213623047,65.09291076660156,1737800
2016-08-26,84.37999725341797,84.48999786376953,84.05000305175781,84.05000305175781,64.93071746826172,2874500
2016-08-29,84.2300033569336,84.33999633789062,84.18000030517578,84.33999633789062,65.15471649169922,1446800
2016-08-30,84.36000061035156,84.36000061035156,84.2300033569336,84.2699966430664,65.10063171386719,4750700
2016-08-31,84.30000305175781,84.3499984741211,84.20999908447266,84.20999908447266,65.05429077148438,1911900
2016-09-01,83.9000015258789,84.19000244140625,83.9000015258789,84.16000366210938,65.14405822753906,3108600
2016-09-02,84.12999725341797,84.12999725341797,83.94000244140625,84.04000091552734,65.05120849609375,1797500
2016-09-06,84.0999984741211,84.3499984741211,84.0199966430664,84.29000091552734,65.24468994140625,4316100
2016-09-07,84.4000015258789,84.4000015258789,84.27999877929688,84.30000305175781,65.25241088867188,1849500
2016-09-08,84.16999816894531,84.20999908447266,83.87000274658203,83.9800033569336,65.00476837158203,3475600
2016-09-09,83.70999908447266,83.80999755859375,83.56999969482422,83.61000061035156,64.71833801269531,2888900
2016-09-12,83.55000305175781,83.68000030517578,83.51000213623047,83.63999938964844,64.74156188964844,3191000
2016-09-13,83.7699966430664,83.7699966430664,83.29000091552734,83.4000015258789,64.5558090209961,2669800
2016-09-14,83.41999816894531,83.5999984741211,83.4000015258789,83.51000213623047,64.64092254638672,2124500
2016-09-15,83.47000122070312,83.61000061035156,83.4000015258789,83.58000183105469,64.69509887695312,1817200
2016-09-16,83.6500015258789,83.69000244140625,83.55000305175781,83.6500015258789,64.74928283691406,1307800
2016-09-19,83.63999938964844,83.66999816894531,83.55999755859375,83.58999633789062,64.70287322998047,1558100
2016-09-20,83.66000366210938,83.76000213623047,83.61000061035156,83.61000061035156,64.71833801269531,1260900
2016-09-21,83.55000305175781,83.8499984741211,83.52999877929688,83.8499984741211,64.90410614013672,1979800
2016-09-22,83.94000244140625,84.0999984741211,83.91000366210938,84.0199966430664,65.03572082519531,1473900
2016-09-23,84.02999877929688,84.08000183105469,83.9800033569336,84.0,65.02022552490234,1441500
2016-09-26,84.08000183105469,84.16999816894531,84.05000305175781,84.13999938964844,65.12857055664062,1709200
2016-09-27,84.26000213623047,84.2699966430664,84.12999725341797,84.23999786376953,65.20597839355469,2458100
2016-09-28,84.23999786376953,84.30000305175781,84.18000030517578,84.23999786376953,65.20597839355469,2284600
2016-09-29,84.13999938964844,84.30999755859375,84.11000061035156,84.25,65.2137222290039,2886200
2016-09-30,84.25,84.27999877929688,84.0199966430664,84.13999938964844,65.12857055664062,1663600
2016-10-03,83.94999694824219,84.01000213623047,83.83999633789062,83.88999938964844,65.0595932006836,1509200
2016-10-04,83.83999633789062,83.8499984741211,83.5999984741211,83.61000061035156,64.84245300292969,1815500
2016-10-05,83.66000366210938,83.66999816894531,83.44000244140625,83.47000122070312,64.73388671875,2666100
2016-10-06,83.45999908447266,83.55999755859375,83.37999725341797,83.44000244140625,64.7105941772461,1148500
2016-10-07,83.5199966430664,83.52999877929688,83.30999755859375,83.51000213623047,64.76483154296875,1783300
2016-10-10,83.37999725341797,83.43000030517578,83.30999755859375,83.41999816894531,64.695068359375,1425500
2016-10-11,83.37999725341797,83.43000030517578,83.27999877929688,83.29000091552734,64.59426879882812,1476700
2016-10-12,83.30000305175781,83.36000061035156,83.2300033569336,83.33999633789062,64.63302612304688,1286400
2016-10-13,83.5199966430664,83.54000091552734,83.43000030517578,83.44000244140625,64.7105941772461,1625500
2016-10-14,83.33999633789062,83.45999908447266,83.26000213623047,83.2699966430664,64.57876586914062,1379900
2016-10-17,83.33000183105469,83.47000122070312,83.27999877929688,83.44999694824219,64.71833801269531,1008900
2016-10-18,83.37999725341797,83.56999969482422,83.37000274658203,83.55999755859375,64.80363464355469,1167300
2016-10-19,83.51000213623047,83.62000274658203,83.5,83.62000274658203,64.85018920898438,1546400
2016-10-20,83.62999725341797,83.68000030517578,83.52999877929688,83.56999969482422,64.81138610839844,1283200
2016-10-21,83.5999984741211,83.6500015258789,83.52999877929688,83.63999938964844,64.8656997680664,1018800
2016-10-24,83.6500015258789,83.6500015258789,83.44999694824219,83.5199966430664,64.77259826660156,1453900
2016-10-25,83.4800033569336,83.5999984741211,83.45999908447266,83.5199966430664,64.77259826660156,1462100
2016-10-26,83.38999938964844,83.44999694824219,83.33999633789062,83.37000274658203,64.65628814697266,1144500
2016-10-27,83.16999816894531,83.19999694824219,83.0199966430664,83.13999938964844,64.47792053222656,1848200
2016-10-28,83.08999633789062,83.18000030517578,83.06999969482422,83.0999984741211,64.4468994140625,1574400
2016-10-31,83.20999908447266,83.25,83.13999938964844,83.19000244140625,64.51670837402344,1664700
2016-11-01,82.88999938964844,83.06999969482422,82.83000183105469,83.0,64.4957275390625,1623500
2016-11-02,83.05999755859375,83.19999694824219,83.0,83.08000183105469,64.55789184570312,3138400
2016-11-03,83.05999755859375,83.12999725341797,83.01000213623047,83.02999877929688,64.51905822753906,2335700
2016-11-04,83.08000183105469,83.23999786376953,83.08000183105469,83.18000030517578,64.6355972290039,1047000
2016-11-07,83.16000366210938,83.16000366210938,83.05999755859375,83.06999969482422,64.55007934570312,1290000
2016-11-08,83.12000274658203,83.12999725341797,82.9000015258789,82.91999816894531,64.43355560302734,2509100
2016-11-09,82.5,82.61000061035156,82.0199966430664,82.0999984741211,63.7963752746582,3448800
2016-11-10,81.98999786376953,82.0999984741211,81.73999786376953,81.75,63.5244026184082,2836000
2016-11-11,81.72000122070312,81.83000183105469,81.56999969482422,81.5999984741211,63.407833099365234,1580900
2016-11-14,81.44000244140625,81.5,81.20999908447266,81.29000091552734,63.16694641113281,2079400
2016-11-15,81.43000030517578,81.52999877929688,81.37000274658203,81.4000015258789,63.25238037109375,2098100
2016-11-16,81.47000122070312,81.58000183105469,81.41999816894531,81.56999969482422,63.384552001953125,1629100
2016-11-17,81.44000244140625,81.4800033569336,81.22000122070312,81.23999786376953,63.12805938720703,1762200
2016-11-18,81.27999877929688,81.3499984741211,81.0,81.04000091552734,62.97269058227539,1561600
2016-11-21,81.0999984741211,81.1500015258789,81.0,81.02999877929688,62.96490478515625,2074000
2016-11-22,81.19000244140625,81.22000122070312,81.06999969482422,81.0999984741211,63.01927185058594,1866900
2016-11-23,80.88999938964844,81.0,80.69999694824219,80.88999938964844,62.85612869262695,1642900
2016-11-25,80.91000366210938,80.98999786376953,80.81999969482422,80.91999816894531,62.87944793701172,942700
2016-11-28,81.01000213623047,81.13999938964844,81.0,81.11000061035156,63.02706527709961,1352600
2016-11-29,81.01000213623047,81.23999786376953,81.0,81.16999816894531,63.07373809814453,1583600
2016-11-30,80.93000030517578,81.04000091552734,80.80000305175781,80.88999938964844,62.85612869262695,2372200
2016-12-01,80.4800033569336,80.5199966430664,80.2699966430664,80.43000030517578,62.62253952026367,2998200
2016-12-02,80.62000274658203,80.87000274658203,80.61000061035156,80.72000122070312,62.84836959838867,1951400
2016-12-05,80.5999984741211,80.91000366210938,80.54000091552734,80.81999969482422,62.926212310791016,2479500
2016-12-06,80.8499984741211,80.87999725341797,80.7699966430664,80.80999755859375,62.918418884277344,2337800
2016-12-07,80.93000030517578,81.05999755859375,80.9000015258789,81.0,63.06635665893555,4273100
2016-12-08,80.88999938964844,80.9000015258789,80.77999877929688,80.83999633789062,62.941734313964844,2323000
2016-12-09,80.80000305175781,80.8499984741211,80.52999877929688,80.5999984741211,62.75489044189453,2697000
2016-12-12,80.5,80.58999633789062,80.43000030517578,80.51000213623047,62.68484878540039,3464800
2016-12-13,80.6500015258789,80.69999694824219,80.4800033569336,80.5999984741211,62.75489044189453,4372500
2016-12-14,80.76000213623047,80.77999877929688,80.18000030517578,80.19000244140625,62.43566131591797,2971300
2016-12-15,80.19999694824219,80.26000213623047,80.05999755859375,80.06999969482422,62.342247009277344,2651200
2016-12-16,80.1500015258789,80.2699966430664,80.02999877929688,80.13999938964844,62.39675521850586,3080100
2016-12-19,80.33999633789062,80.4000015258789,80.23999786376953,80.3499984741211,62.56025695800781,2936800
2016-12-20,80.2300033569336,80.37000274658203,80.19999694824219,80.36000061035156,62.568023681640625,5853400
2016-12-21,80.44000244140625,80.5,80.38999938964844,80.4800033569336,62.6614990234375,2752300
2016-12-22,80.16999816894531,80.27999877929688,80.16999816894531,80.22000122070312,62.61854934692383,2851500
2016-12-23,80.36000061035156,80.36000061035156,80.26000213623047,80.26000213623047,62.6497802734375,2096800
2016-12-27,80.12999725341797,80.19999694824219,80.12000274658203,80.19999694824219,62.602935791015625,2178300
2016-12-28,80.23999786376953,80.47000122070312,80.18000030517578,80.4000015258789,62.759071350097656,4097100
2016-12-29,80.54000091552734,80.6500015258789,80.4800033569336,80.62000274658203,62.930789947509766,3115800
2016-12-30,80.62999725341797,80.83000183105469,80.62000274658203,80.79000091552734,63.06346130371094,2338200
2017-01-03,80.55000305175781,80.83999633789062,80.5,80.80000305175781,63.07130813598633,3312600
2017-01-04,80.83999633789062,80.87999725341797,80.75,80.86000061035156,63.118106842041016,3095000
2017-01-05,80.9800033569336,81.27999877929688,80.9000015258789,81.2699966430664,63.43816375732422,3890400
2017-01-06,81.0999984741211,81.12999725341797,80.94999694824219,80.94999694824219,63.1883659362793,2287900
2017-01-09,81.16999816894531,81.18000030517578,81.08999633789062,81.1500015258789,63.34445571899414,1785900
2017-01-10,81.13999938964844,81.18000030517578,81.05999755859375,81.12999725341797,63.328861236572266,2250700
2017-01-11,81.13999938964844,81.43000030517578,81.05999755859375,81.16999816894531,63.36009979248047,2327600
2017-01-12,81.37000274658203,81.41999816894531,81.1500015258789,81.19000244140625,63.375709533691406,2981200
2017-01-13,81.12000274658203,81.1500015258789,80.91000366210938,81.05999755859375,63.274234771728516,2425000
2017-01-17,81.33999633789062,81.4000015258789,81.20999908447266,81.30999755859375,63.469383239746094,2188600
2017-01-18,81.20999908447266,81.20999908447266,80.87999725341797,80.88999938964844,63.14152908325195,1981700
2017-01-19,80.77999877929688,80.83999633789062,80.63999938964844,80.75,63.03221893310547,2121300
2017-01-20,80.66999816894531,80.8499984741211,80.62000274658203,80.80999755859375,63.0790901184082,1836300
2017-01-23,80.81999969482422,81.19000244140625,80.81999969482422,81.02999877929688,63.25082015991211,1490200
2017-01-24,80.97000122070312,81.05000305175781,80.81999969482422,80.91000366210938,63.157127380371094,2136000
2017-01-25,80.73999786376953,80.79000091552734,80.62000274658203,80.66999816894531,62.969844818115234,1897400
2017-01-26,80.62000274658203,80.7300033569336,80.5199966430664,80.69999694824219,62.99321746826172,2381600
2017-01-27,80.73999786376953,80.83999633789062,80.73999786376953,80.79000091552734,63.06346130371094,1768700
2017-01-30,80.77999877929688,80.88999938964844,80.75,80.7699966430664,63.047882080078125,2699500
2017-01-31,80.80000305175781,81.0199966430664,80.80000305175781,80.94000244140625,63.180545806884766,2857600
2017-02-01,80.55999755859375,80.75,80.5,80.62999725341797,63.06949996948242,2313400
2017-02-02,80.79000091552734,80.8499984741211,80.66999816894531,80.68000030517578,63.10860824584961,1745400
2017-02-03,80.86000061035156,80.94000244140625,80.61000061035156,80.69999694824219,63.12424087524414,2398900
2017-02-06,80.95999908447266,81.01000213623047,80.80000305175781,80.94999694824219,63.31980895996094,3238100
2017-02-07,80.95999908447266,81.1500015258789,80.9000015258789,81.08000183105469,63.42144775390625,5239300
2017-02-08,81.08000183105469,81.3499984741211,81.08000183105469,81.30000305175781,63.593570709228516,2172700
2017-02-09,81.13999938964844,81.22000122070312,81.02999877929688,81.08000183105469,63.42144775390625,3410400
2017-02-10,80.94999694824219,81.08999633789062,80.94000244140625,81.05999755859375,63.40581512451172,2011900
2017-02-13,80.9800033569336,81.01000213623047,80.87999725341797,80.97000122070312,63.33542251586914,1863000
2017-02-14,80.94000244140625,80.97000122070312,80.66000366210938,80.80000305175781,63.20248794555664,2178300
2017-02-15,80.61000061035156,80.72000122070312,80.5999984741211,80.66999816894531,63.10074996948242,1503700
2017-02-16,80.73999786376953,80.94000244140625,80.7300033569336,80.81999969482422,63.218109130859375,3290700
2017-02-17,81.0,81.05000305175781,80.95999908447266,81.01000213623047,63.366695404052734,1520000
2017-02-21,80.94000244140625,81.08000183105469,80.9000015258789,81.0,63.35891342163086,1811300
2017-02-22,81.16999816894531,81.16999816894531,80.87999725341797,81.05000305175781,63.398048400878906,1965800
2017-02-23,81.16999816894531,81.19999694824219,81.12999725341797,81.19999694824219,63.51532745361328,1590500
2017-02-24,81.36000061035156,81.5199966430664,81.31999969482422,81.5,63.75001907348633,1703800
2017-02-27,81.45999908447266,81.47000122070312,81.29000091552734,81.33000183105469,63.61707305908203,2005600
2017-02-28,81.33000183105469,81.41000366210938,81.26000213623047,81.2699966430664,63.57013702392578,1975700
2017-03-01,80.77999877929688,80.80999755859375,80.70999908447266,80.77999877929688,63.309906005859375,2954300
2017-03-02,80.70999908447266,80.72000122070312,80.54000091552734,80.62999725341797,63.192352294921875,2077300
2017-03-03,80.63999938964844,80.69000244140625,80.52999877929688,80.69000244140625,63.239383697509766,2242600
2017-03-06,80.72000122070312,80.72000122070312,80.56999969482422,80.63999938964844,63.20017623901367,1880900
2017-03-07,80.5999984741211,80.62999725341797,80.48999786376953,80.48999786376953,63.08259582519531,1644800
2017-03-08,80.23999786376953,80.3499984741211,80.20999908447266,80.30000305175781,62.9337272644043,2172700
2017-03-09,80.16000366210938,80.18000030517578,80.0199966430664,80.05000305175781,62.73779296875,2761300
2017-03-10,80.13999938964844,80.2300033569336,80.0999984741211,80.20999908447266,62.86316680908203,3430900
2017-03-13,80.12000274658203,80.20999908447266,80.02999877929688,80.05000305175781,62.73779296875,2164600
2017-03-14,80.02999877929688,80.13999938964844,80.0199966430664,80.04000091552734,62.729957580566406,3620700
2017-03-15,80.16000366210938,80.55000305175781,80.12999725341797,80.54000091552734,63.121788024902344,2281200
2017-03-16,80.4800033569336,80.52999877929688,80.41000366210938,80.41999816894531,63.02777099609375,2617800
2017-03-17,80.47000122070312,80.61000061035156,80.47000122070312,80.58000183105469,63.15315628051758,1293000
2017-03-20,80.58999633789062,80.75,80.56999969482422,80.73999786376953,63.2785530090332,1510900
2017-03-21,80.69999694824219,80.93000030517578,80.66000366210938,80.93000030517578,63.42744827270508,2079000
2017-03-22,81.0,81.11000061035156,80.94999694824219,81.04000091552734,63.5136604309082,1339600
2017-03-23,81.06999969482422,81.0999984741211,80.88999938964844,81.0,63.48231887817383,1790300
2017-03-24,80.94000244140625,81.06999969482422,80.93000030517578,80.9800033569336,63.46664047241211,3736700
2017-03-27,81.19999694824219,81.22000122070312,81.08999633789062,81.1500015258789,63.59988784790039,1870300
2017-03-28,81.2300033569336,81.2300033569336,80.95999908447266,81.0,63.48231887817383,1990800
2017-03-29,81.05000305175781,81.16000366210938,81.02999877929688,81.16000366210938,63.60769271850586,1356800
2017-03-30,81.0999984741211,81.11000061035156,80.97000122070312,81.02999877929688,63.50583267211914,1403500
2017-03-31,81.01000213623047,81.0999984741211,81.01000213623047,81.08000183105469,63.544986724853516,2399400
2017-04-03,80.97000122070312,81.19999694824219,80.91000366210938,81.19999694824219,63.775936126708984,2142600
2017-04-04,81.18000030517578,81.18000030517578,81.08000183105469,81.11000061035156,63.70526123046875,1983200
2017-04-05,81.06999969482422,81.23999786376953,81.0199966430664,81.18000030517578,63.760223388671875,2050500
2017-04-06,81.18000030517578,81.2300033569336,81.05999755859375,81.20999908447266,63.78378677368164,1855300
2017-04-07,81.30000305175781,81.36000061035156,81.01000213623047,81.02999877929688,63.64242935180664,1608200
2017-04-10,81.12000274658203,81.19000244140625,81.06999969482422,81.11000061035156,63.70526123046875,1481700
2017-04-11,81.23999786376953,81.41000366210938,81.2300033569336,81.37000274658203,63.90943145751953,1340500
2017-04-12,81.36000061035156,81.55999755859375,81.33000183105469,81.55999755859375,64.05866241455078,1801600
2017-04-13,81.61000061035156,81.7300033569336,81.5199966430664,81.68000030517578,64.15290832519531,1393500
2017-04-17,81.69000244140625,81.7300033569336,81.54000091552734,81.62999725341797,64.11363983154297,1494600
2017-04-18,81.72000122070312,81.97000122070312,81.72000122070312,81.91999816894531,64.34142303466797,1782800
2017-04-19,81.83000183105469,81.83000183105469,81.72000122070312,81.7699966430664,64.22362518310547,1437000
2017-04-20,81.73999786376953,81.73999786376953,81.58000183105469,81.66000366210938,64.1372299194336,1425700
2017-04-21,81.7300033569336,81.79000091552734,81.66000366210938,81.68000030517578,64.15290832519531,1241700
2017-04-24,81.4800033569336,81.58999633789062,81.43000030517578,81.56999969482422,64.06652069091797,2665700
2017-04-25,81.41000366210938,81.45999908447266,81.2699966430664,81.31999969482422,63.870155334472656,1670900
2017-04-26,81.29000091552734,81.41999816894531,81.26000213623047,81.4000015258789,63.9329948425293,1876200
2017-04-27,81.41999816894531,81.52999877929688,81.37000274658203,81.45999908447266,63.980167388916016,1543100
2017-04-28,81.4000015258789,81.58999633789062,81.36000061035156,81.55000305175781,64.05082702636719,2100000
2017-05-01,81.33999633789062,81.41000366210938,81.13999938964844,81.2300033569336,63.931190490722656,1478100
2017-05-02,81.23999786376953,81.37999725341797,81.19999694824219,81.37000274658203,64.04136657714844,1664300
2017-05-03,81.4000015258789,81.44999694824219,81.22000122070312,81.27999877929688,63.97055435180664,2948400
2017-05-04,81.13999938964844,81.19999694824219,81.08999633789062,81.19000244140625,63.899696350097656,1216100
2017-05-05,81.19999694824219,81.23999786376953,81.0999984741211,81.23999786376953,63.9390869140625,1658900
2017-05-08,81.19000244140625,81.20999908447266,81.05999755859375,81.0999984741211,63.82887649536133,1832300
2017-05-09,81.05000305175781,81.0999984741211,81.0,81.05999755859375,63.79740905761719,2532200
2017-05-10,81.13999938964844,81.19999694824219,81.01000213623047,81.05000305175781,63.7895393371582,1845500
2017-05-11,81.0,81.11000061035156,80.93000030517578,81.11000061035156,63.836769104003906,1421500
2017-05-12,81.29000091552734,81.37999725341797,81.25,81.3499984741211,64.02566528320312,1510300
2017-05-15,81.30000305175781,81.38999938964844,81.30000305175781,81.33000183105469,64.00992584228516,1823500
2017-05-16,81.36000061035156,81.51000213623047,81.36000061035156,81.41000366210938,64.07281494140625,1760600
2017-05-17,81.62999725341797,81.87000274658203,81.62999725341797,81.8499984741211,64.41913604736328,1987100
2017-05-18,81.87000274658203,81.88999938964844,81.73999786376953,81.77999877929688,64.36408233642578,1881800
2017-05-19,81.80999755859375,81.83000183105469,81.69999694824219,81.83000183105469,64.40345764160156,1394700
2017-05-22,81.80000305175781,81.80000305175781,81.73999786376953,81.76000213623047,64.34833526611328,1570700
2017-05-23,81.83999633789062,81.83999633789062,81.58000183105469,81.58999633789062,64.2145004272461,1679500
2017-05-24,81.62999725341797,81.7699966430664,81.58000183105469,81.76000213623047,64.34833526611328,1568700
2017-05-25,81.7699966430664,81.79000091552734,81.69000244140625,81.76000213623047,64.34833526611328,1108400
2017-05-26,81.7699966430664,81.80999755859375,81.7300033569336,81.80000305175781,64.37980651855469,952700
2017-05-30,81.87000274658203,81.91999816894531,81.81999969482422,81.91999816894531,64.4742660522461,1283300
2017-05-31,81.91999816894531,82.01000213623047,81.9000015258789,81.95999908447266,64.50572967529297,2290100
2017-06-01,81.70999908447266,81.81999969482422,81.69000244140625,81.80999755859375,64.52307891845703,1710900
2017-06-02,81.98999786376953,82.11000061035156,81.97000122070312,82.08000183105469,64.73602294921875,1795200
2017-06-05,81.9800033569336,82.01000213623047,81.93000030517578,81.94999694824219,64.63351440429688,1916200
2017-06-06,82.11000061035156,82.1500015258789,82.05000305175781,82.0999984741211,64.7518081665039,3262500
2017-06-07,82.08000183105469,82.0999984741211,81.97000122070312,81.98999786376953,64.6650161743164,1743500
2017-06-08,81.97000122070312,81.97000122070312,81.80999755859375,81.93000030517578,64.61772155761719,1827800
2017-06-09,81.80000305175781,81.91000366210938,81.7699966430664,81.86000061035156,64.56256103515625,1404500
2017-06-12,81.79000091552734,81.94999694824219,81.7699966430664,81.83999633789062,64.54674530029297,2053900
2017-06-13,81.80999755859375,81.88999938964844,81.79000091552734,81.86000061035156,64.56256103515625,1515100
2017-06-14,82.20999908447266,82.33000183105469,82.08000183105469,82.16000366210938,64.79913330078125,2472800
2017-06-15,82.12999725341797,82.12999725341797,82.02999877929688,82.06999969482422,64.72815704345703,2063400
2017-06-16,82.08000183105469,82.16999816894531,82.06999969482422,82.16000366210938,64.79913330078125,1376200
2017-06-19,82.0999984741211,82.13999938964844,82.01000213623047,82.04000091552734,64.70448303222656,1776500
2017-06-20,82.11000061035156,82.20999908447266,82.08000183105469,82.16000366210938,64.79913330078125,1864100
2017-06-21,82.1500015258789,82.2300033569336,82.0999984741211,82.19999694824219,64.8307113647461,1249600
2017-06-22,82.23999786376953,82.2699966430664,82.16000366210938,82.2300033569336,64.8543472290039,1195100
2017-06-23,82.2300033569336,82.27999877929688,82.19000244140625,82.25,64.87015533447266,1356000
2017-06-26,82.3499984741211,82.38999938964844,82.30999755859375,82.33999633789062,64.94111633300781,4665500
2017-06-27,82.19000244140625,82.19000244140625,82.04000091552734,82.05999755859375,64.72024536132812,2374200
2017-06-28,82.08000183105469,82.0999984741211,81.94999694824219,82.05999755859375,64.72024536132812,1604300
2017-06-29,81.83999633789062,81.97000122070312,81.79000091552734,81.88999938964844,64.5861587524414,1548100
2017-06-30,81.87000274658203,81.9000015258789,81.76000213623047,81.83000183105469,64.53889465332031,1978100
2017-07-03,81.66000366210938,81.66999816894531,81.43000030517578,81.5,64.54601287841797,1092500
2017-07-05,81.48999786376953,81.58000183105469,81.44999694824219,81.55000305175781,64.58561706542969,1917100
2017-07-06,81.41000366210938,81.43000030517578,81.30000305175781,81.36000061035156,64.43509674072266,1827500
2017-07-07,81.36000061035156,81.38999938964844,81.30999755859375,81.33999633789062,64.4192886352539,2441500
2017-07-10,81.41000366210938,81.44999694824219,81.36000061035156,81.37999725341797,64.45092010498047,2228800
2017-07-11,81.41999816894531,81.5,81.37000274658203,81.45999908447266,64.51434326171875,1931500
2017-07-12,81.69999694824219,81.72000122070312,81.61000061035156,81.6500015258789,64.66478729248047,1378800
2017-07-13,81.63999938964844,81.6500015258789,81.5,81.62000274658203,64.6410140991211,1321400
2017-07-14,81.77999877929688,81.8499984741211,81.62999725341797,81.6500015258789,64.66478729248047,1201700
2017-07-17,81.72000122070312,81.79000091552734,81.66000366210938,81.76000213623047,64.75189971923828,1432500
2017-07-18,81.9000015258789,81.97000122070312,81.87000274658203,81.94999694824219,64.90235900878906,1607300
2017-07-19,81.97000122070312,82.0,81.93000030517578,81.95999908447266,64.91030883789062,1589100
2017-07-20,82.0199966430664,82.08999633789062,81.97000122070312,82.01000213623047,64.94992065429688,1646800
2017-07-21,82.05999755859375,82.16000366210938,82.05999755859375,82.0999984741211,65.02117156982422,1942000
2017-07-24,82.08999633789062,82.0999984741211,82.0,82.05999755859375,64.989501953125,1417400
2017-07-25,81.9000015258789,81.91000366210938,81.73999786376953,81.75,64.74400329589844,1385000
2017-07-26,81.76000213623047,82.0,81.7300033569336,81.94999694824219,64.90235900878906,1583000
2017-07-27,81.8499984741211,81.9000015258789,81.79000091552734,81.8499984741211,64.82316589355469,1224000
2017-07-28,81.83999633789062,82.0,81.83999633789062,82.0,64.94200897216797,1867100
2017-07-31,81.95999908447266,82.0,81.91000366210938,81.98999786376953,64.93404388427734,2561600
2017-08-01,81.76000213623047,81.98999786376953,81.75,81.9800033569336,65.19808959960938,1783600
2017-08-02,81.97000122070312,82.02999877929688,81.93000030517578,81.93000030517578,65.1583480834961,1336600
2017-08-03,82.04000091552734,82.16000366210938,82.0,82.0999984741211,65.29351806640625,1904800
2017-08-04,82.01000213623047,82.01000213623047,81.8499984741211,81.97000122070312,65.1901626586914,1046700
2017-08-07,81.95999908447266,82.01000213623047,81.91000366210938,82.0,65.21399688720703,1257900
2017-08-08,81.98999786376953,81.98999786376953,81.83999633789062,81.88999938964844,65.12654113769531,1929000
2017-08-09,82.08999633789062,82.0999984741211,81.94999694824219,81.94999694824219,65.17424011230469,1808600
2017-08-10,81.9800033569336,82.08000183105469,81.94000244140625,82.06999969482422,65.26966857910156,1376700
2017-08-11,81.97000122070312,82.1500015258789,81.94999694824219,82.13999938964844,65.32534790039062,1153400
2017-08-14,82.08999633789062,82.13999938964844,82.02999877929688,82.08000183105469,65.27763366699219,2082000
2017-08-15,81.9000015258789,81.98999786376953,81.87999725341797,81.94000244140625,65.16632080078125,1419600
2017-08-16,81.91999816894531,82.12999725341797,81.88999938964844,82.05999755859375,65.26172637939453,1594800
2017-08-17,82.05000305175781,82.20999908447266,82.01000213623047,82.20999908447266,65.38098907470703,1723600
2017-08-18,82.26000213623047,82.30000305175781,82.0999984741211,82.16999816894531,65.34919738769531,1663100
2017-08-21,82.22000122070312,82.26000213623047,82.16999816894531,82.20999908447266,65.38098907470703,1258400
2017-08-22,82.19000244140625,82.19999694824219,82.0999984741211,82.11000061035156,65.30152130126953,1157400
2017-08-23,82.2300033569336,82.3499984741211,82.19999694824219,82.3499984741211,65.49236297607422,1237800
2017-08-24,82.2300033569336,82.31999969482422,82.20999908447266,82.2300033569336,65.39691925048828,1540200
2017-08-25,82.23999786376953,82.3499984741211,82.20999908447266,82.33000183105469,65.47643280029297,1453100
2017-08-28,82.33000183105469,82.38999938964844,82.27999877929688,82.37000274658203,65.5082778930664,1408700
2017-08-29,82.5199966430664,82.58000183105469,82.38999938964844,82.45999908447266,65.5798568725586,2054300
2017-08-30,82.44000244140625,82.45999908447266,82.38999938964844,82.44999694824219,65.57188415527344,1150700
2017-08-31,82.4800033569336,82.55999755859375,82.44999694824219,82.5199966430664,65.62755584716797,1696700
2017-09-01,82.30999755859375,82.33000183105469,82.1500015258789,82.20999908447266,65.5191650390625,1471200
2017-09-05,82.44999694824219,82.58999633789062,82.37999725341797,82.55000305175781,65.79013061523438,2008400
2017-09-06,82.58000183105469,82.62000274658203,82.4000015258789,82.41000366210938,65.6785659790039,1586500
2017-09-07,82.52999877929688,82.70999908447266,82.51000213623047,82.66999816894531,65.88579559326172,1899100
2017-09-08,82.66999816894531,82.66999816894531,82.55000305175781,82.58000183105469,65.81401824951172,2702200
2017-09-11,82.41999816894531,82.47000122070312,82.30000305175781,82.33000183105469,65.61479187011719,1423100
2017-09-12,82.26000213623047,82.31999969482422,82.1500015258789,82.20999908447266,65.5191650390625,1604300
2017-09-13,82.19000244140625,82.20999908447266,82.0999984741211,82.11000061035156,65.4394760131836,1594000
2017-09-14,82.08000183105469,82.18000030517578,82.08000183105469,82.16000366210938,65.47933959960938,1325200
2017-09-15,82.19999694824219,82.25,82.11000061035156,82.16999816894531,65.48728942871094,1536200
2017-09-18,82.12000274658203,82.13999938964844,82.04000091552734,82.11000061035156,65.4394760131836,1756300
2017-09-19,82.11000061035156,82.13999938964844,82.05000305175781,82.05000305175781,65.39163208007812,1220000
2017-09-20,82.12999725341797,82.13999938964844,81.88999938964844,81.9800033569336,65.33589172363281,1672500
2017-09-21,82.01000213623047,82.08999633789062,81.94000244140625,81.95999908447266,65.31991577148438,1168200
2017-09-22,82.11000061035156,82.12000274658203,82.01000213623047,82.04000091552734,65.3836898803711,1394100
2017-09-25,82.06999969482422,82.2300033569336,82.05000305175781,82.22000122070312,65.52711486816406,2626100
2017-09-26,82.16999816894531,82.18000030517578,82.08999633789062,82.18000030517578,65.49530029296875,1446500
2017-09-27,81.91999816894531,81.9800033569336,81.86000061035156,81.93000030517578,65.29602813720703,1511900
2017-09-28,81.8499984741211,81.94999694824219,81.80000305175781,81.94999694824219,65.31196594238281,1198400
2017-09-29,81.94999694824219,81.97000122070312,81.83000183105469,81.95999908447266,65.31991577148438,3001200
2017-10-02,81.75,81.80000305175781,81.69000244140625,81.76000213623047,65.2943344116211,3642600
2017-10-03,81.72000122070312,81.81999969482422,81.70999908447266,81.80000305175781,65.32630920410156,2752100
2017-10-04,81.87000274658203,81.87999725341797,81.73999786376953,81.80000305175781,65.32630920410156,2616700
2017-10-05,81.81999969482422,81.81999969482422,81.68000030517578,81.73999786376953,65.27838897705078,2859800
2017-10-06,81.58999633789062,81.72000122070312,81.5199966430664,81.6500015258789,65.20655059814453,1860000
2017-10-09,81.66000366210938,81.73999786376953,81.6500015258789,81.7300033569336,65.2704086303711,987800
2017-10-10,81.75,81.88999938964844,81.72000122070312,81.7699966430664,65.30236053466797,4719400
2017-10-11,81.77999877929688,81.83000183105469,81.76000213623047,81.80999755859375,65.33431243896484,1249500
2017-10-12,81.86000061035156,81.88999938964844,81.7699966430664,81.87999725341797,65.39022827148438,1723400
2017-10-13,82.01000213623047,82.05999755859375,81.93000030517578,82.05000305175781,65.52594757080078,1772800
2017-10-16,82.0,82.0199966430664,81.91000366210938,81.97000122070312,65.46208953857422,1471500
2017-10-17,81.9000015258789,82.0,81.88999938964844,81.9800033569336,65.47008514404297,1381100
2017-10-18,81.81999969482422,81.86000061035156,81.79000091552734,81.8499984741211,65.36622619628906,1522900
2017-10-19,81.91000366210938,82.01000213623047,81.8499984741211,81.88999938964844,65.3981704711914,1515800
2017-10-20,81.73999786376953,81.75,81.63999938964844,81.69000244140625,65.23849487304688,1935600
2017-10-23,81.7300033569336,81.81999969482422,81.7300033569336,81.76000213623047,65.2943344116211,2649700
2017-10-24,81.62999725341797,81.68000030517578,81.58999633789062,81.62000274658203,65.18254089355469,2287200
2017-10-25,81.51000213623047,81.55999755859375,81.45999908447266,81.55000305175781,65.1266860961914,1576700
2017-10-26,81.58999633789062,81.5999984741211,81.43000030517578,81.44999694824219,65.04680633544922,1915600
2017-10-27,81.5199966430664,81.62999725341797,81.4800033569336,81.62999725341797,65.1905746459961,1734400
2017-10-30,81.75,81.83999633789062,81.70999908447266,81.81999969482422,65.34229278564453,1542600
2017-10-31,81.83999633789062,81.8499984741211,81.7699966430664,81.7699966430664,65.30236053466797,1977100
2017-11-01,81.58999633789062,81.72000122070312,81.5199966430664,81.6500015258789,65.34480285644531,1596000
2017-11-02,81.7300033569336,81.80000305175781,81.69000244140625,81.7300033569336,65.40879821777344,2373200
2017-11-03,81.7699966430664,81.80000305175781,81.6500015258789,81.80000305175781,65.46481323242188,1370500
2017-11-06,81.86000061035156,81.88999938964844,81.80000305175781,81.86000061035156,65.51284790039062,1336700
2017-11-07,81.80999755859375,81.88999938964844,81.80000305175781,81.88999938964844,65.5368423461914,2450800
2017-11-08,81.86000061035156,81.9000015258789,81.80000305175781,81.83000183105469,65.48882293701172,2312700
2017-11-09,81.75,81.79000091552734,81.66999816894531,81.75,65.42477416992188,2115800
2017-11-10,81.52999877929688,81.55000305175781,81.41999816894531,81.41999816894531,65.16072082519531,1724400
2017-11-13,81.54000091552734,81.55000305175781,81.41999816894531,81.43000030517578,65.1686782836914,1698500
2017-11-14,81.47000122070312,81.52999877929688,81.44000244140625,81.52999877929688,65.24871826171875,1659300
2017-11-15,81.63999938964844,81.7300033569336,81.55000305175781,81.72000122070312,65.40079498291016,2859400
2017-11-16,81.62999725341797,81.69000244140625,81.56999969482422,81.61000061035156,65.31279754638672,1637000
2017-11-17,81.69000244140625,81.73999786376953,81.6500015258789,81.69000244140625,65.37681579589844,2257700
2017-11-20,81.6500015258789,81.69999694824219,81.5999984741211,81.63999938964844,65.3367691040039,1528300
2017-11-21,81.7300033569336,81.79000091552734,81.61000061035156,81.70999908447266,65.39281463623047,1925700
2017-11-22,81.7300033569336,81.88999938964844,81.72000122070312,81.87999725341797,65.52887725830078,1631900
2017-11-24,81.83999633789062,81.87999725341797,81.80999755859375,81.86000061035156,65.51284790039062,837000
2017-11-27,81.87000274658203,81.88999938964844,81.79000091552734,81.83000183105469,65.48882293701172,1516900
2017-11-28,81.9000015258789,81.94999694824219,81.83000183105469,81.83000183105469,65.48882293701172,1846700
2017-11-29,81.6500015258789,81.69000244140625,81.5999984741211,81.62999725341797,65.32880401611328,1837400
2017-11-30,81.66000366210938,81.68000030517578,81.45999908447266,81.51000213623047,65.23273468017578,3044100
2017-12-01,81.5,81.80999755859375,81.3499984741211,81.55999755859375,65.4075927734375,2384800
2017-12-04,81.51000213623047,81.58000183105469,81.45999908447266,81.56999969482422,65.41558837890625,1834000
2017-12-05,81.58999633789062,81.68000030517578,81.51000213623047,81.66999816894531,65.49576568603516,1763900
2017-12-06,81.75,81.8499984741211,81.73999786376953,81.76000213623047,65.56792449951172,1509300
2017-12-07,81.6500015258789,81.80000305175781,81.56999969482422,81.6500015258789,65.47974395751953,1641000
2017-12-08,81.61000061035156,81.68000030517578,81.56999969482422,81.62000274658203,65.4556655883789,1368300
2017-12-11,81.66000366210938,81.69999694824219,81.54000091552734,81.55999755859375,65.4075927734375,1780800
2017-12-12,81.54000091552734,81.55000305175781,81.45999908447266,81.55000305175781,65.39955139160156,2962800
2017-12-13,81.62000274658203,81.8499984741211,81.55999755859375,81.77999877929688,65.58392333984375,2095400
2017-12-14,81.66999816894531,81.81999969482422,81.62000274658203,81.80999755859375,65.60804748535156,1998800
2017-12-15,81.76000213623047,81.83000183105469,81.66999816894531,81.81999969482422,65.61605834960938,2781800
2017-12-18,81.79000091552734,81.79000091552734,81.6500015258789,81.69000244140625,65.51183319091797,1946900
2017-12-19,81.56999969482422,81.56999969482422,81.36000061035156,81.44000244140625,65.3113021850586,3307700
2017-12-20,81.27999877929688,81.37000274658203,81.25,81.27999877929688,65.18301391601562,2325500
2017-12-21,81.30999755859375,81.37999725341797,81.2699966430664,81.33000183105469,65.22312927246094,3103400
2017-12-22,81.33999633789062,81.4000015258789,81.31999969482422,81.37000274658203,65.25513458251953,2566700
2017-12-26,81.2300033569336,81.27999877929688,81.16999816894531,81.23999786376953,65.3203125,1696400
2017-12-27,81.33000183105469,81.5199966430664,81.23999786376953,81.48999786376953,65.52132415771484,1708000
2017-12-28,81.45999908447266,81.47000122070312,81.37999725341797,81.44000244140625,65.48110961914062,2235000
2017-12-29,81.5,81.56999969482422,81.45999908447266,81.56999969482422,65.58567810058594,2531500
2018-01-02,81.44999694824219,81.5,81.22000122070312,81.33999633789062,65.40070343017578,3104500
2018-01-03,81.43000030517578,81.43000030517578,81.29000091552734,81.41000366210938,65.45703125,2216700
2018-01-04,81.33000183105469,81.37000274658203,81.25,81.37000274658203,65.42481231689453,2152400
2018-01-05,81.3499984741211,81.36000061035156,81.19999694824219,81.26000213623047,65.33641052246094,4257400
2018-01-08,81.33000183105469,81.33000183105469,81.20999908447266,81.2699966430664,65.34444427490234,2587300
2018-01-09,81.19000244140625,81.2300033569336,81.01000213623047,81.02999877929688,65.1514663696289,2725200
2018-01-10,80.87999725341797,81.05000305175781,80.81999969482422,81.04000091552734,65.15948486328125,3411400
2018-01-11,81.01000213623047,81.12000274658203,80.95999908447266,81.04000091552734,65.15948486328125,3381600
2018-01-12,81.0,81.12000274658203,80.94000244140625,81.02999877929688,65.1514663696289,2829100
2018-01-16,81.1500015258789,81.19000244140625,81.02999877929688,81.08999633789062,65.19973754882812,4300500
2018-01-17,81.04000091552734,81.12000274658203,80.9800033569336,81.0,65.1273193359375,3674600
2018-01-18,80.81999969482422,80.9000015258789,80.80000305175781,80.83999633789062,64.99871063232422,2528400
2018-01-19,80.7699966430664,80.80000305175781,80.6500015258789,80.66999816894531,64.86201477050781,2148300
2018-01-22,80.7300033569336,80.76000213623047,80.61000061035156,80.61000061035156,64.81377410888672,5473200
2018-01-23,80.77999877929688,80.86000061035156,80.72000122070312,80.81999969482422,64.98260498046875,2442900
2018-01-24,80.72000122070312,80.75,80.62999725341797,80.7300033569336,64.91024780273438,1709700
2018-01-25,80.7300033569336,80.95999908447266,80.66000366210938,80.94999694824219,65.087158203125,2537700
2018-01-26,80.86000061035156,80.87000274658203,80.72000122070312,80.80000305175781,64.9665756225586,1590200
2018-01-29,80.66000366210938,80.7300033569336,80.54000091552734,80.69000244140625,64.87806701660156,2219700
2018-01-30,80.56999969482422,80.62000274658203,80.48999786376953,80.54000091552734,64.75749206542969,2735100
2018-01-31,80.70999908447266,80.70999908447266,80.43000030517578,80.55999755859375,64.7735824584961,3082600
2018-02-01,80.37000274658203,80.41000366210938,80.13999938964844,80.16000366210938,64.59387969970703,2814300
2018-02-02,80.04000091552734,80.11000061035156,79.87000274658203,79.91999816894531,64.40045928955078,3137600
2018-02-05,79.87000274658203,80.43000030517578,79.80000305175781,80.2699966430664,64.68247985839844,4349200
2018-02-06,80.2300033569336,80.25,80.01000213623047,80.01000213623047,64.4729995727539,3891500
2018-02-07,80.11000061035156,80.11000061035156,79.80000305175781,79.83000183105469,64.32798767089844,3797200
2018-02-08,79.69999694824219,79.87999725341797,79.62000274658203,79.7699966430664,64.27960968017578,4639800
2018-02-09,79.61000061035156,79.81999969482422,79.55000305175781,79.56999969482422,64.11841583251953,3725500
2018-02-12,79.68000030517578,79.73999786376953,79.55000305175781,79.58999633789062,64.13456726074219,5336200
2018-02-13,79.62000274658203,79.68000030517578,79.52999877929688,79.66000366210938,64.19097900390625,2669400
2018-02-14,79.5,79.54000091552734,79.3499984741211,79.4000015258789,63.98146438598633,3509700
2018-02-15,79.47000122070312,79.5999984741211,79.44999694824219,79.4800033569336,64.04594421386719,1981200
2018-02-16,79.68000030517578,79.72000122070312,79.58999633789062,79.6500015258789,64.18289184570312,1957800
2018-02-20,79.58999633789062,79.58999633789062,79.44000244140625,79.56999969482422,64.11841583251953,2294300
2018-02-21,79.55999755859375,79.58999633789062,79.2300033569336,79.2699966430664,63.87666320800781,2330100
2018-02-22,79.36000061035156,79.45999908447266,79.33000183105469,79.37000274658203,63.957275390625,2156000
2018-02-23,79.48999786376953,79.62000274658203,79.4800033569336,79.58000183105469,64.12651062011719,1660600
2018-02-26,79.69999694824219,79.7699966430664,79.61000061035156,79.62000274658203,64.15872955322266,2715300
2018-02-27,79.62999725341797,79.66000366210938,79.33999633789062,79.44999694824219,64.02172088623047,3007200
2018-02-28,79.47000122070312,79.55999755859375,79.45999908447266,79.55000305175781,64.1023178100586,1947700
2018-03-01,79.41999816894531,79.58999633789062,79.33000183105469,79.5199966430664,64.21133422851562,2877400
2018-03-02,79.37999725341797,79.44999694824219,79.27999877929688,79.37000274658203,64.09021759033203,4448000
2018-03-05,79.45999908447266,79.5,79.26000213623047,79.31999969482422,64.04983520507812,2229100
2018-03-06,79.37999725341797,79.47000122070312,79.33999633789062,79.3499984741211,64.07406616210938,1905000
2018-03-07,79.44000244140625,79.5,79.30000305175781,79.33000183105469,64.05789184570312,2167700
2018-03-08,79.36000061035156,79.48999786376953,79.36000061035156,79.41999816894531,64.13057708740234,1479700
2018-03-09,79.27999877929688,79.36000061035156,79.2300033569336,79.31999969482422,64.04983520507812,2290800
2018-03-12,79.33000183105469,79.41000366210938,79.30000305175781,79.4000015258789,64.11444091796875,2253900
2018-03-13,79.44000244140625,79.4800033569336,79.37000274658203,79.41999816894531,64.13057708740234,2471700
2018-03-14,79.4000015258789,79.6500015258789,79.4000015258789,79.58999633789062,64.26786041259766,1733800
2018-03-15,79.54000091552734,79.62999725341797,79.5,79.5999984741211,64.27593231201172,1590100
2018-03-16,79.51000213623047,79.55999755859375,79.47000122070312,79.52999877929688,64.21940612792969,1492000
2018-03-19,79.44999694824219,79.55999755859375,79.41999816894531,79.47000122070312,64.17093658447266,1328100
2018-03-20,79.3499984741211,79.4000015258789,79.31999969482422,79.37000274658203,64.09021759033203,2234600
2018-03-21,79.29000091552734,79.41999816894531,79.13999938964844,79.37000274658203,64.09021759033203,1760300
2018-03-22,79.54000091552734,79.6500015258789,79.43000030517578,79.5,64.19519805908203,2871700
2018-03-23,79.5,79.55000305175781,79.43000030517578,79.5199966430664,64.21133422851562,2114500
2018-03-26,79.5,79.56999969482422,79.44999694824219,79.47000122070312,64.17093658447266,2303700
2018-03-27,79.51000213623047,79.77999877929688,79.51000213623047,79.73999786376953,64.38899993896484,1693500
2018-03-28,79.83000183105469,79.87000274658203,79.69000244140625,79.7300033569336,64.38092041015625,3251800
2018-03-29,79.76000213623047,79.94999694824219,79.76000213623047,79.93000030517578,64.54239654541016,2157300
2018-04-02,79.62999725341797,79.77999877929688,79.58999633789062,79.72000122070312,64.53431701660156,2336700
2018-04-03,79.68000030517578,79.69000244140625,79.55000305175781,79.62999725341797,64.46149444580078,2580800
2018-04-04,79.69999694824219,79.69999694824219,79.58000183105469,79.62999725341797,64.46149444580078,2226300
2018-04-05,79.55999755859375,79.55999755859375,79.45999908447266,79.5199966430664,64.37240600585938,1978300
2018-04-06,79.68000030517578,79.73999786376953,79.5999984741211,79.72000122070312,64.53431701660156,2155900
2018-04-09,79.66000366210938,79.80000305175781,79.58999633789062,79.80000305175781,64.59909057617188,2052000
2018-04-10,79.69999694824219,79.76000213623047,79.62999725341797,79.66000366210938,64.48574829101562,1854600
2018-04-11,79.75,79.80000305175781,79.66999816894531,79.72000122070312,64.53431701660156,1645200
2018-04-12,79.66000366210938,79.69999694824219,79.55000305175781,79.56999969482422,64.41289520263672,1397700
2018-04-13,79.54000091552734,79.63999938964844,79.5199966430664,79.62999725341797,64.46149444580078,1461800
2018-04-16,79.5,79.63999938964844,79.5,79.63999938964844,64.4695053100586,1939600
2018-04-17,79.63999938964844,79.68000030517578,79.58999633789062,79.66999816894531,64.4938735961914,1588500
2018-04-18,79.61000061035156,79.61000061035156,79.37999725341797,79.41000366210938,64.28337097167969,1721200
2018-04-19,79.30000305175781,79.30000305175781,79.16000366210938,79.22000122070312,64.12952423095703,1602300
2018-04-20,79.19999694824219,79.19999694824219,79.0199966430664,79.0199966430664,63.967628479003906,1576600
2018-04-23,78.98999786376953,79.0199966430664,78.93000030517578,78.9800033569336,63.935264587402344,2263300
2018-04-24,78.91999816894531,78.94000244140625,78.81999969482422,78.83999633789062,63.821956634521484,2664000
2018-04-25,78.76000213623047,78.80000305175781,78.69000244140625,78.7300033569336,63.73289108276367,2201300
2018-04-26,78.8499984741211,78.93000030517578,78.83999633789062,78.88999938964844,63.862430572509766,3297100
2018-04-27,78.94000244140625,79.04000091552734,78.94000244140625,79.01000213623047,63.95954513549805,1407300
2018-04-30,79.02999877929688,79.0999984741211,79.01000213623047,79.05000305175781,63.99190902709961,1602900
2018-05-01,78.86000061035156,78.87000274658203,78.7300033569336,78.75,63.89291763305664,1410700
2018-05-02,78.81999969482422,78.86000061035156,78.7300033569336,78.76000213623047,63.90107345581055,1434000
2018-05-03,78.9000015258789,78.94999694824219,78.81999969482422,78.83000183105469,63.95781707763672,1477700
2018-05-04,78.91999816894531,78.94999694824219,78.77999877929688,78.87999725341797,63.998416900634766,1342100
2018-05-07,78.88999938964844,78.9000015258789,78.80999755859375,78.83999633789062,63.96599197387695,1634400
2018-05-08,78.76000213623047,78.83000183105469,78.69999694824219,78.77999877929688,63.91729736328125,1380900
2018-05-09,78.68000030517578,78.75,78.6500015258789,78.69000244140625,63.84427261352539,2260900
2018-05-10,78.83999633789062,78.87999725341797,78.77999877929688,78.8499984741211,63.97409439086914,1695500
2018-05-11,78.93000030517578,78.94000244140625,78.83000183105469,78.93000030517578,64.03901672363281,1457800
2018-05-14,78.8499984741211,78.88999938964844,78.81999969482422,78.83000183105469,63.95781707763672,1519500
2018-05-15,78.61000061035156,78.61000061035156,78.37000274658203,78.45999908447266,63.657657623291016,1602600
2018-05-16,78.48999786376953,78.52999877929688,78.38999938964844,78.4000015258789,63.60897445678711,2201300
2018-05-17,78.4000015258789,78.41999816894531,78.30000305175781,78.33000183105469,63.55221176147461,2036000
2018-05-18,78.41999816894531,78.54000091552734,78.41999816894531,78.54000091552734,63.72254943847656,1539700
2018-05-21,78.4800033569336,78.55999755859375,78.44999694824219,78.54000091552734,63.72254943847656,1254900
2018-05-22,78.58000183105469,78.5999984741211,78.5,78.55999755859375,63.73880386352539,2225800
2018-05-23,78.66999816894531,78.80999755859375,78.66000366210938,78.80000305175781,63.933536529541016,1177200
2018-05-24,78.88999938964844,79.0199966430664,78.88999938964844,78.95999908447266,64.0633316040039,1209400
2018-05-25,79.05999755859375,79.1500015258789,79.05000305175781,79.12999725341797,64.20127868652344,1039500
2018-05-29,79.27999877929688,79.77999877929688,79.26000213623047,79.68000030517578,64.64749145507812,2414400
2018-05-30,79.38999938964844,79.55000305175781,79.31999969482422,79.44000244140625,64.45276641845703,3549700
2018-05-31,79.41999816894531,79.52999877929688,79.31999969482422,79.41000366210938,64.42845153808594,4272100
2018-06-01,79.02999877929688,79.12999725341797,78.94999694824219,79.08999633789062,64.46836853027344,3442400
2018-06-04,79.05999755859375,79.05999755859375,78.91000366210938,78.91999816894531,64.32982635498047,2272100
2018-06-05,79.0,79.05000305175781,78.91999816894531,78.98999786376953,64.38684844970703,2760500
2018-06-06,78.8499984741211,78.8499984741211,78.69000244140625,78.7699966430664,64.20753479003906,2624600
2018-06-07,78.75,79.11000061035156,78.73999786376953,78.97000122070312,64.3705825805664,3290700
2018-06-08,78.91000366210938,78.94999694824219,78.8499984741211,78.87000274658203,64.28907012939453,1977000
2018-06-11,78.77999877929688,78.83000183105469,78.73999786376953,78.80000305175781,64.23199462890625,1725200
2018-06-12,78.70999908447266,78.81999969482422,78.70999908447266,78.79000091552734,64.22382354736328,1850400
2018-06-13,78.79000091552734,78.86000061035156,78.58000183105469,78.73999786376953,64.18311309814453,1542800
2018-06-14,78.87999725341797,78.91999816894531,78.81999969482422,78.91000366210938,64.3216552734375,3920100
2018-06-15,79.05000305175781,79.0999984741211,78.91999816894531,78.91999816894531,64.32982635498047,1827800
2018-06-18,78.95999908447266,78.95999908447266,78.86000061035156,78.91999816894531,64.32982635498047,3510300
2018-06-19,79.04000091552734,79.0999984741211,79.01000213623047,79.05000305175781,64.4357681274414,2767100
2018-06-20,79.05000305175781,79.05000305175781,78.86000061035156,78.87000274658203,64.28907012939453,2102200
2018-06-21,78.93000030517578,79.0,78.87999725341797,78.91000366210938,64.3216552734375,2695400
2018-06-22,78.91999816894531,78.9800033569336,78.88999938964844,78.95999908447266,64.3624267578125,1509900
2018-06-25,79.0,79.05999755859375,78.94000244140625,78.94999694824219,64.354248046875,4554800
2018-06-26,79.0,79.08000183105469,78.98999786376953,79.08000183105469,64.46022033691406,1670800
2018-06-27,79.18000030517578,79.29000091552734,79.18000030517578,79.2699966430664,64.61506652832031,1762700
2018-06-28,79.23999786376953,79.2699966430664,79.18000030517578,79.20999908447266,64.56620788574219,1266500
2018-06-29,79.23999786376953,79.30000305175781,79.18000030517578,79.19000244140625,64.54991149902344,1419000
2018-07-02,79.02999877929688,79.06999969482422,78.91999816894531,78.95999908447266,64.50984954833984,1800600
2018-07-03,78.95999908447266,79.12999725341797,78.95999908447266,79.12000274658203,64.64056396484375,1121900
2018-07-05,79.12999725341797,79.23999786376953,79.0999984741211,79.2300033569336,64.73046875,1991900
2018-07-06,79.31999969482422,79.33999633789062,79.25,79.31999969482422,64.80396270751953,1331800
2018-07-09,79.22000122070312,79.2699966430664,79.19999694824219,79.25,64.74678802490234,1556600
2018-07-10,79.19000244140625,79.25,79.16000366210938,79.19999694824219,64.7059326171875,1661500
2018-07-11,79.2300033569336,79.25,79.16000366210938,79.23999786376953,64.73860931396484,3750100
2018-07-12,79.20999908447266,79.31999969482422,79.19999694824219,79.30000305175781,64.78766632080078,1807800
2018-07-13,79.33000183105469,79.37999725341797,79.31999969482422,79.37000274658203,64.84481048583984,4071900
2018-07-16,79.2699966430664,79.31999969482422,79.1500015258789,79.26000213623047,64.75495147705078,1688000
2018-07-17,79.2300033569336,79.30000305175781,79.22000122070312,79.2300033569336,64.73046875,2432200
2018-07-18,79.23999786376953,79.27999877929688,79.18000030517578,79.19000244140625,64.69779205322266,2182900
2018-07-19,79.18000030517578,79.37000274658203,79.12000274658203,79.33999633789062,64.82032012939453,1990100
2018-07-20,79.29000091552734,79.29000091552734,79.12000274658203,79.16000366210938,64.67327880859375,1607800
2018-07-23,79.11000061035156,79.12999725341797,78.87000274658203,78.91000366210938,64.46900939941406,1427200
2018-07-24,78.95999908447266,79.05000305175781,78.9000015258789,79.02999877929688,64.56707763671875,1811100
2018-07-25,79.05000305175781,79.12000274658203,78.95999908447266,79.02999877929688,64.56707763671875,2075200
2018-07-26,79.02999877929688,79.02999877929688,79.02999877929688,79.02999877929688,64.56707763671875,0
2018-07-27,79.05000305175781,79.08999633789062,79.0,79.01000213623047,64.55070495605469,1376600
2018-07-30,78.94000244140625,79.0,78.91999816894531,78.91999816894531,64.47716522216797,2115400
2018-07-31,79.0199966430664,79.08000183105469,78.91999816894531,78.9800033569336,64.52623748779297,3328200
2018-08-01,78.75,78.77999877929688,78.6500015258789,78.75,64.490966796875,3168600
2018-08-02,78.80000305175781,78.80999755859375,78.72000122070312,78.79000091552734,64.52369689941406,2817700
2018-08-03,78.9000015258789,78.98999786376953,78.86000061035156,78.95999908447266,64.66295623779297,2711600
2018-08-06,79.06999969482422,79.12000274658203,79.01000213623047,79.02999877929688,64.72028350830078,2083800
2018-08-07,78.97000122070312,78.9800033569336,78.87000274658203,78.88999938964844,64.60564422607422,1886900
2018-08-08,78.88999938964844,78.91000366210938,78.83999633789062,78.87000274658203,64.58924102783203,2101300
2018-08-09,78.94000244140625,79.0199966430664,78.91999816894531,79.0199966430664,64.71210479736328,2603800
2018-08-10,79.0199966430664,79.25,79.0199966430664,79.18000030517578,64.8431396484375,2414900
2018-08-13,79.16999816894531,79.20999908447266,79.0999984741211,79.19000244140625,64.85132598876953,3315700
2018-08-14,79.20999908447266,79.25,79.12999725341797,79.13999938964844,64.81037139892578,2692700
2018-08-15,79.20999908447266,79.30000305175781,79.19999694824219,79.2300033569336,64.88407897949219,3051300
2018-08-16,79.2699966430664,79.30000305175781,79.19000244140625,79.2699966430664,64.91680908203125,2226900
2018-08-17,79.33000183105469,79.41000366210938,79.30000305175781,79.36000061035156,64.99055480957031,1018100
2018-08-20,79.43000030517578,79.5199966430664,79.43000030517578,79.45999908447266,65.07241821289062,2473200
2018-08-21,79.4000015258789,79.43000030517578,79.36000061035156,79.41999816894531,65.03968811035156,1883300
2018-08-22,79.5199966430664,79.5199966430664,79.41000366210938,79.47000122070312,65.08063507080078,2025500
2018-08-23,79.51000213623047,79.51000213623047,79.44000244140625,79.47000122070312,65.08063507080078,1447500
2018-08-24,79.38999938964844,79.5199966430664,79.3499984741211,79.51000213623047,65.11337280273438,1845300
2018-08-27,79.44000244140625,79.45999908447266,79.4000015258789,79.41000366210938,65.03150939941406,2340800
2018-08-28,79.33999633789062,79.3499984741211,79.26000213623047,79.29000091552734,64.93323516845703,2375800
2018-08-29,79.30999755859375,79.30999755859375,79.19000244140625,79.23999786376953,64.89228057861328,1560100
2018-08-30,79.31999969482422,79.36000061035156,79.26000213623047,79.30000305175781,64.9414291381836,1157400
2018-08-31,79.41999816894531,79.43000030517578,79.30999755859375,79.31999969482422,64.95772552490234,2888300
2018-09-04,79.0,79.06999969482422,78.97000122070312,79.01000213623047,64.85763549804688,2400700
2018-09-05,79.04000091552734,79.05999755859375,78.95999908447266,79.02999877929688,64.87406158447266,2558000
2018-09-06,79.08999633789062,79.18000030517578,79.05000305175781,79.1500015258789,64.97254943847656,2133300
2018-09-07,78.97000122070312,78.97000122070312,78.86000061035156,78.9000015258789,64.76732635498047,2481100
2018-09-10,78.91000366210938,78.97000122070312,78.87999725341797,78.94999694824219,64.8083724975586,1464300
2018-09-11,78.81999969482422,78.87999725341797,78.75,78.77999877929688,64.6688461303711,1496800
2018-09-12,78.88999938964844,78.91999816894531,78.83000183105469,78.83999633789062,64.71810150146484,1088400
2018-09-13,78.94999694824219,78.9800033569336,78.87000274658203,78.88999938964844,64.7591323852539,1723800
2018-09-14,78.76000213623047,78.80999755859375,78.7300033569336,78.76000213623047,64.65239715576172,3196000
2018-09-17,78.69999694824219,78.80000305175781,78.68000030517578,78.75,64.6441879272461,2375200
2018-09-18,78.69999694824219,78.69999694824219,78.54000091552734,78.56999969482422,64.49642181396484,2504000
2018-09-19,78.52999877929688,78.55999755859375,78.38999938964844,78.44999694824219,64.39791107177734,1968700
2018-09-20,78.44000244140625,78.58999633789062,78.43000030517578,78.55000305175781,64.48003387451172,2297700
2018-09-21,78.51000213623047,78.5999984741211,78.51000213623047,78.5999984741211,64.52107238769531,1750600
2018-09-24,78.48999786376953,78.58000183105469,78.47000122070312,78.5,64.43894958496094,2915800
2018-09-25,78.44000244140625,78.45999908447266,78.37999725341797,78.44000244140625,64.38973236083984,1698200
2018-09-26,78.5,78.69000244140625,78.48999786376953,78.63999938964844,64.55390167236328,1831100
2018-09-27,78.66000366210938,78.69999694824219,78.62000274658203,78.69999694824219,64.6031494140625,1374700
2018-09-28,78.76000213623047,78.79000091552734,78.66000366210938,78.69999694824219,64.6031494140625,2577700
2018-10-01,78.41999816894531,78.4800033569336,78.36000061035156,78.37000274658203,64.48221588134766,2853300
2018-10-02,78.44999694824219,78.55000305175781,78.44999694824219,78.51000213623047,64.59739685058594,2597600
2018-10-03,78.4000015258789,78.4000015258789,78.0199966430664,78.11000061035156,64.2682876586914,2300300
2018-10-04,77.97000122070312,78.01000213623047,77.87000274658203,77.91000366210938,64.1037368774414,3221400
2018-10-05,77.83000183105469,77.87999725341797,77.66000366210938,77.7699966430664,63.9885368347168,2299100
2018-10-08,77.79000091552734,77.80000305175781,77.72000122070312,77.73999786376953,63.96385192871094,1885400
2018-10-09,77.73999786376953,77.88999938964844,77.73999786376953,77.88999938964844,64.08727264404297,4273200
2018-10-10,77.7699966430664,77.86000061035156,77.69999694824219,77.83000183105469,64.03787994384766,2813100
2018-10-11,77.91000366210938,78.12999725341797,77.9000015258789,78.05000305175781,64.21890258789062,3245600
2018-10-12,78.0199966430664,78.13999938964844,78.01000213623047,78.02999877929688,64.20244598388672,2365700
2018-10-15,78.11000061035156,78.11000061035156,78.0,78.01000213623047,64.18604278564453,2077800
2018-10-16,78.0,78.0999984741211,77.97000122070312,78.06999969482422,64.23533630371094,2367000
2018-10-17,78.05000305175781,78.0999984741211,77.91000366210938,77.93000030517578,64.12013244628906,1877300
2018-10-18,77.87999725341797,78.0,77.80999755859375,77.87999725341797,64.07904052734375,1681500
2018-10-19,77.88999938964844,77.91000366210938,77.79000091552734,77.83999633789062,64.0461196899414,1716700
2018-10-22,77.87999725341797,77.93000030517578,77.80000305175781,77.80999755859375,64.02142333984375,1520000
2018-10-23,78.0199966430664,78.08999633789062,77.9000015258789,77.91999816894531,64.11195373535156,1934300
2018-10-24,78.06999969482422,78.1500015258789,78.05000305175781,78.12999725341797,64.28473663330078,1615500
2018-10-25,78.05999755859375,78.12000274658203,78.0,78.04000091552734,64.2106704711914,1981000
2018-10-26,78.22000122070312,78.30000305175781,78.16000366210938,78.18000030517578,64.32586669921875,2224400
2018-10-29,78.1500015258789,78.19000244140625,78.05000305175781,78.11000061035156,64.2682876586914,1900700
2018-10-30,78.0199966430664,78.0999984741211,77.98999786376953,78.0,64.17776489257812,2546300
2018-10-31,77.9000015258789,77.98999786376953,77.83999633789062,77.83999633789062,64.0461196899414,6206300
2018-11-01,77.6500015258789,77.81999969482422,77.63999938964844,77.79000091552734,64.16493225097656,3784100
2018-11-02,77.69000244140625,77.70999908447266,77.45999908447266,77.5,63.925655364990234,2024600
2018-11-05,77.56999969482422,77.61000061035156,77.52999877929688,77.55999755859375,63.975189208984375,1858900
2018-11-06,77.56999969482422,77.58999633789062,77.5199966430664,77.55000305175781,63.9669075012207,2024700
2018-11-07,77.69999694824219,77.7699966430664,77.5999984741211,77.62000274658203,64.02469635009766,2673700
2018-11-08,77.62000274658203,77.6500015258789,77.48999786376953,77.48999786376953,63.91741943359375,2233100
2018-11-09,77.56999969482422,77.72000122070312,77.56999969482422,77.68000030517578,64.07418060302734,1697200
2018-11-12,77.77999877929688,77.80999755859375,77.73999786376953,77.80000305175781,64.17318725585938,1067200
2018-11-13,77.70999908447266,77.7699966430664,77.66000366210938,77.76000213623047,64.14016723632812,2735900
2018-11-14,77.70999908447266,77.9000015258789,77.66000366210938,77.81999969482422,64.18965148925781,2905100
2018-11-15,77.87000274658203,77.88999938964844,77.69999694824219,77.83000183105469,64.19789123535156,2557800
2018-11-16,77.94000244140625,78.0199966430664,77.8499984741211,78.0,64.3381118774414,1811300
2018-11-19,77.94000244140625,78.02999877929688,77.94000244140625,78.0,64.3381118774414,2495900
2018-11-20,77.9800033569336,78.02999877929688,77.91999816894531,77.94999694824219,64.296875,1891300
2018-11-21,77.98999786376953,78.02999877929688,77.93000030517578,78.02999877929688,64.36286926269531,3871300
2018-11-23,78.08999633789062,78.12000274658203,78.0,78.0199966430664,64.35459899902344,644500
2018-11-26,77.94000244140625,78.0,77.91999816894531,77.95999908447266,64.30514526367188,1520500
2018-11-27,77.94999694824219,78.05000305175781,77.94999694824219,78.01000213623047,64.34637451171875,2563100
2018-11-28,78.01000213623047,78.0999984741211,77.93000030517578,78.05000305175781,64.37935638427734,2217500
2018-11-29,78.12000274658203,78.16999816894531,78.04000091552734,78.11000061035156,64.4288558959961,2395900
2018-11-30,78.0999984741211,78.13999938964844,78.05000305175781,78.13999938964844,64.45361328125,2181200
2018-12-03,77.98999786376953,78.06999969482422,77.94999694824219,78.06999969482422,64.55447387695312,2187500
2018-12-04,78.1500015258789,78.37999725341797,78.1500015258789,78.26000213623047,64.71160125732422,3204700
2018-12-06,78.38999938964844,78.55999755859375,78.36000061035156,78.4000015258789,64.82731628417969,4447800
2018-12-07,78.4000015258789,78.58999633789062,78.37999725341797,78.55999755859375,64.95967102050781,3806000
2018-12-10,78.58000183105469,78.69999694824219,78.52999877929688,78.63999938964844,65.02582550048828,2712100
2018-12-11,78.66000366210938,78.7300033569336,78.58000183105469,78.6500015258789,65.03411865234375,4157200
2018-12-12,78.62000274658203,78.6500015258789,78.55999755859375,78.56999969482422,64.96790313720703,2662400
2018-12-13,78.58999633789062,78.68000030517578,78.58999633789062,78.62999725341797,65.01753234863281,2587600
2018-12-14,78.69000244140625,78.75,78.66000366210938,78.69999694824219,65.0754165649414,3490600
2018-12-17,78.7300033569336,78.86000061035156,78.72000122070312,78.8499984741211,65.19944763183594,2924300
2018-12-18,78.83999633789062,79.0,78.83999633789062,78.97000122070312,65.29866027832031,3210700
2018-12-19,79.08000183105469,79.26000213623047,79.0,79.11000061035156,65.41448211669922,3117500
2018-12-20,79.19000244140625,79.20999908447266,78.97000122070312,79.0,65.32347106933594,3451000
2018-12-21,79.02999877929688,79.05999755859375,78.94000244140625,79.0,65.32347106933594,4516100
2018-12-24,78.91999816894531,79.0,78.7300033569336,78.81999969482422,65.33839416503906,6031000
2018-12-26,78.87000274658203,78.9000015258789,78.6500015258789,78.6500015258789,65.19749450683594,5912400
2018-12-27,78.94000244140625,78.98999786376953,78.80999755859375,78.81999969482422,65.33839416503906,2751800
2018-12-28,78.86000061035156,79.0199966430664,78.81999969482422,79.01000213623047,65.49588775634766,3495100
2018-12-31,78.94999694824219,79.25,78.93000030517578,79.20999908447266,65.66168212890625,5651100
2019-01-02,79.27999877929688,79.37999725341797,79.25,79.37000274658203,65.7943344116211,4142500
2019-01-03,79.38999938964844,79.75,79.37000274658203,79.68000030517578,66.05131530761719,4908400
2019-01-04,79.47000122070312,79.4800033569336,79.33999633789062,79.44000244140625,65.85237121582031,4583600
2019-01-07,79.47000122070312,79.51000213623047,79.29000091552734,79.31999969482422,65.75284576416016,4121700
2019-01-08,79.25,79.31999969482422,79.19999694824219,79.22000122070312,65.66999816894531,1745400
2019-01-09,79.23999786376953,79.36000061035156,79.2300033569336,79.33000183105469,65.76117706298828,1989600
2019-01-10,79.2699966430664,79.3499984741211,79.13999938964844,79.16999816894531,65.62849426269531,2579900
2019-01-11,79.33999633789062,79.4000015258789,79.30000305175781,79.33000183105469,65.76117706298828,3097100
2019-01-14,79.3499984741211,79.37000274658203,79.25,79.26000213623047,65.70316314697266,2395700
2019-01-15,79.36000061035156,79.4000015258789,79.22000122070312,79.2699966430664,65.71141815185547,1742900
2019-01-16,79.2300033569336,79.31999969482422,79.19000244140625,79.30000305175781,65.73634338378906,1697700
2019-01-17,79.30000305175781,79.30999755859375,79.18000030517578,79.20999908447266,65.66168212890625,2394700
2019-01-18,79.20999908447266,79.29000091552734,79.13999938964844,79.1500015258789,65.61194610595703,3722400
2019-01-22,79.30000305175781,79.4000015258789,79.27999877929688,79.29000091552734,65.72801208496094,3917700
2019-01-23,79.25,79.43000030517578,79.25,79.37000274658203,65.7943344116211,2536100
2019-01-24,79.5199966430664,79.58999633789062,79.48999786376953,79.54000091552734,65.93521881103516,2700300
2019-01-25,79.45999908447266,79.51000213623047,79.41000366210938,79.44999694824219,65.86066436767578,2073100
2019-01-28,79.45999908447266,79.52999877929688,79.44999694824219,79.4800033569336,65.88554382324219,2938200
2019-01-29,79.54000091552734,79.63999938964844,79.54000091552734,79.63999938964844,66.0181655883789,1772300
2019-01-30,79.58000183105469,79.75,79.51000213623047,79.72000122070312,66.08448028564453,2961400
2019-01-31,79.9800033569336,80.08999633789062,79.94000244140625,80.08999633789062,66.39118194580078,3698100
2019-02-01,79.79000091552734,79.88999938964844,79.5999984741211,79.66999816894531,66.20664978027344,3335000
2019-02-04,79.61000061035156,79.61000061035156,79.52999877929688,79.5999984741211,66.1485366821289,4078600
2019-02-05,79.69999694824219,79.80000305175781,79.69000244140625,79.7699966430664,66.2897720336914,2400300
2019-02-06,79.79000091552734,79.80999755859375,79.69000244140625,79.73999786376953,66.26490783691406,2724700
2019-02-07,79.79000091552734,79.83999633789062,79.75,79.80000305175781,66.31468200683594,2474700
2019-02-08,79.87000274658203,79.9800033569336,79.83999633789062,79.91999816894531,66.4144287109375,1538700
2019-02-11,79.8499984741211,79.91999816894531,79.80999755859375,79.88999938964844,66.38949584960938,2600900
2019-02-12,79.8499984741211,79.88999938964844,79.80999755859375,79.87999725341797,66.38115692138672,1541200
2019-02-13,79.80000305175781,79.80999755859375,79.70999908447266,79.76000213623047,66.28150939941406,1631600
2019-02-14,79.95999908447266,79.98999786376953,79.8499984741211,79.9000015258789,66.39781951904297,1895800
2019-02-15,79.88999938964844,79.93000030517578,79.87000274658203,79.93000030517578,66.42276763916016,1917900
2019-02-19,80.0,80.02999877929688,79.93000030517578,80.0,66.48091888427734,3792100
2019-02-20,79.9800033569336,80.01000213623047,79.91999816894531,79.97000122070312,66.45601654052734,1768400
2019-02-21,79.83000183105469,79.83000183105469,79.7699966430664,79.80999755859375,66.32304382324219,3411400
2019-02-22,79.91999816894531,80.08000183105469,79.87000274658203,79.98999786376953,66.47266387939453,1936600
2019-02-25,79.95999908447266,79.98999786376953,79.91000366210938,79.95999908447266,66.44764709472656,2244600
2019-02-26,80.05999755859375,80.12000274658203,80.0199966430664,80.06999969482422,66.53910064697266,1405200
2019-02-27,80.0199966430664,80.0199966430664,79.8499984741211,79.91000366210938,66.4061050415039,1323000
2019-02-28,79.91000366210938,79.91000366210938,79.73999786376953,79.81999969482422,66.3313217163086,4028500
2019-03-01,79.55000305175781,79.58000183105469,79.38999938964844,79.38999938964844,66.12647247314453,3035000
2019-03-04,79.52999877929688,79.58000183105469,79.47000122070312,79.52999877929688,66.24302673339844,2531300
2019-03-05,79.4800033569336,79.61000061035156,79.47000122070312,79.58999633789062,66.29302978515625,1924500
2019-03-06,79.66000366210938,79.76000213623047,79.62999725341797,79.69000244140625,66.3763198852539,1629000
2019-03-07,79.83999633789062,79.95999908447266,79.79000091552734,79.91999816894531,66.5678939819336,2322200
2019-03-08,79.95999908447266,80.05000305175781,79.87999725341797,80.0199966430664,66.65119934082031,4388500
2019-03-11,80.02999877929688,80.02999877929688,79.97000122070312,79.9800033569336,66.61788940429688,1891100
2019-03-12,80.05000305175781,80.19000244140625,80.0199966430664,80.16999816894531,66.776123046875,1958500
2019-03-13,80.13999938964844,80.16000366210938,80.0999984741211,80.12999725341797,66.74280548095703,1318600
2019-03-14,80.13999938964844,80.13999938964844,80.01000213623047,80.05999755859375,66.68447875976562,4058400
2019-03-15,80.19000244140625,80.26000213623047,80.13999938964844,80.20999908447266,66.80941772460938,1639300
2019-03-18,80.16999816894531,80.19999694824219,80.08999633789062,80.16000366210938,66.76779174804688,5344200
2019-03-19,80.08000183105469,80.18000030517578,80.05999755859375,80.12000274658203,66.73448944091797,2702400
2019-03-20,80.19000244140625,80.48999786376953,80.16999816894531,80.47000122070312,67.02600860595703,2528700
2019-03-21,80.51000213623047,80.54000091552734,80.4800033569336,80.48999786376953,67.0427017211914,1980500
2019-03-22,80.81999969482422,80.9800033569336,80.75,80.93000030517578,67.40919494628906,2734000
2019-03-25,80.94999694824219,81.18000030517578,80.87999725341797,81.02999877929688,67.49240112304688,2034000
2019-03-26,80.9800033569336,81.12000274658203,80.94999694824219,81.05000305175781,67.50912475585938,3527200
2019-03-27,81.18000030517578,81.30999755859375,81.16000366210938,81.19999694824219,67.63404846191406,2121900
2019-03-28,81.20999908447266,81.2699966430664,81.12999725341797,81.23999786376953,67.6673812866211,1818300
2019-03-29,81.08000183105469,81.19999694824219,81.06999969482422,81.18000030517578,67.61737823486328,1937000
2019-04-01,80.86000061035156,80.86000061035156,80.62000274658203,80.66000366210938,67.35018157958984,4106700
2019-04-02,80.69999694824219,80.77999877929688,80.66000366210938,80.69999694824219,67.38360595703125,6305600
2019-04-03,80.58000183105469,80.62999725341797,80.54000091552734,80.58999633789062,67.291748046875,2177300
2019-04-04,80.62000274658203,80.68000030517578,80.58000183105469,80.66999816894531,67.35855102539062,1586000
2019-04-05,80.61000061035156,80.73999786376953,80.5999984741211,80.7300033569336,67.40866088867188,2131700
2019-04-08,80.73999786376953,80.73999786376953,80.61000061035156,80.6500015258789,67.34184265136719,3794200
2019-04-09,80.77999877929688,80.81999969482422,80.72000122070312,80.7699966430664,67.44206237792969,1919100
2019-04-10,80.80999755859375,80.9000015258789,80.80000305175781,80.87999725341797,67.5339126586914,3414300
2019-04-11,80.80999755859375,80.81999969482422,80.70999908447266,80.73999786376953,67.41698455810547,2641800
2019-04-12,80.66999816894531,80.69000244140625,80.58000183105469,80.58999633789062,67.291748046875,1821800
2019-04-15,80.58000183105469,80.62999725341797,80.56999969482422,80.61000061035156,67.30845642089844,1671300
2019-04-16,80.52999877929688,80.55000305175781,80.44999694824219,80.47000122070312,67.1915283203125,2002000
2019-04-17,80.47000122070312,80.56999969482422,80.45999908447266,80.47000122070312,67.1915283203125,1797500
2019-04-18,80.5999984741211,80.63999938964844,80.52999877929688,80.58000183105469,67.28337860107422,1604600
2019-04-22,80.58000183105469,80.58000183105469,80.45999908447266,80.5,67.21662902832031,1840100
2019-04-23,80.5999984741211,80.6500015258789,80.56999969482422,80.63999938964844,67.3334732055664,2643500
2019-04-24,80.80000305175781,80.86000061035156,80.76000213623047,80.8499984741211,67.50883483886719,1370500
2019-04-25,80.8499984741211,80.87999725341797,80.7699966430664,80.83000183105469,67.49212646484375,1238100
2019-04-26,81.01000213623047,81.05000305175781,80.9800033569336,81.01000213623047,67.64244079589844,1622500
2019-04-29,80.9000015258789,80.91999816894531,80.80000305175781,80.83999633789062,67.50051879882812,1737800
2019-04-30,80.80000305175781,80.95999908447266,80.80000305175781,80.95999908447266,67.60065460205078,2376200
2019-05-01,80.77999877929688,81.0199966430664,80.70999908447266,80.7699966430664,67.60488891601562,2035300
2019-05-02,80.70999908447266,80.7300033569336,80.52999877929688,80.58999633789062,67.45421600341797,2061100
2019-05-03,80.72000122070312,80.79000091552734,80.68000030517578,80.73999786376953,67.57975006103516,1877500
2019-05-06,80.86000061035156,80.91000366210938,80.81999969482422,80.83999633789062,67.6634750366211,2261500
2019-05-07,80.94999694824219,81.0,80.91000366210938,80.95999908447266,67.76388549804688,3223200
2019-05-08,81.0199966430664,81.05999755859375,80.9000015258789,80.9000015258789,67.71368408203125,4750500
2019-05-09,81.05000305175781,81.06999969482422,80.86000061035156,80.9800033569336,67.78068542480469,1926100
2019-05-10,80.98999786376953,81.06999969482422,80.94999694824219,80.97000122070312,67.77228546142578,4679900
2019-05-13,81.12000274658203,81.19999694824219,81.0999984741211,81.13999938964844,67.91455841064453,3427000
2019-05-14,81.16000366210938,81.19999694824219,81.13999938964844,81.19000244140625,67.95641326904297,4478100
2019-05-15,81.33999633789062,81.36000061035156,81.22000122070312,81.30999755859375,68.05686950683594,1940900
2019-05-16,81.23999786376953,81.23999786376953,81.16999816894531,81.19000244140625,67.95641326904297,1862700
2019-05-17,81.30000305175781,81.30999755859375,81.16000366210938,81.20999908447266,67.9731674194336,1615200
2019-05-20,81.20999908447266,81.25,81.11000061035156,81.11000061035156,67.88946533203125,2188000
2019-05-21,81.11000061035156,81.12000274658203,81.05000305175781,81.06999969482422,67.85600280761719,1747000
2019-05-22,81.12000274658203,81.2699966430664,81.12000274658203,81.22000122070312,67.98151397705078,4000500
2019-05-23,81.30999755859375,81.58000183105469,81.30999755859375,81.51000213623047,68.2242431640625,5334000
2019-05-24,81.51000213623047,81.52999877929688,81.45999908447266,81.51000213623047,68.2242431640625,1770100
2019-05-28,81.63999938964844,81.69000244140625,81.58000183105469,81.68000030517578,68.36656951904297,1910600
2019-05-29,81.75,81.86000061035156,81.66000366210938,81.66000366210938,68.3498306274414,3142700
2019-05-30,81.73999786376953,81.91000366210938,81.66999816894531,81.87999725341797,68.53395080566406,2253600
2019-05-31,82.04000091552734,82.23999786376953,81.98999786376953,82.23999786376953,68.83525848388672,5898700
2019-06-03,82.13999938964844,82.31999969482422,82.04000091552734,82.27999877929688,69.03076171875,3787000
2019-06-04,82.16000366210938,82.20999908447266,82.02999877929688,82.13999938964844,68.91328430175781,2906700
2019-06-05,82.18000030517578,82.27999877929688,82.06999969482422,82.13999938964844,68.91328430175781,7341700
2019-06-06,82.16999816894531,82.26000213623047,82.06999969482422,82.12000274658203,68.89654541015625,2995300
2019-06-07,82.36000061035156,82.44999694824219,82.27999877929688,82.33999633789062,69.08109283447266,2490100
2019-06-10,82.26000213623047,82.26000213623047,82.13999938964844,82.16999816894531,68.9384765625,2417400
2019-06-11,82.12000274658203,82.18000030517578,82.08000183105469,82.11000061035156,68.88814544677734,3362100
2019-06-12,82.1500015258789,82.25,82.12999725341797,82.25,69.00559997558594,1904400
2019-06-13,82.30000305175781,82.43000030517578,82.29000091552734,82.38999938964844,69.12306213378906,1946300
2019-06-14,82.30999755859375,82.41999816894531,82.30000305175781,82.4000015258789,69.1314468383789,2260700
2019-06-17,82.30000305175781,82.43000030517578,82.30000305175781,82.4000015258789,69.1314468383789,2792600
2019-06-18,82.66000366210938,82.72000122070312,82.52999877929688,82.58999633789062,69.29084014892578,3342000
2019-06-19,82.4800033569336,82.87000274658203,82.44999694824219,82.87000274658203,69.52571868896484,2496900
2019-06-20,83.0199966430664,83.12999725341797,82.9800033569336,83.0,69.63481140136719,2171600
2019-06-21,82.8499984741211,82.87000274658203,82.70999908447266,82.7699966430664,69.44184112548828,2398100
2019-06-24,82.87999725341797,82.97000122070312,82.8499984741211,82.91999816894531,69.56771087646484,2803800
2019-06-25,82.98999786376953,83.05000305175781,82.88999938964844,82.94999694824219,69.59285736083984,2699800
2019-06-26,82.93000030517578,82.94000244140625,82.75,82.76000213623047,69.43344116210938,2195800
2019-06-27,82.88999938964844,83.02999877929688,82.83000183105469,83.0,69.63481140136719,2021400
2019-06-28,82.95999908447266,83.08999633789062,82.94999694824219,83.06999969482422,69.69353485107422,2554600
2019-07-01,82.91000366210938,82.94999694824219,82.75,82.87000274658203,69.6884765625,2354400
2019-07-02,82.91999816894531,83.05999755859375,82.86000061035156,83.02999877929688,69.82304382324219,3127100
2019-07-03,83.11000061035156,83.22000122070312,83.08000183105469,83.18000030517578,69.9491958618164,1720800
2019-07-05,82.83000183105469,82.8499984741211,82.62000274658203,82.79000091552734,69.62122344970703,2356800
2019-07-08,82.87999725341797,82.91999816894531,82.76000213623047,82.77999877929688,69.6128158569336,1761500
2019-07-09,82.79000091552734,82.79000091552734,82.66000366210938,82.66999816894531,69.52031707763672,1839400
2019-07-10,82.7699966430664,82.80999755859375,82.68000030517578,82.73999786376953,69.5792007446289,2097200
2019-07-11,82.70999908447266,82.7699966430664,82.43000030517578,82.47000122070312,69.35213470458984,3024100
2019-07-12,82.47000122070312,82.56999969482422,82.44000244140625,82.54000091552734,69.4109878540039,2265000
2019-07-15,82.52999877929688,82.66000366210938,82.52999877929688,82.66000366210938,69.51190185546875,2245900
2019-07-16,82.5199966430664,82.58000183105469,82.45999908447266,82.55000305175781,69.41940307617188,2294100
2019-07-17,82.66999816894531,82.80999755859375,82.63999938964844,82.80000305175781,69.62962341308594,2062300
2019-07-18,82.7699966430664,82.9800033569336,82.7300033569336,82.94999694824219,69.75575256347656,3323200
2019-07-19,82.8499984741211,82.91999816894531,82.80999755859375,82.86000061035156,69.68009948730469,2167300
2019-07-22,83.0199966430664,83.02999877929688,82.91999816894531,82.94999694824219,69.75575256347656,1725500
2019-07-23,82.91000366210938,82.94999694824219,82.81999969482422,82.87999725341797,69.6968994140625,1799600
2019-07-24,82.94999694824219,83.02999877929688,82.93000030517578,82.95999908447266,69.76416778564453,2535800
2019-07-25,82.93000030517578,82.94999694824219,82.7300033569336,82.87000274658203,69.6884765625,2199000
2019-07-26,82.91999816894531,82.91999816894531,82.83000183105469,82.87000274658203,69.6884765625,2413500
2019-07-29,82.95999908447266,82.97000122070312,82.87999725341797,82.91999816894531,69.73055267333984,1771900
2019-07-30,82.94000244140625,82.94999694824219,82.83999633789062,82.9000015258789,69.71373748779297,1968800
2019-07-31,82.91999816894531,83.1500015258789,82.77999877929688,83.0,69.79781341552734,2628700
2019-08-01,82.97000122070312,83.44000244140625,82.94000244140625,83.4000015258789,70.29766845703125,3278400
2019-08-02,83.44000244140625,83.5199966430664,83.37000274658203,83.4800033569336,70.36509704589844,5392400
2019-08-05,83.76000213623047,83.9000015258789,83.69999694824219,83.83999633789062,70.66854095458984,4284300
2019-08-06,83.87000274658203,84.06999969482422,83.83000183105469,84.05000305175781,70.84556579589844,4939700
2019-08-07,84.44999694824219,84.5,84.02999877929688,84.05000305175781,70.84556579589844,5516400
2019-08-08,83.9000015258789,84.16999816894531,83.79000091552734,84.12000274658203,70.90457153320312,3244200
2019-08-09,84.16000366210938,84.23999786376953,83.94999694824219,83.97000122070312,70.77811431884766,2832800
2019-08-12,84.2300033569336,84.41000366210938,84.18000030517578,84.33999633789062,71.08997344970703,3008000
2019-08-13,84.37999725341797,84.41000366210938,84.12999725341797,84.20999908447266,70.98041534423828,3299800
2019-08-14,84.52999877929688,84.58000183105469,84.44999694824219,84.51000213623047,71.23326110839844,3395400
2019-08-15,84.66999816894531,85.0199966430664,84.5999984741211,84.91999816894531,71.578857421875,4358100
2019-08-16,84.7699966430664,84.86000061035156,84.58999633789062,84.83000183105469,71.50303649902344,3913600
2019-08-19,84.54000091552734,84.63999938964844,84.5,84.55999755859375,71.275390625,3640100
2019-08-20,84.73999786376953,84.77999877929688,84.68000030517578,84.77999877929688,71.46087646484375,2568100
2019-08-21,84.69999694824219,84.88999938964844,84.6500015258789,84.73999786376953,71.42713165283203,2532300
2019-08-22,84.6500015258789,84.7699966430664,84.54000091552734,84.58000183105469,71.29227447509766,3232600
2019-08-23,84.55000305175781,84.9800033569336,84.5199966430664,84.88999938964844,71.55358123779297,3100100
2019-08-26,84.93000030517578,84.98999786376953,84.77999877929688,84.83999633789062,71.51143646240234,2358800
2019-08-27,84.97000122070312,85.13999938964844,84.94000244140625,85.12999725341797,71.75585174560547,2450800
2019-08-28,85.29000091552734,85.30000305175781,85.13999938964844,85.16000366210938,71.78118896484375,3352400
2019-08-29,85.12000274658203,85.12000274658203,84.94999694824219,85.11000061035156,71.739013671875,2812400
2019-08-30,85.02999877929688,85.16999816894531,85.0,85.0999984741211,71.7305908203125,2861800
2019-09-03,84.9800033569336,85.18000030517578,84.83999633789062,84.98999786376953,71.79647827148438,3345800
2019-09-04,84.97000122070312,85.16000366210938,84.94999694824219,85.1500015258789,71.931640625,2864100
2019-09-05,84.8499984741211,84.9000015258789,84.58000183105469,84.70999908447266,71.5599365234375,3162800
2019-09-06,84.76000213623047,84.8499984741211,84.72000122070312,84.80999755859375,71.6444091796875,2764600
2019-09-09,84.47000122070312,84.55000305175781,84.4000015258789,84.41999816894531,71.31497192382812,2618400
2019-09-10,84.36000061035156,84.37999725341797,83.95999908447266,83.98999786376953,70.95171356201172,2425900
2019-09-11,83.91999816894531,84.04000091552734,83.91000366210938,83.94000244140625,70.90947723388672,2030200
2019-09-12,84.1500015258789,84.18000030517578,83.7300033569336,83.77999877929688,70.77432250976562,3025200
2019-09-13,83.62000274658203,83.66999816894531,83.29000091552734,83.30000305175781,70.36883544921875,3111300
2019-09-16,83.52999877929688,83.5999984741211,83.41000366210938,83.5199966430664,70.5546646118164,2971000
2019-09-17,83.58000183105469,83.77999877929688,83.51000213623047,83.70999908447266,70.71517181396484,2974900
2019-09-18,83.88999938964844,84.04000091552734,83.72000122070312,83.7699966430664,70.765869140625,2557800
2019-09-19,83.98999786376953,84.01000213623047,83.86000061035156,83.88999938964844,70.86723327636719,2631100
2019-09-20,83.98999786376953,84.19999694824219,83.94999694824219,84.19000244140625,71.12065124511719,2436700
2019-09-23,84.30000305175781,84.45999908447266,84.23999786376953,84.25,71.1713638305664,2365800
2019-09-24,84.3499984741211,84.55999755859375,84.31999969482422,84.54000091552734,71.41633605957031,3043500
2019-09-25,84.44000244140625,84.44999694824219,84.08000183105469,84.13999938964844,71.07841491699219,3009500
2019-09-26,84.30999755859375,84.37000274658203,84.23999786376953,84.27999877929688,71.19671630859375,2909900
2019-09-27,84.2699966430664,84.41000366210938,84.2699966430664,84.37000274658203,71.27272033691406,2778400
2019-09-30,84.26000213623047,84.47000122070312,84.2300033569336,84.43000030517578,71.32341003417969,5258400
2019-10-01,84.05000305175781,84.5199966430664,84.0199966430664,84.33000183105469,71.39280700683594,5383100
2019-10-02,84.5,84.5999984741211,84.41999816894531,84.5199966430664,71.55364227294922,3741400
2019-10-03,84.62000274658203,84.93000030517578,84.61000061035156,84.80000305175781,71.79074096679688,3149600
2019-10-04,84.86000061035156,84.9800033569336,84.81999969482422,84.94000244140625,71.9092788696289,3309600
2019-10-07,84.80000305175781,84.87999725341797,84.70999908447266,84.72000122070312,71.72299194335938,4701400
2019-10-08,84.91000366210938,84.91999816894531,84.69999694824219,84.76000213623047,71.75687408447266,3876100
2019-10-09,84.77999877929688,84.77999877929688,84.58999633789062,84.66000366210938,71.67223358154297,3187900
2019-10-10,84.56999969482422,84.58999633789062,84.3499984741211,84.4000015258789,71.45210266113281,3683300
2019-10-11,84.1500015258789,84.16999816894531,83.95999908447266,84.08999633789062,71.18965148925781,3411200
2019-10-14,84.23999786376953,84.25,84.16999816894531,84.2300033569336,71.30816650390625,1600400
2019-10-15,84.18000030517578,84.2300033569336,83.97000122070312,84.01000213623047,71.12193298339844,2408500
2019-10-16,84.05000305175781,84.1500015258789,84.0199966430664,84.0999984741211,71.19813537597656,2549900
2019-10-17,84.08000183105469,84.20999908447266,84.0199966430664,84.0999984741211,71.19813537597656,2420600
2019-10-18,84.13999938964844,84.23999786376953,84.12999725341797,84.13999938964844,71.23197174072266,2467600
2019-10-21,84.05000305175781,84.08999633789062,83.94000244140625,83.94000244140625,71.06267547607422,2328000
2019-10-22,84.11000061035156,84.13999938964844,83.97000122070312,84.08999633789062,71.18965148925781,4545600
2019-10-23,84.22000122070312,84.25,84.12000274658203,84.12999725341797,71.2235107421875,4250400
2019-10-24,84.18000030517578,84.2699966430664,84.12000274658203,84.13999938964844,71.23197174072266,2353700
2019-10-25,84.19000244140625,84.19000244140625,83.94999694824219,84.0,71.11344909667969,2157500
2019-10-28,83.83999633789062,83.8499984741211,83.76000213623047,83.81999969482422,70.96105194091797,2861600
2019-10-29,83.93000030517578,83.93000030517578,83.81999969482422,83.83999633789062,70.97802734375,2729800
2019-10-30,83.94000244140625,84.12000274658203,83.88999938964844,84.11000061035156,71.20658111572266,2831800
2019-10-31,84.33999633789062,84.5199966430664,84.30000305175781,84.51000213623047,71.54524230957031,3058400
2019-11-01,84.25,84.36000061035156,84.11000061035156,84.25,71.48160552978516,2771900
2019-11-04,84.05000305175781,84.05999755859375,83.95999908447266,84.01000213623047,71.2779541015625,2444500
2019-11-05,83.79000091552734,83.80000305175781,83.62000274658203,83.72000122070312,71.0318832397461,2890600
2019-11-06,83.75,83.94000244140625,83.7300033569336,83.9000015258789,71.18465423583984,3147000
2019-11-07,83.62000274658203,83.62000274658203,83.26000213623047,83.47000122070312,70.8198013305664,3767100
2019-11-08,83.44999694824219,83.58999633789062,83.37999725341797,83.38999938964844,70.75192260742188,2130600
2019-11-11,83.5,83.52999877929688,83.37999725341797,83.44000244140625,70.79437255859375,1926100
2019-11-12,83.47000122070312,83.55000305175781,83.37999725341797,83.48999786376953,70.83677673339844,3072600
2019-11-13,83.66000366210938,83.70999908447266,83.58999633789062,83.63999938964844,70.96402740478516,2690800
2019-11-14,83.93000030517578,83.95999908447266,83.87000274658203,83.87999725341797,71.16764831542969,2299700
2019-11-15,83.81999969482422,83.91999816894531,83.80000305175781,83.8499984741211,71.14221954345703,2342200
2019-11-18,83.98999786376953,84.04000091552734,83.94999694824219,83.97000122070312,71.24402618408203,3553000
2019-11-19,83.9800033569336,84.0999984741211,83.97000122070312,84.05999755859375,71.32038116455078,3712600
2019-11-20,84.20999908447266,84.30000305175781,84.1500015258789,84.29000091552734,71.5155258178711,4924100
2019-11-21,84.18000030517578,84.19000244140625,84.06999969482422,84.1500015258789,71.39673614501953,2779600
2019-11-22,84.23999786376953,84.25,84.12999725341797,84.19999694824219,71.43914794921875,3119700
2019-11-25,84.26000213623047,84.30999755859375,84.2300033569336,84.27999877929688,71.50707244873047,3444700
2019-11-26,84.4000015258789,84.44000244140625,84.3499984741211,84.41999816894531,71.6258316040039,3207400
2019-11-27,84.30999755859375,84.3499984741211,84.2699966430664,84.29000091552734,71.5155258178711,2293000
2019-11-29,84.29000091552734,84.30999755859375,84.19000244140625,84.29000091552734,71.5155258178711,2535100
2019-12-02,83.83000183105469,83.88999938964844,83.76000213623047,83.88999938964844,71.32845306396484,3745800
2019-12-03,84.16999816894531,84.43000030517578,84.12999725341797,84.33999633789062,71.71107482910156,3393600
2019-12-04,84.26000213623047,84.27999877929688,84.05999755859375,84.16999816894531,71.56653594970703,3876800
2019-12-05,84.04000091552734,84.12999725341797,83.9800033569336,84.08000183105469,71.49002838134766,2850000
2019-12-06,83.91000366210938,84.0999984741211,83.87000274658203,83.97000122070312,71.39646911621094,4121700
2019-12-09,84.08000183105469,84.08999633789062,83.9800033569336,83.98999786376953,71.41349029541016,2795100
2019-12-10,84.04000091552734,84.05000305175781,83.9000015258789,83.93000030517578,71.36248016357422,2700500
2019-12-11,84.06999969482422,84.25,84.04000091552734,84.20999908447266,71.60054779052734,2581800
2019-12-12,84.1500015258789,84.16000366210938,83.70999908447266,83.80999755859375,71.26043701171875,4645900
2019-12-13,84.02999877929688,84.2300033569336,83.86000061035156,84.19000244140625,71.58354949951172,3877700
2019-12-16,84.05000305175781,84.06999969482422,83.94000244140625,83.95999908447266,71.38798522949219,2876500
2019-12-17,84.08000183105469,84.0999984741211,83.94000244140625,83.97000122070312,71.39646911621094,3282700
2019-12-18,83.98999786376953,83.98999786376953,83.80000305175781,83.86000061035156,71.30294799804688,3786100
2019-12-19,83.87999725341797,83.98999786376953,83.83000183105469,83.91999816894531,71.35397338867188,3240600
2019-12-20,83.87000274658203,83.95999908447266,83.81999969482422,83.94000244140625,71.3709716796875,3646300
2019-12-23,83.79000091552734,83.80000305175781,83.62999725341797,83.69999694824219,71.3258285522461,4192500
2019-12-24,83.62999725341797,83.80000305175781,83.61000061035156,83.77999877929688,71.39399719238281,1682800
2019-12-26,83.81999969482422,83.86000061035156,83.72000122070312,83.86000061035156,71.46215057373047,2036400
2019-12-27,83.95999908447266,83.98999786376953,83.93000030517578,83.9800033569336,71.56444549560547,1940300
2019-12-30,83.76000213623047,83.94999694824219,83.7300033569336,83.94999694824219,71.53885650634766,2562000
2019-12-31,83.8499984741211,83.91999816894531,83.7699966430664,83.86000061035156,71.46215057373047,5931300
2020-01-02,83.9800033569336,84.11000061035156,83.93000030517578,83.97000122070312,71.5558853149414,5511000
2020-01-03,84.18000030517578,84.29000091552734,84.0999984741211,84.2699966430664,71.8115463256836,5368300
2020-01-06,84.30000305175781,84.30999755859375,84.11000061035156,84.16999816894531,71.72632598876953,3710400
2020-01-07,84.19999694824219,84.19999694824219,84.06999969482422,84.0999984741211,71.66670227050781,3029900
2020-01-08,84.12999725341797,84.19999694824219,83.9000015258789,83.97000122070312,71.5558853149414,3674400
2020-01-09,83.91000366210938,84.0999984741211,83.86000061035156,84.06999969482422,71.6411361694336,5886600
2020-01-10,84.16000366210938,84.23999786376953,84.0999984741211,84.20999908447266,71.76042938232422,4525700
2020-01-13,84.18000030517578,84.18000030517578,84.0999984741211,84.16000366210938,71.71778869628906,3735700
2020-01-14,84.19999694824219,84.29000091552734,84.18000030517578,84.27999877929688,71.82009887695312,3492300
2020-01-15,84.4000015258789,84.41000366210938,84.30999755859375,84.41000366210938,71.93084716796875,2594300
2020-01-16,84.37000274658203,84.43000030517578,84.30999755859375,84.36000061035156,71.88822937011719,4784100
2020-01-17,84.2699966430664,84.36000061035156,84.25,84.3499984741211,71.87971496582031,3090600
2020-01-21,84.48999786376953,84.58999633789062,84.41999816894531,84.55999755859375,72.05866241455078,2910600
2020-01-22,84.58999633789062,84.62999725341797,84.55999755859375,84.62999725341797,72.11832427978516,4192100
2020-01-23,84.77999877929688,84.83000183105469,84.72000122070312,84.77999877929688,72.24616241455078,3104800
2020-01-24,84.83000183105469,85.0,84.80000305175781,84.91000366210938,72.35691833496094,4548400
2020-01-27,85.16999816894531,85.19999694824219,85.0999984741211,85.19000244140625,72.59550476074219,3208600
2020-01-28,85.12999725341797,85.13999938964844,84.9800033569336,85.04000091552734,72.46772003173828,3993400
2020-01-29,85.16999816894531,85.33000183105469,85.13999938964844,85.27999877929688,72.67222595214844,4177500
2020-01-30,85.36000061035156,85.44999694824219,85.2300033569336,85.30000305175781,72.68927001953125,4795700
2020-01-31,85.4000015258789,85.58000183105469,85.37999725341797,85.5199966430664,72.87672424316406,6264000
2020-02-03,85.22000122070312,85.30000305175781,85.08999633789062,85.26000213623047,72.81095886230469,6030800
2020-02-04,85.02999877929688,85.04000091552734,84.91999816894531,85.0,72.58897399902344,4180900
2020-02-05,84.88999938964844,84.94000244140625,84.83000183105469,84.86000061035156,72.46941375732422,3537200
2020-02-06,84.91000366210938,84.95999908447266,84.8499984741211,84.94000244140625,72.5377197265625,3435700
2020-02-07,85.16999816894531,85.2300033569336,85.11000061035156,85.19999694824219,72.75975799560547,4169700
2020-02-10,85.3499984741211,85.38999938964844,85.2699966430664,85.33000183105469,72.87076568603516,2785500
2020-02-11,85.29000091552734,85.31999969482422,85.18000030517578,85.19000244140625,72.75119018554688,3799400
2020-02-12,85.0999984741211,85.12999725341797,85.05000305175781,85.08999633789062,72.66578674316406,4127500
2020-02-13,85.13999938964844,85.2300033569336,85.0999984741211,85.16999816894531,72.73412322998047,2852500
2020-02-14,85.31999969482422,85.33999633789062,85.25,85.26000213623047,72.81095886230469,3069000
2020-02-18,85.43000030517578,85.47000122070312,85.31999969482422,85.38999938964844,72.92201232910156,3645200
2020-02-19,85.36000061035156,85.43000030517578,85.31999969482422,85.37999725341797,72.91345977783203,3109600
2020-02-20,85.4800033569336,85.58999633789062,85.44999694824219,85.58999633789062,73.0927734375,8404000
2020-02-21,85.76000213623047,85.93000030517578,85.7300033569336,85.80000305175781,73.27217102050781,6561500
2020-02-24,86.16999816894531,86.19000244140625,86.05999755859375,86.06999969482422,73.50276184082031,6314500
2020-02-25,86.08999633789062,86.25,86.06999969482422,86.13999938964844,73.56250762939453,7928900
2020-02-26,86.08000183105469,86.29000091552734,86.0,86.08999633789062,73.51978302001953,8015900
2020-02-27,86.26000213623047,86.37999725341797,86.12000274658203,86.19000244140625,73.60520935058594,9514600
2020-02-28,86.5199966430664,86.87000274658203,86.4000015258789,86.76000213623047,74.09197235107422,16377200
2020-03-02,86.81999969482422,86.91000366210938,86.5,86.52999877929688,74.043212890625,10154400
2020-03-03,86.56999969482422,87.5199966430664,86.54000091552734,87.05000305175781,74.48815155029297,9323900
2020-03-04,87.26000213623047,87.4000015258789,87.0,87.02999877929688,74.47102355957031,7445600
2020-03-05,87.37999725341797,87.5,87.27999877929688,87.36000061035156,74.75341033935547,5385000
2020-03-06,88.20999908447266,88.26000213623047,87.66000366210938,87.95999908447266,75.26683044433594,10176200
2020-03-09,89.26000213623047,89.31999969482422,87.72000122070312,87.7699966430664,75.10426330566406,12445600
2020-03-10,87.44000244140625,87.69000244140625,86.58999633789062,86.58999633789062,74.09455108642578,14177600
2020-03-11,86.77999877929688,87.23999786376953,84.87000274658203,84.94999694824219,72.69120788574219,10511600
2020-03-12,83.4800033569336,84.88999938964844,76.48999786376953,80.33000183105469,68.7379150390625,16986900
2020-03-13,81.69000244140625,84.44999694824219,81.5,83.72000122070312,71.6386947631836,14137500
2020-03-16,81.31999969482422,84.6500015258789,79.51000213623047,84.5999984741211,72.39170837402344,8411000
2020-03-17,83.55000305175781,84.72000122070312,82.79000091552734,82.8499984741211,70.89423370361328,13629700
2020-03-18,81.44000244140625,82.66999816894531,80.30999755859375,80.8499984741211,69.182861328125,10076800
2020-03-19,79.73999786376953,81.58000183105469,79.58000183105469,80.80000305175781,69.14009094238281,11007200
2020-03-20,80.69999694824219,82.55000305175781,80.69000244140625,82.16999816894531,70.31236267089844,8864500
2020-03-23,81.20999908447266,83.98999786376953,81.19999694824219,83.98999786376953,71.86973571777344,10973300
2020-03-24,82.94999694824219,84.23999786376953,82.73999786376953,84.08000183105469,71.9467544555664,9371200
2020-03-25,84.13999938964844,85.6500015258789,84.13999938964844,85.20999908447266,72.91365051269531,9655500
2020-03-26,85.05000305175781,85.69000244140625,85.04000091552734,85.5999984741211,73.24742126464844,10803800
2020-03-27,85.37000274658203,86.13999938964844,85.20999908447266,86.05999755859375,73.64102172851562,4975200
2020-03-30,86.0199966430664,86.56999969482422,86.0199966430664,86.1500015258789,73.71802520751953,6030800
2020-03-31,86.25,86.41999816894531,85.3499984741211,85.3499984741211,73.03350067138672,8523900
2020-04-01,86.12000274658203,86.26000213623047,85.55000305175781,85.5999984741211,73.41082763671875,5995000
2020-04-02,86.12000274658203,86.18000030517578,85.88999938964844,86.0,73.75385284423828,6356100
2020-04-03,86.05000305175781,86.12999725341797,85.83000183105469,85.95999908447266,73.71957397460938,4151200
2020-04-06,86.30000305175781,86.30000305175781,86.0,86.2300033569336,73.95112609863281,4373100
2020-04-07,86.2300033569336,86.38999938964844,86.05999755859375,86.30999755859375,74.01971435546875,6009600
2020-04-08,86.30000305175781,86.52999877929688,86.19999694824219,86.52999877929688,74.20841979980469,4572300
2020-04-09,86.75,87.4800033569336,86.75,87.4800033569336,75.02311706542969,5070700
2020-04-13,87.38999938964844,87.38999938964844,86.94000244140625,87.19999694824219,74.78299713134766,7018100
2020-04-14,87.38999938964844,87.38999938964844,87.11000061035156,87.19999694824219,74.78299713134766,5818300
2020-04-15,87.23999786376953,87.6500015258789,87.19999694824219,87.62999725341797,75.15177154541016,3922500
2020-04-16,87.62999725341797,87.80000305175781,87.5,87.68000030517578,75.19464111328125,3459600
2020-04-17,87.70999908447266,87.86000061035156,87.41999816894531,87.55999755859375,75.09172058105469,3528300
2020-04-20,87.52999877929688,87.54000091552734,87.33999633789062,87.41999816894531,74.9716796875,3705200
2020-04-21,87.69999694824219,87.70999908447266,87.44000244140625,87.52999877929688,75.06599426269531,4513000
2020-04-22,87.44999694824219,87.5199966430664,87.33000183105469,87.45999908447266,75.00596618652344,3240100
2020-04-23,87.56999969482422,87.66999816894531,87.5,87.5999984741211,75.12602233886719,2587200
2020-04-24,87.55999755859375,87.62000274658203,87.47000122070312,87.56999969482422,75.10029602050781,2272600
2020-04-27,87.52999877929688,87.55000305175781,87.23999786376953,87.26000213623047,74.8344497680664,3117300
2020-04-28,87.5,87.55000305175781,87.4000015258789,87.5199966430664,75.05743408203125,3118800
2020-04-29,87.63999938964844,87.70999908447266,87.4800033569336,87.58000183105469,75.10887145996094,4867500
2020-04-30,87.69000244140625,87.72000122070312,87.5,87.51000213623047,75.04887390136719,5390100
2020-05-01,87.37999725341797,87.44999694824219,87.16000366210938,87.30000305175781,75.01792907714844,4857100
2020-05-04,87.33999633789062,87.41999816894531,87.2699966430664,87.38999938964844,75.09526062011719,7276600
2020-05-05,87.30999755859375,87.37000274658203,87.27999877929688,87.30999755859375,75.02650451660156,3625600
2020-05-06,87.23999786376953,87.27999877929688,86.86000061035156,86.91999816894531,74.69136810302734,5006600
2020-05-07,87.18000030517578,87.23999786376953,86.97000122070312,87.19999694824219,74.9319839477539,3425600
2020-05-08,87.12999725341797,87.16999816894531,86.9000015258789,86.94999694824219,74.71713256835938,3078900
2020-05-11,86.93000030517578,86.97000122070312,86.62999725341797,86.68000030517578,74.4851303100586,4344300
2020-05-12,86.87000274658203,87.06999969482422,86.77999877929688,86.95999908447266,74.72575378417969,3942700
2020-05-13,87.13999938964844,87.19000244140625,87.01000213623047,87.05999755859375,74.81167602539062,2628900
2020-05-14,87.2300033569336,87.30000305175781,87.18000030517578,87.30000305175781,75.01792907714844,2844700
2020-05-15,87.51000213623047,87.51000213623047,87.27999877929688,87.3499984741211,75.06085968017578,2871300
2020-05-18,87.38999938964844,87.38999938964844,87.06999969482422,87.19000244140625,74.92337799072266,3573700
2020-05-19,87.2699966430664,87.30999755859375,87.16000366210938,87.30000305175781,75.01792907714844,3083000
2020-05-20,87.37000274658203,87.56999969482422,87.2699966430664,87.52999877929688,75.21554565429688,4388600
2020-05-21,87.5999984741211,87.69000244140625,87.55999755859375,87.62000274658203,75.29290008544922,5762200
2020-05-22,87.68000030517578,87.68000030517578,87.61000061035156,87.6500015258789,75.31867218017578,3710300
2020-05-26,87.66000366210938,87.66000366210938,87.52999877929688,87.5999984741211,75.27571105957031,5193900
2020-05-27,87.75,87.77999877929688,87.56999969482422,87.63999938964844,75.3100814819336,7606400
2020-05-28,87.55000305175781,87.66999816894531,87.5,87.66999816894531,75.33588409423828,7381900
2020-05-29,87.72000122070312,87.94000244140625,87.62999725341797,87.91999816894531,75.5506820678711,6196500
2020-06-01,87.58999633789062,87.68000030517578,87.55000305175781,87.68000030517578,75.48955535888672,4345600
2020-06-02,87.66999816894531,87.75,87.62999725341797,87.75,75.5498275756836,5445500
2020-06-03,87.62999725341797,87.68000030517578,87.45999908447266,87.55000305175781,75.3776626586914,5036400
2020-06-04,87.61000061035156,87.63999938964844,87.30000305175781,87.33999633789062,75.19683074951172,6341700
2020-06-05,87.19999694824219,87.33000183105469,87.02999877929688,87.33000183105469,75.1882095336914,6465600
2020-06-08,87.27999877929688,87.48999786376953,87.22000122070312,87.41999816894531,75.26571655273438,4491000
2020-06-09,87.58999633789062,87.62000274658203,87.4800033569336,87.4800033569336,75.31736755371094,5445200
2020-06-10,87.63999938964844,87.8499984741211,87.5,87.8499984741211,75.63592529296875,3951600
2020-06-11,87.94000244140625,87.94000244140625,87.68000030517578,87.69000244140625,75.4981460571289,5026500
2020-06-12,87.83000183105469,87.91000366210938,87.69000244140625,87.77999877929688,75.57564544677734,4087300
2020-06-15,87.86000061035156,88.05999755859375,87.79000091552734,87.95999908447266,75.7305908203125,4486100
2020-06-16,88.08999633789062,88.08999633789062,87.77999877929688,87.8499984741211,75.63592529296875,9338500
2020-06-17,87.93000030517578,87.94000244140625,87.70999908447266,87.87000274658203,75.65312194824219,3900300
2020-06-18,87.94000244140625,88.0,87.87999725341797,87.97000122070312,75.73921966552734,2988600
2020-06-19,87.94000244140625,88.0199966430664,87.94000244140625,88.0,75.76509857177734,2606400
2020-06-22,88.12000274658203,88.16000366210938,87.94999694824219,87.97000122070312,75.73921966552734,3048400
2020-06-23,88.01000213623047,88.0199966430664,87.91000366210938,87.93000030517578,75.7048110961914,3037100
2020-06-24,87.91000366210938,88.0,87.8499984741211,87.94000244140625,75.71340942382812,3256700
2020-06-25,88.12999725341797,88.13999938964844,88.0,88.02999877929688,75.79090118408203,4318400
2020-06-26,88.16999816894531,88.20999908447266,88.05000305175781,88.19000244140625,75.92867279052734,2911700
2020-06-29,88.22000122070312,88.26000213623047,88.12999725341797,88.25,75.98031616210938,3047300
2020-06-30,88.3499984741211,88.36000061035156,88.16999816894531,88.33999633789062,76.05777740478516,5405900
2020-07-01,88.13999938964844,88.19999694824219,88.0,88.19999694824219,76.07675170898438,3569200
2020-07-02,88.2300033569336,88.33999633789062,88.16999816894531,88.33999633789062,76.19754028320312,4007000
2020-07-06,88.25,88.33000183105469,88.18000030517578,88.30999755859375,76.17164611816406,4026800
2020-07-07,88.37000274658203,88.44999694824219,88.29000091552734,88.44999694824219,76.29241180419922,3300800
2020-07-08,88.4800033569336,88.48999786376953,88.3499984741211,88.4000015258789,76.2492446899414,2908100
2020-07-09,88.44999694824219,88.69000244140625,88.43000030517578,88.63999938964844,76.45629119873047,3189700
2020-07-10,88.75,88.75,88.5199966430664,88.54000091552734,76.3700180053711,2960500
2020-07-13,88.52999877929688,88.5999984741211,88.48999786376953,88.58000183105469,76.40452575683594,3115800
2020-07-14,88.66999816894531,88.73999786376953,88.63999938964844,88.69000244140625,76.49940490722656,3067300
2020-07-15,88.72000122070312,88.7699966430664,88.62999725341797,88.69999694824219,76.50801849365234,3349900
2020-07-16,88.81999969482422,88.86000061035156,88.76000213623047,88.76000213623047,76.55979919433594,2856100
2020-07-17,88.91000366210938,88.93000030517578,88.7699966430664,88.8499984741211,76.63742065429688,2430300
2020-07-20,89.0,89.0,88.87999725341797,88.94000244140625,76.71508026123047,2771000
2020-07-21,89.01000213623047,89.04000091552734,88.97000122070312,88.98999786376953,76.75818634033203,3044700
2020-07-22,89.12000274658203,89.13999938964844,89.05000305175781,89.11000061035156,76.86166381835938,5609100
2020-07-23,89.23999786376953,89.23999786376953,89.1500015258789,89.19000244140625,76.93070983886719,4394900
2020-07-24,89.16000366210938,89.2300033569336,89.08999633789062,89.16999816894531,76.91343688964844,2980400
2020-07-27,89.2699966430664,89.27999877929688,89.0,89.11000061035156,76.86166381835938,5146900
2020-07-28,89.20999908447266,89.23999786376953,89.08000183105469,89.1500015258789,76.89619445800781,5547800
2020-07-29,89.19999694824219,89.29000091552734,89.16000366210938,89.29000091552734,77.01697540283203,3136200
2020-07-30,89.31999969482422,89.37000274658203,89.30000305175781,89.33999633789062,77.0600357055664,2621100
2020-07-31,89.3499984741211,89.47000122070312,89.2699966430664,89.45999908447266,77.16355895996094,5110000
2020-08-03,89.31999969482422,89.33000183105469,89.16999816894531,89.2699966430664,77.13677215576172,6270000
2020-08-04,89.37000274658203,89.45999908447266,89.3499984741211,89.45999908447266,77.30097198486328,5325100
2020-08-05,89.37000274658203,89.38999938964844,89.27999877929688,89.33999633789062,77.197265625,4931500
2020-08-06,89.4800033569336,89.58000183105469,89.44000244140625,89.4800033569336,77.31822967529297,3933400
2020-08-07,89.55000305175781,89.58999633789062,89.3499984741211,89.37999725341797,77.23186492919922,3764400
2020-08-10,89.4800033569336,89.5,89.2699966430664,89.27999877929688,77.14542388916016,3708400
2020-08-11,89.0999984741211,89.0999984741211,88.87999725341797,88.97000122070312,76.8775634765625,8125700
2020-08-12,88.8499984741211,88.8499984741211,88.70999908447266,88.73999786376953,76.6788101196289,4530800
2020-08-13,88.7699966430664,88.7699966430664,88.36000061035156,88.44999694824219,76.42823028564453,3969800
2020-08-14,88.5,88.54000091552734,88.33000183105469,88.3499984741211,76.34185028076172,3454400
2020-08-17,88.44000244140625,88.55000305175781,88.38999938964844,88.45999908447266,76.43687438964844,3995400
2020-08-18,88.56999969482422,88.62999725341797,88.51000213623047,88.58000183105469,76.54057312011719,6371100
2020-08-19,88.69999694824219,88.69999694824219,88.4000015258789,88.43000030517578,76.41094970703125,4628100
2020-08-20,88.66000366210938,88.68000030517578,88.56999969482422,88.58000183105469,76.54057312011719,4623400
2020-08-21,88.68000030517578,88.7699966430664,88.58000183105469,88.7699966430664,76.70475006103516,3642100
2020-08-24,88.75,88.79000091552734,88.63999938964844,88.66999816894531,76.61831665039062,2960400
2020-08-25,88.5199966430664,88.55999755859375,88.33999633789062,88.5,76.47145080566406,4830800
2020-08-26,88.47000122070312,88.51000213623047,88.3499984741211,88.44999694824219,76.42823028564453,4853800
2020-08-27,88.62000274658203,88.62000274658203,88.12000274658203,88.12999725341797,76.15172576904297,5125700
2020-08-28,88.23999786376953,88.29000091552734,88.12000274658203,88.19999694824219,76.21223449707031,4281200
2020-08-31,88.30000305175781,88.54000091552734,88.26000213623047,88.45999908447266,76.43687438964844,16000300
2020-09-01,88.25,88.56999969482422,88.18000030517578,88.55000305175781,76.64724731445312,7201700
2020-09-02,88.54000091552734,88.7699966430664,88.52999877929688,88.73999786376953,76.81167602539062,5054900
2020-09-03,88.80999755859375,88.88999938964844,88.70999908447266,88.75,76.82035064697266,7543900
2020-09-04,88.62000274658203,88.63999938964844,88.2300033569336,88.2300033569336,76.37024688720703,6588300
2020-09-08,88.41999816894531,88.48999786376953,88.31999969482422,88.36000061035156,76.48277282714844,4440300
2020-09-09,88.4000015258789,88.44999694824219,88.23999786376953,88.30000305175781,76.4308090209961,6048200
2020-09-10,88.2300033569336,88.36000061035156,88.16999816894531,88.31999969482422,76.44813537597656,5331800
2020-09-11,88.43000030517578,88.45999908447266,88.3499984741211,88.41000366210938,76.52603912353516,5301400
2020-09-14,88.48999786376953,88.52999877929688,88.4000015258789,88.41000366210938,76.52603912353516,4256400
2020-09-15,88.45999908447266,88.48999786376953,88.4000015258789,88.45999908447266,76.56932067871094,3746900
2020-09-16,88.58000183105469,88.5999984741211,88.33999633789062,88.44000244140625,76.55201721191406,4851800
2020-09-17,88.5999984741211,88.61000061035156,88.41999816894531,88.44000244140625,76.55201721191406,2815400
2020-09-18,88.5199966430664,88.5199966430664,88.33000183105469,88.33999633789062,76.46543884277344,2938800
2020-09-21,88.48999786376953,88.5,88.37999725341797,88.38999938964844,76.50874328613281,4981500
2020-09-22,88.4000015258789,88.47000122070312,88.3499984741211,88.41999816894531,76.53466796875,4442200
2020-09-23,88.41000366210938,88.44000244140625,88.22000122070312,88.22000122070312,76.3615951538086,4659600
2020-09-24,88.31999969482422,88.33000183105469,88.19000244140625,88.2300033569336,76.37024688720703,4225900
2020-09-25,88.30000305175781,88.30000305175781,88.19000244140625,88.22000122070312,76.3615951538086,5602600
2020-09-28,88.2699966430664,88.30999755859375,88.2300033569336,88.30000305175781,76.4308090209961,4215100
2020-09-29,88.38999938964844,88.44000244140625,88.33000183105469,88.36000061035156,76.48277282714844,7929700
2020-09-30,88.27999877929688,88.30000305175781,88.12999725341797,88.22000122070312,76.3615951538086,6113600
2020-10-01,87.98999786376953,88.19000244140625,87.97000122070312,88.16000366210938,76.43960571289062,4485900
2020-10-02,88.20999908447266,88.20999908447266,87.9800033569336,88.0999984741211,76.38758087158203,5557100
2020-10-05,87.9800033569336,87.9800033569336,87.7699966430664,87.7699966430664,76.10142517089844,6298400
2020-10-06,87.86000061035156,88.04000091552734,87.73999786376953,87.88999938964844,76.20549774169922,5705900
2020-10-07,87.81999969482422,87.9000015258789,87.72000122070312,87.7699966430664,76.10142517089844,3494600
2020-10-08,87.88999938964844,87.94999694824219,87.8499984741211,87.91999816894531,76.23155212402344,5661600
2020-10-09,87.83000183105469,87.94000244140625,87.76000213623047,87.94000244140625,76.24887084960938,4105000
2020-10-12,87.98999786376953,88.0999984741211,87.95999908447266,88.06999969482422,76.3615951538086,3383500
2020-10-13,88.12000274658203,88.19999694824219,88.08999633789062,88.13999938964844,76.42224884033203,4121100
2020-10-14,88.16999816894531,88.2300033569336,88.12000274658203,88.19000244140625,76.46564483642578,6966400
2020-10-15,88.19000244140625,88.23999786376953,88.0999984741211,88.13999938964844,76.42224884033203,3877900
2020-10-16,88.16000366210938,88.20999908447266,88.04000091552734,88.06999969482422,76.3615951538086,3424500
2020-10-19,88.01000213623047,88.02999877929688,87.91999816894531,87.98999786376953,76.29222106933594,5206600
2020-10-20,87.93000030517578,87.93000030517578,87.80999755859375,87.83999633789062,76.16217041015625,4652700
2020-10-21,87.80000305175781,87.83999633789062,87.72000122070312,87.73999786376953,76.0754623413086,4115700
2020-10-22,87.7300033569336,87.73999786376953,87.56999969482422,87.58999633789062,75.94538879394531,5036700
2020-10-23,87.58000183105469,87.75,87.56999969482422,87.69999694824219,76.040771484375,3237300
2020-10-26,87.80999755859375,87.91000366210938,87.80000305175781,87.83000183105469,76.15350341796875,4177000
2020-10-27,87.97000122070312,88.05999755859375,87.9000015258789,88.04000091552734,76.3355484008789,3293100
2020-10-28,88.08999633789062,88.08999633789062,87.88999938964844,87.91999816894531,76.23155212402344,4766400
2020-10-29,87.91999816894531,87.94000244140625,87.63999938964844,87.7300033569336,76.0667724609375,4200700
2020-10-30,87.68000030517578,87.76000213623047,87.5,87.58000183105469,75.93669891357422,9731400
2020-11-02,87.55999755859375,87.62999725341797,87.5199966430664,87.55000305175781,76.04181671142578,4021200
2020-11-03,87.5199966430664,87.54000091552734,87.41999816894531,87.52999877929688,76.02445983886719,3985400
2020-11-04,88.06999969482422,88.19000244140625,88.0,88.12999725341797,76.54557800292969,5667400
2020-11-05,88.27999877929688,88.29000091552734,88.11000061035156,88.22000122070312,76.62377166748047,4128700
2020-11-06,88.01000213623047,88.06999969482422,87.91999816894531,88.0199966430664,76.4500732421875,3844500
2020-11-09,87.73999786376953,87.76000213623047,87.44000244140625,87.61000061035156,76.09396362304688,5712700
2020-11-10,87.43000030517578,87.55000305175781,87.38999938964844,87.44000244140625,75.9462890625,5169600
2020-11-11,87.44000244140625,87.51000213623047,87.37999725341797,87.5,75.99837493896484,3365700
2020-11-12,87.6500015258789,87.79000091552734,87.5999984741211,87.79000091552734,76.25030517578125,4178500
2020-11-13,87.83000183105469,87.87999725341797,87.79000091552734,87.81999969482422,76.27629852294922,3199500
2020-11-16,87.81999969482422,87.87999725341797,87.79000091552734,87.87000274658203,76.31973266601562,4059400
2020-11-17,87.95999908447266,88.05000305175781,87.91999816894531,88.0199966430664,76.4500732421875,5537500
2020-11-18,88.12000274658203,88.12999725341797,88.05000305175781,88.12000274658203,76.53688049316406,6089500
2020-11-19,88.20999908447266,88.33999633789062,88.16999816894531,88.30000305175781,76.6932144165039,6207000
2020-11-20,88.31999969482422,88.41000366210938,88.25,88.37999725341797,76.76271057128906,6611300
2020-11-23,88.36000061035156,88.37000274658203,88.2699966430664,88.30999755859375,76.70188903808594,3506600
2020-11-24,88.30000305175781,88.31999969482422,88.19999694824219,88.22000122070312,76.62377166748047,4678800
2020-11-25,88.2699966430664,88.30999755859375,88.16999816894531,88.18000030517578,76.58903503417969,5282000
2020-11-27,88.29000091552734,88.37999725341797,88.27999877929688,88.37000274658203,76.7540512084961,2226300
2020-11-30,88.37000274658203,88.5,88.3499984741211,88.48999786376953,76.85823822021484,4729900
2020-12-01,88.26000213623047,88.2699966430664,88.0,88.08000183105469,76.6259994506836,7331400
2020-12-02,88.0199966430664,88.19000244140625,87.81999969482422,87.93000030517578,76.49547576904297,4631300
2020-12-03,88.12999725341797,88.19000244140625,88.0,88.0999984741211,76.64337158203125,3685300
2020-12-04,88.0,88.0199966430664,87.80999755859375,87.87000274658203,76.4432601928711,4880200
2020-12-07,87.9800033569336,88.06999969482422,87.95999908447266,87.98999786376953,76.54771423339844,4734800
2020-12-08,88.1500015258789,88.16000366210938,88.01000213623047,88.0199966430664,76.57380676269531,3737300
2020-12-09,87.88999938964844,87.91999816894531,87.80999755859375,87.87000274658203,76.4432601928711,5163900
2020-12-10,87.95999908447266,88.0999984741211,87.91999816894531,88.05000305175781,76.59983825683594,4731400
2020-12-11,88.16000366210938,88.2300033569336,88.12000274658203,88.19000244140625,76.72168731689453,5317100
2020-12-14,88.11000061035156,88.19000244140625,88.01000213623047,88.16000366210938,76.69560241699219,5176800
2020-12-15,88.11000061035156,88.20999908447266,88.0999984741211,88.19999694824219,76.7303695678711,6539900
2020-12-16,88.08999633789062,88.19000244140625,87.98999786376953,88.11000061035156,76.65205383300781,4186700
2020-12-17,88.2300033569336,88.30000305175781,88.04000091552734,88.12999725341797,76.66947174072266,4963600
2020-12-18,88.19000244140625,88.23999786376953,88.05999755859375,88.0999984741211,76.64337158203125,3472700
2020-12-21,88.19000244140625,88.22000122070312,88.05999755859375,88.11000061035156,76.65205383300781,5364200
2020-12-22,88.1500015258789,88.26000213623047,88.08999633789062,88.25,76.77385711669922,4697300
2020-12-23,87.86000061035156,87.87000274658203,87.69999694824219,87.86000061035156,76.68743133544922,5643700
2020-12-24,87.98999786376953,88.02999877929688,87.93000030517578,88.01000213623047,76.81839752197266,1980900
2020-12-28,87.94000244140625,88.02999877929688,87.87000274658203,87.9800033569336,76.7922134399414,4706500
2020-12-29,87.94999694824219,88.05000305175781,87.91000366210938,88.01000213623047,76.81839752197266,4884800
2020-12-30,88.02999877929688,88.08000183105469,87.9800033569336,88.06999969482422,76.87076568603516,3609800
2020-12-31,88.11000061035156,88.20999908447266,88.08999633789062,88.19000244140625,76.97551727294922,6134900
2021-01-04,88.04000091552734,88.0999984741211,87.9800033569336,88.06999969482422,76.87076568603516,7568400
2021-01-05,88.0199966430664,88.04000091552734,87.81999969482422,87.91999816894531,76.73983001708984,6452700
2021-01-06,87.61000061035156,87.61000061035156,87.33999633789062,87.52999877929688,76.39945220947266,5933700
2021-01-07,87.36000061035156,87.41999816894531,87.33000183105469,87.3499984741211,76.24232482910156,6196100
2021-01-08,87.38999938964844,87.38999938964844,87.16999816894531,87.2699966430664,76.1724853515625,7688800
2021-01-11,87.25,87.25,87.0999984741211,87.18000030517578,76.09393310546875,5404300
2021-01-12,87.08999633789062,87.16000366210938,86.94000244140625,87.16000366210938,76.07647705078125,6078800
2021-01-13,87.2699966430664,87.51000213623047,87.22000122070312,87.38999938964844,76.27722930908203,7357100
2021-01-14,87.4000015258789,87.5,87.20999908447266,87.27999877929688,76.18121337890625,7191900
2021-01-15,87.33999633789062,87.43000030517578,87.27999877929688,87.3499984741211,76.24232482910156,4083600
2021-01-19,87.37000274658203,87.4800033569336,87.30000305175781,87.47000122070312,76.34706115722656,7636500
2021-01-20,87.41999816894531,87.5,87.4000015258789,87.45999908447266,76.33834075927734,5889500
2021-01-21,87.33000183105469,87.4000015258789,87.2699966430664,87.33999633789062,76.23357391357422,7890800
2021-01-22,87.41000366210938,87.41999816894531,87.30999755859375,87.37999725341797,76.26850891113281,4439800
2021-01-25,87.48999786376953,87.58999633789062,87.44999694824219,87.58000183105469,76.44306182861328,5126900
2021-01-26,87.54000091552734,87.62000274658203,87.5,87.56999969482422,76.43431091308594,4608700
2021-01-27,87.62999725341797,87.69999694824219,87.55999755859375,87.56999969482422,76.43431091308594,4248500
2021-01-28,87.55999755859375,87.56999969482422,87.41000366210938,87.5,76.37321472167969,4359300
2021-01-29,87.29000091552734,87.4800033569336,87.29000091552734,87.43000030517578,76.3121337890625,6088400
2021-02-01,87.23999786376953,87.37000274658203,87.2300033569336,87.31999969482422,76.3375015258789,5774700
2021-02-02,87.20999908447266,87.23999786376953,87.16999816894531,87.20999908447266,76.24132537841797,4554500
2021-02-03,87.1500015258789,87.16999816894531,87.05999755859375,87.05999755859375,76.11018371582031,4271700
2021-02-04,87.05000305175781,87.11000061035156,86.94000244140625,87.08000183105469,76.12764739990234,4652200
2021-02-05,87.08000183105469,87.12999725341797,86.94999694824219,86.95999908447266,76.02276611328125,4401300
2021-02-08,86.97000122070312,87.12000274658203,86.94000244140625,87.05999755859375,76.11018371582031,5571500
2021-02-09,87.05999755859375,87.13999938964844,87.01000213623047,87.0199966430664,76.07518005371094,4474000
2021-02-10,87.12000274658203,87.16000366210938,87.06999969482422,87.16000366210938,76.1976089477539,3735500
2021-02-11,87.16000366210938,87.19000244140625,87.0199966430664,87.06999969482422,76.11890411376953,4578200
2021-02-12,86.93000030517578,86.97000122070312,86.80999755859375,86.83999633789062,75.9178466796875,4825400
2021-02-16,86.56999969482422,86.58999633789062,86.41000366210938,86.43000030517578,75.5594482421875,6702200
2021-02-17,86.58000183105469,86.62000274658203,86.48999786376953,86.61000061035156,75.7167739868164,5217000
2021-02-18,86.4800033569336,86.5999984741211,86.41999816894531,86.55999755859375,75.6730728149414,4607000
2021-02-19,86.43000030517578,86.44999694824219,86.19999694824219,86.26000213623047,75.41080474853516,4011100
2021-02-22,86.19000244140625,86.29000091552734,86.0,86.0199966430664,75.20096588134766,4809400
2021-02-23,85.87000274658203,86.05000305175781,85.81999969482422,86.0,75.1834945678711,6475900
2021-02-24,85.68000030517578,85.98999786376953,85.62000274658203,85.94999694824219,75.1397933959961,5164600
2021-02-25,85.5999984741211,85.66000366210938,84.91999816894531,85.19999694824219,74.48413848876953,9956100
2021-02-26,85.56999969482422,85.94000244140625,85.30000305175781,85.94000244140625,75.13106536865234,8580200
2021-03-01,85.61000061035156,85.75,85.52999877929688,85.69999694824219,75.03385925292969,7152000
2021-03-02,85.6500015258789,85.70999908447266,85.5999984741211,85.69000244140625,75.02513122558594,5338800
2021-03-03,85.47000122070312,85.5199966430664,85.33000183105469,85.41999816894531,74.78873443603516,6022500
2021-03-04,85.44999694824219,85.4800033569336,85.05000305175781,85.1500015258789,74.55231475830078,9701800
2021-03-05,85.0,85.12999725341797,84.91999816894531,85.0999984741211,74.508544921875,6871000
2021-03-08,84.95999908447266,85.0,84.70999908447266,84.70999908447266,74.16707611083984,5806700
2021-03-09,84.93000030517578,85.06999969482422,84.93000030517578,84.98999786376953,74.4122314453125,7671800
2021-03-10,85.06999969482422,85.20999908447266,85.04000091552734,85.1500015258789,74.55231475830078,5286700
2021-03-11,85.13999938964844,85.2300033569336,85.04000091552734,85.16000366210938,74.56107330322266,5510000
2021-03-12,84.73999786376953,84.75,84.58000183105469,84.6500015258789,74.11454772949219,5717100
2021-03-15,84.66000366210938,84.80000305175781,84.66000366210938,84.75,74.20211029052734,5012200
2021-03-16,84.80000305175781,84.8499984741211,84.66000366210938,84.73999786376953,74.19332885742188,6159100
2021-03-17,84.5999984741211,84.80000305175781,84.44000244140625,84.70999908447266,74.16707611083984,7370600
2021-03-18,84.30000305175781,84.47000122070312,84.22000122070312,84.36000061035156,73.86063385009766,4905200
2021-03-19,84.80000305175781,84.87000274658203,84.30000305175781,84.43000030517578,73.92195129394531,4969200
2021-03-22,84.62999725341797,84.70999908447266,84.55000305175781,84.66999816894531,74.13202667236328,4748300
2021-03-23,84.87000274658203,84.87999725341797,84.68000030517578,84.86000061035156,74.29843139648438,5148600
2021-03-24,84.76000213623047,85.0,84.73999786376953,84.98999786376953,74.4122314453125,5148200
2021-03-25,85.02999877929688,85.05999755859375,84.83000183105469,84.93000030517578,74.35969543457031,3876300
2021-03-26,84.76000213623047,84.91999816894531,84.7300033569336,84.77999877929688,74.22838592529297,3376200
2021-03-29,84.80000305175781,84.83000183105469,84.58000183105469,84.66999816894531,74.13202667236328,3775500
2021-03-30,84.56999969482422,84.7699966430664,84.51000213623047,84.76000213623047,74.21086883544922,4769200
2021-03-31,84.76000213623047,84.8499984741211,84.62999725341797,84.72000122070312,74.17584228515625,6949300
2021-04-01,84.77999877929688,84.83999633789062,84.66999816894531,84.80000305175781,74.4145278930664,4780200
2021-04-05,84.62000274658203,84.70999908447266,84.55000305175781,84.66999816894531,74.30042266845703,8200600
2021-04-06,84.77999877929688,84.98999786376953,84.76000213623047,84.97000122070312,74.56370544433594,5400600
2021-04-07,84.9000015258789,85.0199966430664,84.8499984741211,84.87000274658203,74.47596740722656,5480200
2021-04-08,84.97000122070312,85.06999969482422,84.94999694824219,85.05999755859375,74.64265441894531,3872300
2021-04-09,84.97000122070312,85.06999969482422,84.8499984741211,84.94999694824219,74.54619598388672,9748500
2021-04-12,84.93000030517578,84.93000030517578,84.8499984741211,84.93000030517578,74.52861022949219,3995700
2021-04-13,84.88999938964844,85.1500015258789,84.88999938964844,85.1500015258789,74.72166442871094,4097500
2021-04-14,85.05999755859375,85.12999725341797,85.01000213623047,85.08999633789062,74.66897583007812,4592300
2021-04-15,85.33000183105469,85.55999755859375,85.2699966430664,85.44999694824219,74.98489379882812,5395000
2021-04-16,85.22000122070312,85.30999755859375,85.05999755859375,85.22000122070312,74.78309631347656,6199700
2021-04-19,85.11000061035156,85.19000244140625,85.05999755859375,85.16999816894531,74.73922729492188,6165300
2021-04-20,85.1500015258789,85.36000061035156,85.13999938964844,85.30999755859375,74.86205291748047,6383700
2021-04-21,85.27999877929688,85.4000015258789,85.23999786376953,85.4000015258789,74.9410629272461,4508300
2021-04-22,85.41000366210938,85.45999908447266,85.29000091552734,85.44000244140625,74.97615814208984,4007800
2021-04-23,85.4800033569336,85.5,85.3499984741211,85.44999694824219,74.98489379882812,6435700
2021-04-26,85.45999908447266,85.48999786376953,85.37000274658203,85.38999938964844,74.9322738647461,3797400
2021-04-27,85.37000274658203,85.37000274658203,85.1500015258789,85.16999816894531,74.73922729492188,4450300
2021-04-28,85.19999694824219,85.2300033569336,85.02999877929688,85.20999908447266,74.7743148803711,5479200
2021-04-29,85.05999755859375,85.13999938964844,84.94999694824219,85.13999938964844,74.71289825439453,6247600
2021-04-30,85.22000122070312,85.26000213623047,85.11000061035156,85.26000213623047,74.81817626953125,6867600
2021-05-03,85.12000274658203,85.30999755859375,85.11000061035156,85.1500015258789,74.8366470336914,4601200
2021-05-04,85.23999786376953,85.38999938964844,85.20999908447266,85.26000213623047,74.93331146240234,5520300
2021-05-05,85.20999908447266,85.33999633789062,85.16999816894531,85.30999755859375,74.97725677490234,5950300
2021-05-06,85.25,85.4000015258789,85.23999786376953,85.3499984741211,75.01242065429688,4143600
2021-05-07,85.4800033569336,85.5999984741211,85.30000305175781,85.36000061035156,75.021240234375,4886300
2021-05-10,85.37000274658203,85.38999938964844,85.13999938964844,85.16000366210938,74.845458984375,6211800
2021-05-11,85.0199966430664,85.04000091552734,84.94000244140625,84.98999786376953,74.6960220336914,6630800
2021-05-12,84.8499984741211,84.8499984741211,84.66000366210938,84.69000244140625,74.43238067626953,7011700
2021-05-13,84.68000030517578,84.9000015258789,84.68000030517578,84.86000061035156,74.581787109375,6991000
2021-05-14,84.9800033569336,85.05999755859375,84.91999816894531,85.05999755859375,74.7575454711914,6262100
2021-05-17,85.04000091552734,85.04000091552734,84.94999694824219,84.9800033569336,74.687255859375,4753000
2021-05-18,84.91000366210938,84.93000030517578,84.8499984741211,84.88999938964844,74.60812377929688,4631000
2021-05-19,84.91000366210938,85.0,84.69999694824219,84.80000305175781,74.52906036376953,6511300
2021-05-20,84.88999938964844,85.08999633789062,84.88999938964844,85.08000183105469,74.775146484375,5283900
2021-05-21,85.12000274658203,85.1500015258789,85.02999877929688,85.0999984741211,74.79271697998047,5050800
2021-05-24,85.1500015258789,85.23999786376953,85.13999938964844,85.19999694824219,74.880615234375,6954500
2021-05-25,85.25,85.41999816894531,85.23999786376953,85.41999816894531,75.07396697998047,5235500
2021-05-26,85.37000274658203,85.45999908447266,85.31999969482422,85.38999938964844,75.04759216308594,4834400
2021-05-27,85.31999969482422,85.33999633789062,85.19999694824219,85.2699966430664,74.94209289550781,5215200
2021-05-28,85.2699966430664,85.38999938964844,85.25,85.26000213623047,74.93331146240234,5258500
2021-06-01,85.06999969482422,85.13999938964844,84.9800033569336,85.12000274658203,74.92805480957031,5398000
2021-06-02,85.11000061035156,85.2300033569336,85.08999633789062,85.20999908447266,75.00727081298828,5479900
2021-06-03,85.12999725341797,85.12999725341797,85.02999877929688,85.05000305175781,74.86642456054688,4829000
2021-06-04,85.16000366210938,85.38999938964844,85.13999938964844,85.38999938964844,75.16571044921875,19321400
2021-06-07,85.33000183105469,85.36000061035156,85.29000091552734,85.33000183105469,75.11286926269531,10706500
2021-06-08,85.48999786376953,85.51000213623047,85.44000244140625,85.48999786376953,75.25375366210938,5099600
2021-06-09,85.69000244140625,85.73999786376953,85.5999984741211,85.66000366210938,75.40335845947266,4810300
2021-06-10,85.54000091552734,85.86000061035156,85.51000213623047,85.83999633789062,75.56183624267578,7400300
2021-06-11,85.81999969482422,85.8499984741211,85.73999786376953,85.81999969482422,75.54419708251953,4194500
2021-06-14,85.76000213623047,85.76000213623047,85.58000183105469,85.5999984741211,75.3505630493164,4438400
2021-06-15,85.55999755859375,85.62999725341797,85.5199966430664,85.5999984741211,75.3505630493164,6173600
2021-06-16,85.68000030517578,85.7300033569336,85.26000213623047,85.36000061035156,75.13932037353516,7302400
2021-06-17,85.5,85.87000274658203,85.4800033569336,85.6500015258789,75.39458465576172,6467500
2021-06-18,85.72000122070312,85.98999786376953,85.62999725341797,85.91999816894531,75.63224792480469,5842800
2021-06-21,85.72000122070312,85.75,85.5999984741211,85.62000274658203,75.36819458007812,7907000
2021-06-22,85.5199966430664,85.75,85.51000213623047,85.73999786376953,75.47381591796875,4082900
2021-06-23,85.69000244140625,85.76000213623047,85.62999725341797,85.68000030517578,75.42098236083984,5739900
2021-06-24,85.7300033569336,85.77999877929688,85.69000244140625,85.72000122070312,75.45620727539062,4852100
2021-06-25,85.73999786376953,85.75,85.44999694824219,85.55999755859375,75.31536102294922,6018500
2021-06-28,85.69000244140625,85.83999633789062,85.66999816894531,85.79000091552734,75.51782989501953,5664100
2021-06-29,85.66000366210938,85.83000183105469,85.66000366210938,85.83000183105469,75.55302429199219,10672700
2021-06-30,85.9000015258789,85.9800033569336,85.87000274658203,85.88999938964844,75.6058349609375,4846600
2021-07-01,85.7300033569336,85.77999877929688,85.62999725341797,85.75,75.5987777709961,5768000
2021-07-02,85.76000213623047,85.9000015258789,85.73999786376953,85.9000015258789,75.73104858398438,4315700
2021-07-06,86.0,86.2699966430664,86.0,86.20999908447266,76.00436401367188,5711600
2021-07-07,86.30000305175781,86.44000244140625,86.2300033569336,86.38999938964844,76.16302490234375,5933900
2021-07-08,86.44000244140625,86.56999969482422,86.37999725341797,86.47000122070312,76.23355102539062,6991200
2021-07-09,86.2699966430664,86.2699966430664,86.19999694824219,86.19999694824219,75.99552917480469,10304900
2021-07-12,86.26000213623047,86.29000091552734,86.12000274658203,86.16999816894531,75.96908569335938,9073900
2021-07-13,86.16000366210938,86.2300033569336,85.87000274658203,85.9000015258789,75.73104858398438,8583600
2021-07-14,86.08000183105469,86.20999908447266,86.05999755859375,86.19000244140625,75.9866943359375,5036200
2021-07-15,86.33999633789062,86.41000366210938,86.18000030517578,86.4000015258789,76.17185974121094,3423000
2021-07-16,86.19999694824219,86.37000274658203,86.19000244140625,86.31999969482422,76.10130310058594,5725100
2021-07-19,86.70999908447266,86.88999938964844,86.68000030517578,86.80999755859375,76.53330993652344,6493300
2021-07-20,87.05000305175781,87.08000183105469,86.66999816894531,86.72000122070312,76.45397186279297,6762200
2021-07-21,86.48999786376953,86.54000091552734,86.36000061035156,86.44000244140625,76.20711517333984,6293000
2021-07-22,86.44999694824219,86.69999694824219,86.44999694824219,86.62999725341797,76.37460327148438,4894900
2021-07-23,86.41000366210938,86.55999755859375,86.4000015258789,86.52999877929688,76.28644561767578,8887500
2021-07-26,86.62999725341797,86.62999725341797,86.44999694824219,86.4800033569336,76.24234771728516,5427900
2021-07-27,86.68000030517578,86.72000122070312,86.5999984741211,86.69999694824219,76.43630981445312,4344100
2021-07-28,86.58999633789062,86.77999877929688,86.5,86.77999877929688,76.5068588256836,6636700
2021-07-29,86.5999984741211,86.69000244140625,86.58000183105469,86.62999725341797,76.37460327148438,5201000
2021-07-30,86.69999694824219,86.77999877929688,86.66999816894531,86.76000213623047,76.4892349243164,7557200
2021-08-02,86.68000030517578,86.94000244140625,86.62999725341797,86.83000183105469,76.67112731933594,4660800
2021-08-03,86.83999633789062,86.94000244140625,86.80999755859375,86.8499984741211,76.68877410888672,5297700
2021-08-04,87.01000213623047,87.05000305175781,86.63999938964844,86.8499984741211,76.68877410888672,3916900
2021-08-05,86.7699966430664,86.79000091552734,86.62000274658203,86.6500015258789,76.51216888427734,4613800
2021-08-06,86.31999969482422,86.4000015258789,86.22000122070312,86.23999786376953,76.15017700195312,4329800
2021-08-09,86.31999969482422,86.37000274658203,86.08000183105469,86.08000183105469,76.00889587402344,4541300
2021-08-10,86.12000274658203,86.12000274658203,85.94999694824219,85.94999694824219,75.89407348632812,4312300
2021-08-11,85.97000122070312,86.13999938964844,85.86000061035156,86.01000213623047,75.94706726074219,6494000
2021-08-12,85.9800033569336,86.05000305175781,85.9000015258789,86.0199966430664,75.95589447021484,4946500
2021-08-13,86.12999725341797,86.36000061035156,86.11000061035156,86.36000061035156,76.256103515625,4329600
2021-08-16,86.47000122070312,86.5999984741211,86.41000366210938,86.44000244140625,76.3267593383789,3918900
2021-08-17,86.37000274658203,86.47000122070312,86.33000183105469,86.3499984741211,76.24728393554688,7168400
2021-08-18,86.33000183105469,86.43000030517578,86.23999786376953,86.33000183105469,76.2296371459961,4561900
2021-08-19,86.48999786376953,86.5199966430664,86.41000366210938,86.5199966430664,76.39739990234375,5345600
2021-08-20,86.54000091552734,86.56999969482422,86.47000122070312,86.5,76.37974548339844,3581200
2021-08-23,86.4800033569336,86.52999877929688,86.43000030517578,86.5199966430664,76.39739990234375,4005500
2021-08-24,86.44999694824219,86.4800033569336,86.3499984741211,86.3499984741211,76.24728393554688,5164800
2021-08-25,86.38999938964844,86.4000015258789,86.13999938964844,86.20999908447266,76.12369537353516,3904900
2021-08-26,86.23999786376953,86.25,86.11000061035156,86.22000122070312,76.13249969482422,4810900
2021-08-27,86.23999786376953,86.47000122070312,86.16999816894531,86.47000122070312,76.35325622558594,4780900
2021-08-30,86.41000366210938,86.56999969482422,86.38999938964844,86.56999969482422,76.4415512084961,4119000
2021-08-31,86.55999755859375,86.61000061035156,86.38999938964844,86.45999908447266,76.34442138671875,4974900
2021-09-01,86.41000366210938,86.41000366210938,86.25,86.33999633789062,76.35768127441406,4792400
2021-09-02,86.41000366210938,86.45999908447266,86.33999633789062,86.45999908447266,76.46380615234375,4885100
2021-09-03,86.26000213623047,86.30000305175781,86.20999908447266,86.27999877929688,76.30463409423828,4059700
2021-09-07,86.08000183105469,86.0999984741211,85.95999908447266,86.02999877929688,76.08350372314453,4839700
2021-09-08,86.12999725341797,86.25,86.08999633789062,86.16999816894531,76.20732879638672,4864600
2021-09-09,86.26000213623047,86.51000213623047,86.19000244140625,86.4800033569336,76.48149108886719,5504600
2021-09-10,86.33999633789062,86.37999725341797,86.11000061035156,86.2699966430664,76.29576873779297,3711400
2021-09-13,86.33999633789062,86.41999816894531,86.33000183105469,86.4000015258789,76.41075134277344,4047300
2021-09-14,86.47000122070312,86.68000030517578,86.44000244140625,86.61000061035156,76.59644317626953,4758300
2021-09-15,86.58999633789062,86.5999984741211,86.43000030517578,86.52999877929688,76.5257339477539,6204400
2021-09-16,86.3499984741211,86.45999908447266,86.30000305175781,86.37000274658203,76.38420104980469,4604000
2021-09-17,86.25,86.27999877929688,86.18000030517578,86.26000213623047,76.28691864013672,6217800
2021-09-20,86.38999938964844,86.52999877929688,86.37999725341797,86.5,76.49919128417969,6195100
2021-09-21,86.51000213623047,86.5199966430664,86.44000244140625,86.4800033569336,76.48149108886719,6962300
2021-09-22,86.4800033569336,86.5999984741211,86.4000015258789,86.56999969482422,76.56111145019531,6006200
2021-09-23,86.3499984741211,86.37000274658203,86.06999969482422,86.11000061035156,76.15425872802734,5222300
2021-09-24,86.01000213623047,86.02999877929688,85.87999725341797,85.93000030517578,75.9950942993164,4170600
2021-09-27,85.80000305175781,85.91999816894531,85.7699966430664,85.83000183105469,75.90666198730469,4858500
2021-09-28,85.56999969482422,85.62999725341797,85.38999938964844,85.45999908447266,75.57943725585938,6253700
2021-09-29,85.58000183105469,85.66999816894531,85.37999725341797,85.47000122070312,75.5882797241211,5123500
2021-09-30,85.44000244140625,85.5,85.37999725341797,85.44999694824219,75.57058715820312,5877700
2021-10-01,85.45999908447266,85.6500015258789,85.43000030517578,85.61000061035156,75.82746124267578,6029900
2021-10-04,85.51000213623047,85.62000274658203,85.44000244140625,85.55000305175781,75.77430725097656,7280000
2021-10-05,85.5,85.5199966430664,85.30999755859375,85.33999633789062,75.58829498291016,4395400
2021-10-06,85.36000061035156,85.41000366210938,85.30999755859375,85.37999725341797,75.62372589111328,7177800
2021-10-07,85.2300033569336,85.25,85.12000274658203,85.13999938964844,75.41114044189453,5363500
2021-10-08,85.08000183105469,85.08000183105469,84.87999725341797,84.93000030517578,75.22515106201172,4547100
2021-10-11,84.83000183105469,84.87999725341797,84.77999877929688,84.80000305175781,75.11002349853516,3286600
2021-10-12,84.88999938964844,85.13999938964844,84.88999938964844,85.11000061035156,75.38456726074219,5529600
2021-10-13,85.19999694824219,85.36000061035156,85.19999694824219,85.33999633789062,75.58829498291016,5018100
2021-10-14,85.38999938964844,85.5,85.33000183105469,85.48999786376953,75.7211685180664,4336400
2021-10-15,85.33999633789062,85.33999633789062,85.23999786376953,85.27999877929688,75.53512573242188,5801200
2021-10-18,85.16000366210938,85.29000091552734,85.05999755859375,85.2300033569336,75.4908676147461,5863600
2021-10-19,85.13999938964844,85.13999938964844,84.9800033569336,84.98999786376953,75.27826690673828,3865900
2021-10-20,84.95999908447266,85.05999755859375,84.88999938964844,84.88999938964844,75.1897201538086,5332400
2021-10-21,84.87000274658203,84.88999938964844,84.73999786376953,84.7699966430664,75.08342742919922,6073300
2021-10-22,84.87000274658203,84.9800033569336,84.79000091552734,84.94999694824219,75.24285888671875,6076100
2021-10-25,84.91999816894531,85.05999755859375,84.91000366210938,84.98999786376953,75.27826690673828,4652500
2021-10-26,85.06999969482422,85.16000366210938,84.94000244140625,85.16000366210938,75.42886352539062,5752800
2021-10-27,85.30999755859375,85.58999633789062,85.19999694824219,85.47000122070312,75.70342254638672,7618400
2021-10-28,85.41999816894531,85.51000213623047,85.30000305175781,85.36000061035156,75.60601043701172,6225800
2021-10-29,85.16000366210938,85.44000244140625,85.12999725341797,85.37999725341797,75.62372589111328,8975200
2021-11-01,85.0199966430664,85.19000244140625,84.9800033569336,85.18000030517578,75.56515502929688,5201400
2021-11-02,85.22000122070312,85.38999938964844,85.20999908447266,85.33999633789062,75.70710754394531,4199400
2021-11-03,85.38999938964844,85.41000366210938,85.06999969482422,85.19000244140625,75.57403564453125,5058700
2021-11-04,85.25,85.58000183105469,85.23999786376953,85.58000183105469,75.9200439453125,5564100
2021-11-05,85.62999725341797,85.9000015258789,85.56999969482422,85.83999633789062,76.1506576538086,4595900
2021-11-08,85.72000122070312,85.7300033569336,85.5999984741211,85.6500015258789,75.98209381103516,6517200
2021-11-09,85.91999816894531,86.02999877929688,85.87000274658203,85.88999938964844,76.19503784179688,6027800
2021-11-10,85.75,85.7699966430664,85.19999694824219,85.30999755859375,75.68052673339844,6206400
2021-11-11,85.31999969482422,85.3499984741211,85.1500015258789,85.16999816894531,75.5562973022461,3847100
2021-11-12,85.29000091552734,85.36000061035156,85.11000061035156,85.18000030517578,75.56515502929688,4890900
2021-11-15,85.0999984741211,85.12000274658203,84.81999969482422,84.83000183105469,75.25469207763672,6239500
2021-11-16,84.83000183105469,84.94999694824219,84.73999786376953,84.7699966430664,75.20146179199219,5580700
2021-11-17,84.7300033569336,84.97000122070312,84.70999908447266,84.94999694824219,75.36112213134766,6589200
2021-11-18,84.91999816894531,85.08000183105469,84.9000015258789,85.05000305175781,75.44984436035156,5320700
2021-11-19,85.25,85.33000183105469,85.19000244140625,85.2300033569336,75.60953521728516,5498200
2021-11-22,85.01000213623047,85.05999755859375,84.75,84.80999755859375,75.23694610595703,7497100
2021-11-23,84.69000244140625,84.70999908447266,84.47000122070312,84.47000122070312,74.93531036376953,5779500
2021-11-24,84.4800033569336,84.69000244140625,84.43000030517578,84.66999816894531,75.11272430419922,4757400
2021-11-26,85.08999633789062,85.31999969482422,85.04000091552734,85.2699966430664,75.6449966430664,4402500
2021-11-29,84.98999786376953,85.29000091552734,84.97000122070312,85.26000213623047,75.6361312866211,6133000
2021-11-30,85.48999786376953,85.69999694824219,85.23999786376953,85.41999816894531,75.77806854248047,11234800
2021-12-01,85.16000366210938,85.36000061035156,85.05999755859375,85.33999633789062,75.82694244384766,7737300
2021-12-02,85.41999816894531,85.44999694824219,85.19000244140625,85.3499984741211,75.83583068847656,8831600
2021-12-03,85.26000213623047,85.83000183105469,85.25,85.68000030517578,76.12904357910156,7440900
2021-12-06,85.69000244140625,85.70999908447266,85.41000366210938,85.44999694824219,75.92471313476562,6865000
2021-12-07,85.31999969482422,85.44999694824219,85.25,85.26000213623047,75.755859375,5351200
2021-12-08,85.18000030517578,85.19999694824219,84.94999694824219,85.0,75.52485656738281,9064200
2021-12-09,85.08000183105469,85.18000030517578,84.97000122070312,85.04000091552734,75.56039428710938,8096700
2021-12-10,85.16000366210938,85.2699966430664,85.05000305175781,85.06999969482422,75.5870361328125,6869100
2021-12-13,85.25,85.43000030517578,85.2300033569336,85.36000061035156,75.8447265625,4955300
2021-12-14,85.25,85.30000305175781,85.08000183105469,85.22000122070312,75.7203140258789,5165800
2021-12-15,85.04000091552734,85.20999908447266,84.97000122070312,85.11000061035156,75.62259674072266,6036000
2021-12-16,85.1500015258789,85.31999969482422,85.1500015258789,85.22000122070312,75.7203140258789,6067700
2021-12-17,85.33999633789062,85.4800033569336,85.31999969482422,85.37000274658203,75.8536148071289,4884200
2021-12-20,85.37999725341797,85.43000030517578,85.19999694824219,85.2300033569336,75.7292251586914,7129100
2021-12-21,85.19000244140625,85.19000244140625,84.94999694824219,85.13999938964844,75.64924621582031,6237800
2021-12-22,85.22000122070312,85.2300033569336,85.08999633789062,85.2300033569336,75.7292251586914,5110000
2021-12-23,84.93000030517578,84.93000030517578,84.73999786376953,84.83000183105469,75.6142349243164,4631200
2021-12-27,84.83999633789062,84.93000030517578,84.80999755859375,84.87000274658203,75.6498794555664,5311700
2021-12-28,85.01000213623047,85.0199966430664,84.80999755859375,84.86000061035156,75.64097595214844,5674800
2021-12-29,84.66999816894531,84.72000122070312,84.5199966430664,84.58000183105469,75.39136505126953,7757900
2021-12-30,84.69000244140625,84.79000091552734,84.55999755859375,84.7699966430664,75.56075286865234,6352100
2021-12-31,84.77999877929688,84.91000366210938,84.7300033569336,84.75,75.54290771484375,7162600
2022-01-03,84.44000244140625,84.44000244140625,84.16999816894531,84.18000030517578,75.03482055664062,7244300
2022-01-04,84.0999984741211,84.18000030517578,84.0,84.16999816894531,75.02591705322266,7384500
2022-01-05,84.20999908447266,84.20999908447266,83.86000061035156,83.87999725341797,74.7674331665039,7076500
2022-01-06,83.75,83.81999969482422,83.68000030517578,83.79000091552734,74.68721008300781,6011000
2022-01-07,83.70999908447266,83.72000122070312,83.44000244140625,83.55999755859375,74.482177734375,6345100
2022-01-10,83.37999725341797,83.5199966430664,83.30999755859375,83.48999786376953,74.41979217529297,5912300
2022-01-11,83.47000122070312,83.68000030517578,83.41000366210938,83.66000366210938,74.57132720947266,6755600
2022-01-12,83.7300033569336,83.79000091552734,83.62000274658203,83.62999725341797,74.54459381103516,6672700
2022-01-13,83.6500015258789,83.79000091552734,83.56999969482422,83.7699966430664,74.66938018798828,5746300
2022-01-14,83.58999633789062,83.5999984741211,83.30000305175781,83.30999755859375,74.25936126708984,6843000
2022-01-18,83.02999877929688,83.08000183105469,82.79000091552734,82.79000091552734,73.79585266113281,7453100
2022-01-19,82.97000122070312,83.12000274658203,82.94000244140625,82.98999786376953,73.97412109375,8644100
2022-01-20,83.11000061035156,83.13999938964844,83.02999877929688,83.08000183105469,74.05435180664062,4951300
2022-01-21,83.3499984741211,83.4800033569336,83.27999877929688,83.38999938964844,74.3306655883789,5204500
2022-01-24,83.44999694824219,83.5,83.25,83.26000213623047,74.21479034423828,10332200
2022-01-25,83.30000305175781,83.4000015258789,83.13999938964844,83.1500015258789,74.11673736572266,5872700
2022-01-26,83.22000122070312,83.26000213623047,82.69000244140625,82.69000244140625,73.70673370361328,7382500
2022-01-27,82.9000015258789,83.08999633789062,82.88999938964844,82.95999908447266,73.94737243652344,6295600
2022-01-28,82.77999877929688,83.08000183105469,82.7699966430664,83.05999755859375,74.03650665283203,5992500
2022-01-31,82.9000015258789,83.08000183105469,82.87000274658203,83.0,73.98303985595703,8033400
2022-02-01,82.88999938964844,82.91000366210938,82.69000244140625,82.83000183105469,73.95354461669922,5013300
2022-02-02,82.94999694824219,83.13999938964844,82.91000366210938,82.94999694824219,74.06068420410156,7248800
2022-02-03,82.61000061035156,82.68000030517578,82.51000213623047,82.5999984741211,73.74824523925781,6156500
2022-02-04,82.19999694824219,82.22000122070312,82.01000213623047,82.08999633789062,73.29290008544922,7746000
2022-02-07,82.08999633789062,82.22000122070312,82.0199966430664,82.16000366210938,73.35539245605469,6252200
2022-02-08,81.9800033569336,82.01000213623047,81.88999938964844,81.88999938964844,73.11431121826172,6727000
2022-02-09,82.02999877929688,82.13999938964844,81.94000244140625,81.94999694824219,73.16785430908203,5862000
2022-02-10,81.62999725341797,81.69000244140625,81.19999694824219,81.19999694824219,72.49824523925781,8869700
2022-02-11,81.44999694824219,81.79000091552734,81.1500015258789,81.7300033569336,72.9714584350586,11100900
2022-02-14,81.37999725341797,81.45999908447266,81.18000030517578,81.2699966430664,72.5607681274414,6301600
2022-02-15,81.16999816894531,81.27999877929688,81.08000183105469,81.0999984741211,72.40895080566406,6731200
2022-02-16,81.23999786376953,81.26000213623047,80.95999908447266,81.20999908447266,72.50718688964844,7142400
2022-02-17,81.30000305175781,81.48999786376953,81.25,81.38999938964844,72.66789245605469,6833600
2022-02-18,81.5,81.55000305175781,81.41000366210938,81.52999877929688,72.79287719726562,4744400
2022-02-22,81.38999938964844,81.4800033569336,81.30000305175781,81.4800033569336,72.74822998046875,7058800
2022-02-23,81.30000305175781,81.31999969482422,81.06999969482422,81.06999969482422,72.3821792602539,7938900
2022-02-24,81.38999938964844,81.4800033569336,81.1500015258789,81.25,72.5428695678711,8883500
2022-02-25,81.19999694824219,81.33000183105469,81.13999938964844,81.31999969482422,72.60538482666016,5923200
2022-02-28,81.66000366210938,81.94999694824219,81.63999938964844,81.91999816894531,73.14108276367188,6494400
2022-03-01,82.04000091552734,82.48999786376953,82.02999877929688,82.22000122070312,73.52470397949219,9319000
2022-03-02,81.86000061035156,81.91000366210938,81.20999908447266,81.20999908447266,72.62154388427734,6491500
2022-03-03,81.47000122070312,81.62999725341797,81.3499984741211,81.56999969482422,72.94345092773438,10349100
2022-03-04,81.88999938964844,82.0199966430664,81.7699966430664,81.86000061035156,73.20281982421875,8042600
2022-03-07,81.52999877929688,81.7300033569336,81.37999725341797,81.45999908447266,72.8450927734375,6425400
2022-03-08,81.05000305175781,81.12999725341797,80.97000122070312,81.08000183105469,72.5052719116211,8565900
2022-03-09,80.9000015258789,81.0,80.79000091552734,80.86000061035156,72.30854797363281,5761500
2022-03-10,80.58000183105469,80.61000061035156,80.29000091552734,80.43000030517578,71.92401885986328,8261200
2022-03-11,80.4000015258789,80.48999786376953,80.33000183105469,80.37000274658203,71.870361328125,7883400
2022-03-14,79.93000030517578,79.94000244140625,79.61000061035156,79.62999725341797,71.20861053466797,15449700
2022-03-15,79.94000244140625,80.01000213623047,79.66000366210938,79.76000213623047,71.32486724853516,6265000
2022-03-16,79.7699966430664,79.87999725341797,79.36000061035156,79.87999725341797,71.43216705322266,8156400
2022-03-17,80.0199966430664,80.16000366210938,79.88999938964844,79.94999694824219,71.49476623535156,6774600
2022-03-18,80.06999969482422,80.2300033569336,80.04000091552734,80.18000030517578,71.70045471191406,8895700
2022-03-21,79.80000305175781,79.83000183105469,79.31999969482422,79.36000061035156,70.96721649169922,6831300
2022-03-22,79.1500015258789,79.25,79.05000305175781,79.16000366210938,70.78834533691406,6488400
2022-03-23,79.33000183105469,79.5199966430664,79.13999938964844,79.5199966430664,71.11026000976562,8919400
2022-03-24,79.12999725341797,79.44000244140625,79.11000061035156,79.41999816894531,71.02084350585938,18907400
2022-03-25,79.0999984741211,79.0999984741211,78.61000061035156,78.72000122070312,70.3948745727539,21372500
2022-03-28,78.80999755859375,79.04000091552734,78.76000213623047,78.94999694824219,70.60054016113281,7494000
2022-03-29,79.08000183105469,79.33000183105469,78.98999786376953,79.30000305175781,70.91351318359375,7308100
2022-03-30,79.08999633789062,79.51000213623047,79.08000183105469,79.4800033569336,71.07450866699219,7071800
2022-03-31,79.5199966430664,79.66999816894531,79.44000244140625,79.54000091552734,71.1281509399414,8244200
2022-04-01,78.83000183105469,79.30000305175781,78.7699966430664,79.16999816894531,70.97396087646484,6326900
2022-04-04,79.20999908447266,79.23999786376953,78.95999908447266,79.2300033569336,71.02777862548828,9091700
2022-04-05,79.0,79.0199966430664,78.37999725341797,78.43000030517578,70.31056213378906,6956300
2022-04-06,78.01000213623047,78.4000015258789,77.9000015258789,78.19000244140625,70.09541320800781,8649400
2022-04-07,78.0999984741211,78.19000244140625,77.91000366210938,78.02999877929688,69.95197296142578,9157600
2022-04-08,77.66000366210938,77.81999969482422,77.51000213623047,77.61000061035156,69.57546997070312,8989600
2022-04-11,77.4000015258789,77.44000244140625,77.18000030517578,77.25,69.2527084350586,7858300
2022-04-12,77.62000274658203,77.75,77.45999908447266,77.5,69.47684478759766,8168200
2022-04-13,77.58999633789062,77.8499984741211,77.56999969482422,77.58999633789062,69.55752563476562,7790300
2022-04-14,77.55999755859375,77.5999984741211,77.01000213623047,77.05999755859375,69.08238220214844,7046100
2022-04-18,77.06999969482422,77.08000183105469,76.77999877929688,76.80999755859375,68.8582534790039,7187800
2022-04-19,76.52999877929688,76.6500015258789,76.30000305175781,76.33000183105469,68.42796325683594,11568000
2022-04-20,76.61000061035156,76.91000366210938,76.55999755859375,76.80999755859375,68.8582534790039,7366100
2022-04-21,76.68000030517578,76.69000244140625,76.16999816894531,76.4000015258789,68.49071502685547,7869900
2022-04-22,76.18000030517578,76.47000122070312,76.0999984741211,76.30000305175781,68.40108489990234,8625100
2022-04-25,76.66999816894531,77.0199966430664,76.66999816894531,76.77999877929688,68.83136749267578,6091600
2022-04-26,77.12000274658203,77.16000366210938,76.9000015258789,76.9800033569336,69.01068878173828,8837100
2022-04-27,76.98999786376953,77.06999969482422,76.66000366210938,76.73999786376953,68.79551696777344,10802000
2022-04-28,76.54000091552734,76.70999908447266,76.44000244140625,76.70999908447266,68.76860046386719,7644000
2022-04-29,76.27999877929688,76.5199966430664,76.16000366210938,76.19000244140625,68.30245971679688,7120400
2022-05-02,75.81999969482422,75.83999633789062,75.58000183105469,75.66000366210938,67.9531021118164,10166700
2022-05-03,76.08000183105469,76.1500015258789,75.77999877929688,75.83999633789062,68.11471557617188,7769000
2022-05-04,75.77999877929688,76.33000183105469,75.63999938964844,76.33000183105469,68.5548324584961,12238000
2022-05-05,75.87000274658203,75.87000274658203,75.26000213623047,75.56999969482422,67.87226104736328,10540000
2022-05-06,75.26000213623047,75.5199966430664,75.16999816894531,75.25,67.58485412597656,8803000
2022-05-09,75.18000030517578,75.62000274658203,75.13999938964844,75.58999633789062,67.89022064208984,7420300
2022-05-10,75.88999938964844,76.02999877929688,75.73999786376953,75.80999755859375,68.08780670166016,24792700
2022-05-11,75.5199966430664,76.08999633789062,75.47000122070312,76.06999969482422,68.32131958007812,9843600
2022-05-12,76.2300033569336,76.38999938964844,76.16000366210938,76.22000122070312,68.4560317993164,6079800
2022-05-13,76.05999755859375,76.0999984741211,75.88999938964844,75.94000244140625,68.20458221435547,5024800
2022-05-16,76.04000091552734,76.23999786376953,76.02999877929688,76.05999755859375,68.31234741210938,6104400
2022-05-17,75.68000030517578,75.83000183105469,75.58999633789062,75.61000061035156,67.90816497802734,5881200
2022-05-18,75.54000091552734,75.97000122070312,75.54000091552734,75.93000030517578,68.1955795288086,4963300
2022-05-19,76.33999633789062,76.37000274658203,76.04000091552734,76.08999633789062,68.33927917480469,5461400
2022-05-20,76.12000274658203,76.37000274658203,76.12000274658203,76.31999969482422,68.54586791992188,6960100
2022-05-23,76.29000091552734,76.37000274658203,76.0,76.05000305175781,68.30335235595703,7332900
2022-05-24,76.31999969482422,76.77999877929688,76.31999969482422,76.66999816894531,68.86018371582031,6587100
2022-05-25,76.91999816894531,77.0,76.79000091552734,76.9800033569336,69.13864135742188,5737200
2022-05-26,77.0,77.0999984741211,76.80999755859375,76.9000015258789,69.0667724609375,5328400
2022-05-27,77.11000061035156,77.22000122070312,77.0,77.12000274658203,69.26437377929688,6355300
2022-05-31,76.66999816894531,76.73999786376953,76.45999908447266,76.68000030517578,68.86920166015625,9067000
2022-06-01,76.55999755859375,76.63999938964844,76.05999755859375,76.19000244140625,68.5614242553711,7294600
2022-06-02,76.30000305175781,76.33000183105469,76.05000305175781,76.26000213623047,68.62442779541016,5276600
2022-06-03,75.98999786376953,76.19000244140625,75.98999786376953,76.1500015258789,68.52543640136719,5549600
2022-06-06,76.02999877929688,76.08999633789062,75.66999816894531,75.69999694824219,68.12045288085938,6698000
2022-06-07,75.8499984741211,76.11000061035156,75.81999969482422,75.95999908447266,68.3544692993164,6989800
2022-06-08,75.80000305175781,75.93000030517578,75.6500015258789,75.6500015258789,68.07550811767578,3778300
2022-06-09,75.5999984741211,75.69999694824219,75.51000213623047,75.55000305175781,67.98553466796875,4828500
2022-06-10,75.26000213623047,75.41999816894531,74.76000213623047,74.91000366210938,67.40959167480469,14690800
2022-06-13,74.20999908447266,74.25,73.37000274658203,73.69999694824219,66.32074737548828,11255300
2022-06-14,73.91000366210938,74.01000213623047,73.19999694824219,73.30000305175781,65.96078491210938,9530100
2022-06-15,73.8499984741211,74.19000244140625,73.5,74.13999938964844,66.71668243408203,9098600
2022-06-16,73.48999786376953,74.31999969482422,73.41000366210938,74.30000305175781,66.86068725585938,8477600
2022-06-17,74.38999938964844,74.48999786376953,74.04000091552734,74.33999633789062,66.89665222167969,4913600
2022-06-21,74.11000061035156,74.27999877929688,73.94000244140625,74.0,66.59071350097656,7069900
2022-06-22,74.63999938964844,74.75,74.54000091552734,74.61000061035156,67.13961791992188,8407600
2022-06-23,74.9000015258789,75.33000183105469,74.87999725341797,74.97000122070312,67.46357727050781,8542600
2022-06-24,74.86000061035156,75.12999725341797,74.77999877929688,74.83000183105469,67.33760833740234,6979000
2022-06-27,74.54000091552734,74.7300033569336,74.38999938964844,74.47000122070312,67.01364135742188,6238900
2022-06-28,74.43000030517578,74.51000213623047,74.30999755859375,74.51000213623047,67.04963684082031,5578800
2022-06-29,74.51000213623047,74.94000244140625,74.51000213623047,74.94000244140625,67.43658447265625,3896400
2022-06-30,75.16999816894531,75.44999694824219,75.16999816894531,75.26000213623047,67.72455596923828,4387100
2022-07-01,75.61000061035156,76.05000305175781,75.52999877929688,75.70999908447266,68.26465606689453,5801800
2022-07-05,75.8499984741211,75.97000122070312,75.69999694824219,75.83999633789062,68.38184356689453,6253900
2022-07-06,76.02999877929688,76.05000305175781,75.36000061035156,75.37999725341797,67.96708679199219,5312000
2022-07-07,75.44999694824219,75.45999908447266,75.0999984741211,75.16999816894531,67.77774810791016,7536700
2022-07-08,75.01000213623047,75.04000091552734,74.83999633789062,74.91999816894531,67.55231475830078,4187100
2022-07-11,75.19000244140625,75.38999938964844,75.1500015258789,75.19999694824219,67.8047866821289,4128600
2022-07-12,75.4800033569336,75.62000274658203,75.33000183105469,75.33000183105469,67.9219970703125,6013700
2022-07-13,74.87000274658203,75.62999725341797,74.8499984741211,75.56999969482422,68.13842010498047,6382700
2022-07-14,75.0999984741211,75.43000030517578,74.94999694824219,75.33000183105469,67.9219970703125,5598000
2022-07-15,75.36000061035156,75.69999694824219,75.36000061035156,75.5999984741211,68.16543579101562,5276400
2022-07-18,75.44999694824219,75.47000122070312,75.22000122070312,75.37000274658203,67.95808410644531,3438000
2022-07-19,75.37999725341797,75.43000030517578,75.18000030517578,75.30999755859375,67.90397644042969,3493400
2022-07-20,75.55000305175781,75.55999755859375,75.19999694824219,75.23999786376953,67.84086608886719,3966900
2022-07-21,75.43000030517578,75.9000015258789,75.43000030517578,75.86000061035156,68.39990234375,6832900
2022-07-22,76.37000274658203,76.6500015258789,76.27999877929688,76.4800033569336,68.95891571044922,6617000
2022-07-25,76.13999938964844,76.2699966430664,76.08999633789062,76.19999694824219,68.70642852783203,4256200
2022-07-26,76.51000213623047,76.56999969482422,76.19000244140625,76.22000122070312,68.72447967529297,6964100
2022-07-27,76.3499984741211,76.69000244140625,76.33999633789062,76.43000030517578,68.913818359375,5919600
2022-07-28,76.95999908447266,77.06999969482422,76.80999755859375,76.95999908447266,69.3917236328125,5140200
2022-07-29,76.80000305175781,77.16999816894531,76.75,76.9000015258789,69.33761596679688,6601700
2022-08-01,76.9000015258789,77.13999938964844,76.81999969482422,77.08000183105469,69.63846588134766,5370800
2022-08-02,77.08999633789062,77.18000030517578,76.23999786376953,76.30000305175781,68.93377685546875,10808300
2022-08-03,76.2300033569336,76.69000244140625,75.97000122070312,76.68000030517578,69.2770767211914,5747700
2022-08-04,76.72000122070312,76.87999725341797,76.63999938964844,76.87000274658203,69.44874572753906,9869900
2022-08-05,76.05000305175781,76.0999984741211,75.86000061035156,76.0,68.66275024414062,8946400
2022-08-08,76.30000305175781,76.44999694824219,76.26000213623047,76.33999633789062,68.96989440917969,8534700
2022-08-09,76.16000366210938,76.26000213623047,76.08999633789062,76.16999816894531,68.8163070678711,6888800
2022-08-10,76.5,76.7300033569336,76.30999755859375,76.37999725341797,69.00604248046875,4305000
2022-08-11,76.56999969482422,76.66999816894531,75.91999816894531,75.94999694824219,68.61754608154297,5179500
2022-08-12,76.20999908447266,76.30000305175781,76.01000213623047,76.30000305175781,68.93377685546875,4376800
2022-08-15,76.47000122070312,76.54000091552734,76.36000061035156,76.37999725341797,69.00604248046875,3922300
2022-08-16,76.2699966430664,76.29000091552734,76.02999877929688,76.27999877929688,68.91571807861328,4104000
2022-08-17,75.93000030517578,76.01000213623047,75.70999908447266,75.83000183105469,68.50914001464844,4131100
2022-08-18,76.04000091552734,76.16000366210938,75.94000244140625,75.97000122070312,68.6355972290039,4026800
2022-08-19,75.52999877929688,75.55999755859375,75.36000061035156,75.48999786376953,68.20198822021484,5115800
2022-08-22,75.33000183105469,75.36000061035156,75.08999633789062,75.1500015258789,67.89480590820312,4158600
2022-08-23,75.12000274658203,75.44999694824219,75.01000213623047,75.12000274658203,67.86769104003906,6294800
2022-08-24,74.97000122070312,75.01000213623047,74.83999633789062,74.93000030517578,67.69602966308594,3808600
2022-08-25,74.9800033569336,75.4000015258789,74.91999816894531,75.33999633789062,68.06645965576172,3688400
2022-08-26,75.2300033569336,75.37000274658203,75.05000305175781,75.19000244140625,67.93094635009766,4276600
2022-08-29,74.94999694824219,74.95999908447266,74.79000091552734,74.8499984741211,67.6237564086914,3263800
2022-08-30,74.93000030517578,75.08000183105469,74.69999694824219,74.91000366210938,67.6779556274414,6878700
2022-08-31,74.8499984741211,74.94000244140625,74.51000213623047,74.5999984741211,67.39788055419922,5155600
2022-09-01,74.0199966430664,74.11000061035156,73.75,74.04000091552734,67.03213500976562,6160700
2022-09-02,74.25,74.4800033569336,74.18000030517578,74.2300033569336,67.20416259765625,3600600
2022-09-06,73.94000244140625,73.94999694824219,73.54000091552734,73.55999755859375,66.59756469726562,6869800
2022-09-07,73.80000305175781,74.08999633789062,73.77999877929688,74.08999633789062,67.07740020751953,4208300
2022-09-08,73.95999908447266,74.12000274658203,73.83999633789062,73.86000061035156,66.86919403076172,3580300
2022-09-09,73.94999694824219,74.08999633789062,73.79000091552734,73.83000183105469,66.84200286865234,3831700
2022-09-12,74.0,74.06999969482422,73.6500015258789,73.73999786376953,66.76054382324219,4008200
2022-09-13,73.27999877929688,73.43000030517578,73.22000122070312,73.37000274658203,66.42555236816406,9481200
2022-09-14,73.30000305175781,73.55999755859375,73.27999877929688,73.45999908447266,66.50703430175781,4332200
2022-09-15,73.30999755859375,73.38999938964844,73.19000244140625,73.23999786376953,66.30784606933594,4967200
2022-09-16,73.08000183105469,73.30999755859375,73.0199966430664,73.16000366210938,66.23542785644531,5050000
2022-09-19,72.98999786376953,73.18000030517578,72.91000366210938,73.11000061035156,66.19015502929688,6374900
2022-09-20,72.70999908447266,72.87999725341797,72.62000274658203,72.75,65.86425018310547,4750500
2022-09-21,72.81999969482422,72.98999786376953,72.44000244140625,72.94999694824219,66.0453109741211,6360300
2022-09-22,72.4800033569336,72.48999786376953,72.11000061035156,72.19999694824219,65.3663101196289,5216100
2022-09-23,72.25,72.25,71.75,72.0,65.18521118164062,6885400
2022-09-26,71.7699966430664,71.80999755859375,71.05999755859375,71.08000183105469,64.35231018066406,8658900
2022-09-27,71.12000274658203,71.20999908447266,70.66999816894531,70.7699966430664,64.07161712646484,9946100
2022-09-28,71.43000030517578,71.9000015258789,71.29000091552734,71.87000274658203,65.06749725341797,11649700
2022-09-29,71.44000244140625,71.63999938964844,71.2699966430664,71.5,64.7325439453125,6100300
2022-09-30,71.69999694824219,71.87000274658203,71.25,71.33000183105469,64.57860565185547,8919100
2022-10-03,71.69999694824219,72.18000030517578,71.58000183105469,71.7699966430664,65.11941528320312,6762600
2022-10-04,72.02999877929688,72.23999786376953,71.87999725341797,71.94999694824219,65.28272247314453,6124400
2022-10-05,71.58000183105469,71.63999938964844,71.27999877929688,71.56999969482422,64.93794250488281,7252400
2022-10-06,71.52999877929688,71.5999984741211,71.23999786376953,71.30000305175781,64.69294738769531,7108400
2022-10-07,71.01000213623047,71.12000274658203,70.87000274658203,70.93000030517578,64.35723876953125,5023200
2022-10-10,70.93000030517578,70.93000030517578,70.45999908447266,70.61000061035156,64.0668716430664,4950700
2022-10-11,70.72000122070312,70.94999694824219,70.52999877929688,70.62999725341797,64.08502960205078,9225500
2022-10-12,70.55000305175781,70.81999969482422,70.51000213623047,70.70999908447266,64.15764617919922,5442000
2022-10-13,69.87000274658203,70.69999694824219,69.79000091552734,70.45999908447266,63.930809020996094,6668900
2022-10-14,70.81999969482422,70.83000183105469,70.08999633789062,70.12000274658203,63.62230682373047,6544400
2022-10-17,70.55000305175781,70.68000030517578,70.2699966430664,70.2699966430664,63.7584114074707,19605200
2022-10-18,70.45999908447266,70.54000091552734,70.13999938964844,70.43000030517578,63.90357971191406,7008000
2022-10-19,69.98999786376953,70.08999633789062,69.77999877929688,69.8499984741211,63.37730026245117,6483600
2022-10-20,69.70999908447266,69.8499984741211,69.33999633789062,69.37999725341797,62.95087432861328,6260900
2022-10-21,69.13999938964844,69.58000183105469,69.08999633789062,69.5,63.059757232666016,6984400
2022-10-24,69.4800033569336,69.69000244140625,69.2300033569336,69.4000015258789,62.969024658203125,7259400
2022-10-25,69.94000244140625,70.20999908447266,69.91000366210938,70.05999755859375,63.567874908447266,7780900
2022-10-26,70.22000122070312,70.47000122070312,70.16999816894531,70.33999633789062,63.821903228759766,7001000
2022-10-27,70.54000091552734,70.86000061035156,70.37999725341797,70.70999908447266,64.15764617919922,5493300
2022-10-28,70.4000015258789,70.70999908447266,70.37999725341797,70.56999969482422,64.03059387207031,4828800
2022-10-31,70.36000061035156,70.4000015258789,70.05999755859375,70.3499984741211,63.83098220825195,6785000
2022-11-01,70.58000183105469,70.61000061035156,70.0999984741211,70.26000213623047,63.89738845825195,7019000
2022-11-02,70.3499984741211,70.7300033569336,70.0,70.1500015258789,63.79736328125,10223800
2022-11-03,69.61000061035156,69.9800033569336,69.56999969482422,69.87999725341797,63.55177688598633,6408200
2022-11-04,69.93000030517578,70.0999984741211,69.73999786376953,69.9000015258789,63.56998825073242,8780400
2022-11-07,69.91000366210938,69.93000030517578,69.62999725341797,69.62999725341797,63.324424743652344,6246100
2022-11-08,69.80000305175781,70.06999969482422,69.77999877929688,69.94000244140625,63.60634231567383,6358100
2022-11-09,69.86000061035156,70.13999938964844,69.79000091552734,70.04000091552734,63.69729995727539,7269400
2022-11-10,70.9000015258789,71.48999786376953,70.88999938964844,71.48999786376953,65.01597595214844,7014100
2022-11-11,71.33000183105469,71.52999877929688,71.25,71.48999786376953,65.01597595214844,4525300
2022-11-14,71.29000091552734,71.38999938964844,71.20999908447266,71.26000213623047,64.80683135986328,6914500
2022-11-15,71.66000366210938,71.7699966430664,71.54000091552734,71.76000213623047,65.26154327392578,11948800
2022-11-16,71.97000122070312,72.2300033569336,71.9000015258789,72.16999816894531,65.63440704345703,8856700
2022-11-17,71.80000305175781,71.9000015258789,71.66000366210938,71.87000274658203,65.36158752441406,6260600
2022-11-18,71.93000030517578,72.04000091552734,71.7300033569336,71.75,65.25245666503906,8564600
2022-11-21,71.98999786376953,72.04000091552734,71.72000122070312,71.75,65.25245666503906,6834600
2022-11-22,71.94000244140625,72.19000244140625,71.93000030517578,72.12000274658203,65.58895111083984,9534200
2022-11-23,72.2300033569336,72.55999755859375,72.2300033569336,72.55999755859375,65.98909759521484,4855000
2022-11-25,72.4000015258789,72.55999755859375,72.4000015258789,72.55999755859375,65.98909759521484,2536400
2022-11-28,72.61000061035156,72.66999816894531,72.38999938964844,72.47000122070312,65.9072494506836,5852100
2022-11-29,72.19999694824219,72.37999725341797,72.16000366210938,72.19999694824219,65.66168212890625,5437600
2022-11-30,72.1500015258789,72.7699966430664,72.01000213623047,72.76000213623047,66.1709976196289,5479900
2022-12-01,72.7300033569336,73.19999694824219,72.66000366210938,73.19999694824219,66.7224349975586,7462500
2022-12-02,72.94999694824219,73.51000213623047,72.79000091552734,73.5,66.99588775634766,6828300
2022-12-05,73.16000366210938,73.16999816894531,72.83000183105469,72.91999816894531,66.46722412109375,7552900
2022-12-06,73.08000183105469,73.23999786376953,73.0,73.16000366210938,66.6860122680664,7584100
2022-12-07,73.4800033569336,73.83000183105469,73.44000244140625,73.80000305175781,67.26936340332031,7472500
2022-12-08,73.58000183105469,73.73999786376953,73.47000122070312,73.58999633789062,67.07794952392578,5378100
2022-12-09,73.41999816894531,73.45999908447266,73.16000366210938,73.16000366210938,66.6860122680664,12079600
2022-12-12,73.45999908447266,73.51000213623047,73.05000305175781,73.16000366210938,66.6860122680664,7533500
2022-12-13,74.1500015258789,74.1500015258789,73.61000061035156,73.66000366210938,67.14173889160156,12563900
2022-12-14,73.70999908447266,73.9000015258789,73.43000030517578,73.83999633789062,67.3058090209961,9833900
2022-12-15,73.87999725341797,73.95999908447266,73.70999908447266,73.87999725341797,67.34226989746094,7800400
2022-12-16,73.45999908447266,73.83000183105469,73.41000366210938,73.69000244140625,67.16909790039062,6541900
2022-12-19,73.38999938964844,73.41000366210938,73.1500015258789,73.25,66.7680435180664,6300000
2022-12-20,72.80000305175781,72.9000015258789,72.69000244140625,72.7699966430664,66.33050537109375,6130500
2022-12-21,73.04000091552734,73.0999984741211,72.83000183105469,72.94000244140625,66.48543548583984,8169000
2022-12-22,72.94999694824219,73.06999969482422,72.86000061035156,72.93000030517578,66.4763412475586,6833800
2022-12-23,72.5,72.62000274658203,72.44999694824219,72.52999877929688,66.26800537109375,4693400
2022-12-27,72.12999725341797,72.2300033569336,71.95999908447266,71.97000122070312,65.75635528564453,6959600
2022-12-28,72.12000274658203,72.18000030517578,71.86000061035156,71.87000274658203,65.66500091552734,7868200
2022-12-29,71.97000122070312,72.16999816894531,71.94999694824219,72.13999938964844,65.9117202758789,7391000
2022-12-30,71.9800033569336,72.08000183105469,71.80000305175781,71.83999633789062,65.6375961303711,7051900
2023-01-03,72.44999694824219,72.4800033569336,72.06999969482422,72.22000122070312,65.98479461669922,8634800
2023-01-04,72.69999694824219,72.76000213623047,72.48999786376953,72.62999725341797,66.359375,5257100
2023-01-05,72.33999633789062,72.58999633789062,72.22000122070312,72.55000305175781,66.28629302978516,5632400
2023-01-06,72.6500015258789,73.38999938964844,72.56999969482422,73.3499984741211,67.01724243164062,5627200
2023-01-09,73.30999755859375,73.6500015258789,73.2699966430664,73.55000305175781,67.1999740600586,7398200
2023-01-10,73.30999755859375,73.37999725341797,73.08999633789062,73.26000213623047,66.93500518798828,4827900
2023-01-11,73.47000122070312,73.69000244140625,73.44999694824219,73.6500015258789,67.29132843017578,8453200
2023-01-12,73.87999725341797,74.22000122070312,73.61000061035156,74.22000122070312,67.8121337890625,5927600
2023-01-13,74.05999755859375,74.22000122070312,73.9000015258789,73.97000122070312,67.58370208740234,6331600
2023-01-17,73.76000213623047,74.0,73.73999786376953,73.87000274658203,67.49232482910156,6815100
2023-01-18,74.5999984741211,74.66000366210938,74.27999877929688,74.55000305175781,68.1136245727539,5112800
2023-01-19,74.36000061035156,74.47000122070312,74.26000213623047,74.4000015258789,67.97657775878906,4765200
2023-01-20,74.12999725341797,74.19000244140625,73.93000030517578,74.06999969482422,67.6750717163086,4714300
2023-01-23,73.87999725341797,74.05999755859375,73.8499984741211,73.88999938964844,67.51060485839844,6116700
2023-01-24,73.94999694824219,74.25,73.77999877929688,74.22000122070312,67.8121337890625,3907700
2023-01-25,74.20999908447266,74.36000061035156,74.08000183105469,74.30999755859375,67.89436340332031,4414400
2023-01-26,74.26000213623047,74.3499984741211,74.05000305175781,74.16999816894531,67.76642608642578,3866800
2023-01-27,74.0,74.12999725341797,73.94999694824219,74.08999633789062,67.69332885742188,4474100
2023-01-30,73.95999908447266,74.08999633789062,73.86000061035156,73.87999725341797,67.50148010253906,6258700
2023-01-31,74.12000274658203,74.22000122070312,73.86000061035156,74.22000122070312,67.8121337890625,5502300
2023-02-01,74.16000366210938,74.58000183105469,73.91999816894531,74.5199966430664,68.24806213378906,7473900
2023-02-02,74.80000305175781,74.86000061035156,74.55000305175781,74.56999969482422,68.29385375976562,4273500
2023-02-03,74.0199966430664,74.0999984741211,73.79000091552734,73.91000366210938,67.68940734863281,5332900
2023-02-06,73.51000213623047,73.56999969482422,73.43000030517578,73.44999694824219,67.26811981201172,5282300
2023-02-07,73.38999938964844,73.69999694824219,73.31999969482422,73.3499984741211,67.1765365600586,4674500
2023-02-08,73.38999938964844,73.58999633789062,73.23999786376953,73.4800033569336,67.29559326171875,4308200
2023-02-09,73.68000030517578,73.69000244140625,73.13999938964844,73.18000030517578,67.0208511352539,4268100
2023-02-10,73.12000274658203,73.13999938964844,72.83000183105469,72.87000274658203,66.7369384765625,3606100
2023-02-13,72.88999938964844,73.06999969482422,72.87000274658203,73.06999969482422,66.92007446289062,3805800
2023-02-14,72.9800033569336,73.08000183105469,72.61000061035156,72.81999969482422,66.69114685058594,4328000
2023-02-15,72.72000122070312,72.79000091552734,72.54000091552734,72.66000366210938,66.54460906982422,4370800
2023-02-16,72.43000030517578,72.55999755859375,72.30000305175781,72.37999725341797,66.28815460205078,5912000
2023-02-17,72.19999694824219,72.55000305175781,72.19000244140625,72.54000091552734,66.4346923828125,5165700
2023-02-21,72.08000183105469,72.1500015258789,71.88999938964844,71.91000366210938,65.85772705078125,16093200
2023-02-22,72.0999984741211,72.25,72.04000091552734,72.06999969482422,66.00426483154297,4375600
2023-02-23,72.12999725341797,72.3499984741211,72.0999984741211,72.33000183105469,66.24235534667969,4789200
2023-02-24,71.95999908447266,72.02999877929688,71.80000305175781,71.93000030517578,65.87602233886719,4345900
2023-02-27,72.05000305175781,72.18000030517578,71.97000122070312,72.05000305175781,65.98595428466797,3340500
2023-02-28,71.80999755859375,72.08999633789062,71.76000213623047,72.06999969482422,66.00426483154297,5032400
2023-03-01,71.68000030517578,71.83000183105469,71.44000244140625,71.4800033569336,65.61322784423828,4427800
2023-03-02,71.20999908447266,71.3499984741211,71.16999816894531,71.33000183105469,65.47554016113281,4966600
2023-03-03,71.68000030517578,71.87999725341797,71.52999877929688,71.87999725341797,65.98039245605469,4008600
2023-03-06,72.02999877929688,72.02999877929688,71.69999694824219,71.70999908447266,65.8243408203125,4538700
2023-03-07,71.83000183105469,71.8499984741211,71.51000213623047,71.62999725341797,65.75090789794922,4253100
2023-03-08,71.77999877929688,71.9000015258789,71.44000244140625,71.56999969482422,65.69584655761719,4774500
2023-03-09,71.66000366210938,71.95999908447266,71.62000274658203,71.80999755859375,65.91613006591797,4597800
2023-03-10,72.51000213623047,72.83000183105469,72.41000366210938,72.66999816894531,66.70552825927734,4779500
2023-03-13,73.33000183105469,73.81999969482422,73.04000091552734,73.25,67.23794555664062,7270500
2023-03-14,73.0,73.19000244140625,72.66000366210938,72.79000091552734,66.81568908691406,5432500
2023-03-15,73.61000061035156,73.8499984741211,73.20999908447266,73.54000091552734,67.50415802001953,6677200
2023-03-16,73.83000183105469,73.87999725341797,73.08000183105469,73.19000244140625,67.18287658691406,6964800
2023-03-17,73.48999786376953,73.91999816894531,73.48999786376953,73.72000122070312,67.66938781738281,4352700
2023-03-20,73.77999877929688,73.83999633789062,73.36000061035156,73.4000015258789,67.37564086914062,6924500
2023-03-21,73.19999694824219,73.37000274658203,73.12999725341797,73.19999694824219,67.19205474853516,3997700
2023-03-22,73.19999694824219,73.91999816894531,73.06999969482422,73.8499984741211,67.78870391845703,5220500
2023-03-23,73.80000305175781,74.11000061035156,73.68000030517578,74.0199966430664,67.94474029541016,5392100
2023-03-24,74.23999786376953,74.41999816894531,74.02999877929688,74.16999816894531,68.08245849609375,4638000
2023-03-27,73.5999984741211,73.7300033569336,73.4000015258789,73.4000015258789,67.37564086914062,5769800
2023-03-28,73.26000213623047,73.37000274658203,73.19999694824219,73.2699966430664,67.25631713867188,3473300
2023-03-29,73.16000366210938,73.41999816894531,73.1500015258789,73.3499984741211,67.32975769042969,4231300
2023-03-30,73.31999969482422,73.5199966430664,73.31999969482422,73.44999694824219,67.42152404785156,3455300
2023-03-31,73.58999633789062,73.87000274658203,73.47000122070312,73.83000183105469,67.77034759521484,4549200
2023-04-03,73.58000183105469,73.98999786376953,73.5199966430664,73.95999908447266,68.05836486816406,5346200
2023-04-04,73.76000213623047,74.31999969482422,73.72000122070312,74.26000213623047,68.33442687988281,4126700
2023-04-05,74.44999694824219,74.9000015258789,74.37999725341797,74.45999908447266,68.51846313476562,4345900
2023-04-06,74.51000213623047,74.5999984741211,74.41999816894531,74.44000244140625,68.50007629394531,4381700
2023-04-10,74.02999877929688,74.05000305175781,73.80999755859375,73.94000244140625,68.03999328613281,4224300
2023-04-11,74.0199966430664,74.02999877929688,73.80999755859375,73.97000122070312,68.06758117675781,4401600
2023-04-12,74.26000213623047,74.26000213623047,73.8499984741211,74.05000305175781,68.14118194580078,4134800
2023-04-13,74.20999908447266,74.29000091552734,73.94999694824219,74.01000213623047,68.10437774658203,5012700
2023-04-14,73.75,73.80000305175781,73.61000061035156,73.68000030517578,67.80072021484375,4349600
2023-04-17,73.44999694824219,73.4800033569336,73.26000213623047,73.27999877929688,67.4326171875,5085500
2023-04-18,73.30999755859375,73.48999786376953,73.29000091552734,73.38999938964844,67.53385162353516,3728400
2023-04-19,73.29000091552734,73.31999969482422,73.1500015258789,73.29000091552734,67.44184112548828,4611000
2023-04-20,73.5,73.61000061035156,73.48999786376953,73.61000061035156,67.73629760742188,3605400
2023-04-21,73.7300033569336,73.7699966430664,73.43000030517578,73.4800033569336,67.61668395996094,3371600
2023-04-24,73.62000274658203,73.80000305175781,73.62000274658203,73.7699966430664,67.88352966308594,2993000
2023-04-25,74.05999755859375,74.29000091552734,74.05999755859375,74.25,68.32524108886719,3508100
2023-04-26,74.20999908447266,74.27999877929688,73.9000015258789,73.98999786376953,68.08596801757812,5819900
2023-04-27,73.80999755859375,73.83000183105469,73.62999725341797,73.66999816894531,67.79149627685547,3078100
2023-04-28,74.02999877929688,74.0999984741211,73.88999938964844,74.08000183105469,68.1688003540039,4469100
2023-05-01,73.5999984741211,73.66000366210938,73.05999755859375,73.13999938964844,67.46773529052734,4546500
2023-05-02,73.33000183105469,73.87000274658203,73.31999969482422,73.86000061035156,68.13188934326172,4825100
2023-05-03,74.0199966430664,74.18000030517578,73.86000061035156,74.16999816894531,68.4178466796875,4205600
2023-05-04,73.91999816894531,74.37999725341797,73.9000015258789,74.06999969482422,68.32559967041016,11535800
2023-05-05,73.80999755859375,73.86000061035156,73.68000030517578,73.80000305175781,68.07654571533203,3143200
2023-05-08,73.5,73.61000061035156,73.41999816894531,73.44999694824219,67.75367736816406,9895900
2023-05-09,73.43000030517578,73.5,73.36000061035156,73.37000274658203,67.67988586425781,3827700
2023-05-10,73.68000030517578,73.87999725341797,73.6500015258789,73.81999969482422,68.09498596191406,5291800
2023-05-11,74.18000030517578,74.23999786376953,74.0199966430664,74.05999755859375,68.31639862060547,4745900
2023-05-12,74.01000213623047,74.05999755859375,73.66999816894531,73.66999816894531,67.95660400390625,2970500
2023-05-15,73.5199966430664,73.52999877929688,73.43000030517578,73.4800033569336,67.78136444091797,3268600
2023-05-16,73.2699966430664,73.31999969482422,73.16000366210938,73.30000305175781,67.61534118652344,3818500
2023-05-17,73.37999725341797,73.38999938964844,73.12000274658203,73.16999816894531,67.49542236328125,4574400
2023-05-18,73.01000213623047,73.01000213623047,72.83000183105469,72.87000274658203,67.21868896484375,3530000
2023-05-19,72.72000122070312,72.94000244140625,72.61000061035156,72.66999816894531,67.03416442871094,4166800
2023-05-22,72.70999908447266,72.87999725341797,72.61000061035156,72.6500015258789,67.01573944091797,5294900
2023-05-23,72.55999755859375,72.77999877929688,72.4800033569336,72.69999694824219,67.06185913085938,4561100
2023-05-24,72.73999786376953,72.76000213623047,72.48999786376953,72.5,66.87736511230469,4245100
2023-05-25,72.45999908447266,72.48999786376953,72.19999694824219,72.2300033569336,66.6283187866211,4012300
2023-05-26,72.16000366210938,72.33000183105469,72.06999969482422,72.31999969482422,66.7113265991211,3783100
2023-05-30,72.55000305175781,72.80000305175781,72.5199966430664,72.80000305175781,67.15409088134766,3533000
2023-05-31,72.80999755859375,73.12999725341797,72.76000213623047,73.04000091552734,67.37548065185547,4898400
2023-06-01,73.05000305175781,73.19000244140625,72.97000122070312,73.05000305175781,67.55767822265625,3984000
2023-06-02,73.01000213623047,73.0199966430664,72.63999938964844,72.63999938964844,67.17850494384766,4595500
2023-06-05,72.48999786376953,72.8499984741211,72.41999816894531,72.6500015258789,67.187744140625,4674600
2023-06-06,72.69000244140625,72.76000213623047,72.52999877929688,72.75,67.28022003173828,5001900
2023-06-07,72.69999694824219,72.76000213623047,72.29000091552734,72.33999633789062,66.90106201171875,4326500
2023-06-08,72.43000030517578,72.73999786376953,72.41999816894531,72.69999694824219,67.23397827148438,3567600
2023-06-09,72.54000091552734,72.6500015258789,72.44999694824219,72.55000305175781,67.09528350830078,12690400
2023-06-12,72.62999725341797,72.70999908447266,72.41000366210938,72.69999694824219,67.23397827148438,4632800
2023-06-13,72.86000061035156,72.91999816894531,72.30999755859375,72.37999725341797,66.93804168701172,4302500
2023-06-14,72.5,72.61000061035156,72.19999694824219,72.44000244140625,66.99356079101562,5986200
2023-06-15,72.76000213623047,72.91000366210938,72.66999816894531,72.88999938964844,67.40969848632812,5061200
2023-06-16,72.68000030517578,72.83000183105469,72.54000091552734,72.7300033569336,67.2617416381836,3905300
2023-06-20,72.77999877929688,72.94999694824219,72.7699966430664,72.83000183105469,67.35424041748047,4921700
2023-06-21,72.69000244140625,72.98999786376953,72.58000183105469,72.94999694824219,67.46519470214844,3678700
2023-06-22,72.7300033569336,72.83999633789062,72.52999877929688,72.5999984741211,67.14149475097656,3975500
2023-06-23,72.9800033569336,72.98999786376953,72.69000244140625,72.80999755859375,67.33570861816406,4163100
2023-06-26,72.91000366210938,72.9800033569336,72.83000183105469,72.9000015258789,67.4189453125,6287800
2023-06-27,72.91999816894531,73.02999877929688,72.66999816894531,72.76000213623047,67.28946685791016,4816100
2023-06-28,72.86000061035156,73.0,72.73999786376953,72.98999786376953,67.502197265625,5517200
2023-06-29,72.4800033569336,72.51000213623047,72.31999969482422,72.44000244140625,66.99356079101562,5803000
2023-06-30,72.5,72.70999908447266,72.43000030517578,72.69000244140625,67.22472381591797,5612300
2023-07-03,72.48999786376953,72.6500015258789,72.27999877929688,72.30000305175781,67.03374481201172,3146500
2023-07-05,72.2699966430664,72.29000091552734,71.94000244140625,72.0,66.75560760498047,4415700
2023-07-06,71.58000183105469,71.62999725341797,71.3499984741211,71.54000091552734,66.32910919189453,5613400
2023-07-07,71.54000091552734,71.70999908447266,71.45999908447266,71.5,66.29203033447266,5726600
2023-07-10,71.55999755859375,71.83000183105469,71.55000305175781,71.75,66.5238265991211,4450800
2023-07-11,71.83999633789062,71.95999908447266,71.7699966430664,71.9000015258789,66.66287994384766,5709100
2023-07-12,72.27999877929688,72.5199966430664,72.2300033569336,72.47000122070312,67.19137573242188,6397500
2023-07-13,72.75,72.94999694824219,72.69999694824219,72.91000366210938,67.59930419921875,5868400
2023-07-14,72.7699966430664,72.8499984741211,72.55999755859375,72.56999969482422,67.28408813476562,7410000
2023-07-17,72.58000183105469,72.69000244140625,72.51000213623047,72.6500015258789,67.35824584960938,5942700
2023-07-18,72.87999725341797,72.93000030517578,72.7300033569336,72.73999786376953,67.44170379638672,7748100
2023-07-19,72.87000274658203,72.9800033569336,72.7699966430664,72.91000366210938,67.59930419921875,11522100
2023-07-20,72.66999816894531,72.68000030517578,72.43000030517578,72.56999969482422,67.28408813476562,5262100
2023-07-21,72.69999694824219,72.75,72.58999633789062,72.62000274658203,67.3304443359375,5170600
2023-07-24,72.70999908447266,72.76000213623047,72.48999786376953,72.5,67.21919250488281,3553400
2023-07-25,72.3499984741211,72.48999786376953,72.31999969482422,72.41999816894531,67.14501190185547,4200800
2023-07-26,72.58999633789062,72.68000030517578,72.41999816894531,72.66000366210938,67.3675308227539,4478200
2023-07-27,72.5199966430664,72.56999969482422,71.97000122070312,72.04000091552734,66.79268646240234,5342600
2023-07-28,72.16999816894531,72.30999755859375,72.11000061035156,72.29000091552734,67.02445983886719,5273200
2023-07-31,72.30000305175781,72.48999786376953,72.30000305175781,72.41999816894531,67.14501190185547,4607900
2023-08-01,71.93000030517578,71.98999786376953,71.69999694824219,71.77999877929688,66.72944641113281,11078000
2023-08-02,71.55000305175781,71.58000183105469,71.33000183105469,71.55000305175781,66.5156478881836,6546700
2023-08-03,71.12999725341797,71.19999694824219,71.02999877929688,71.11000061035156,66.10659790039062,5395200
2023-08-04,71.37000274658203,71.7300033569336,71.3499984741211,71.69999694824219,66.65509033203125,6925000
2023-08-07,71.62999725341797,71.66999816894531,71.52999877929688,71.58999633789062,66.55281829833984,4987400
2023-08-08,71.87000274658203,71.9800033569336,71.79000091552734,71.8499984741211,66.7945327758789,4338200
2023-08-09,71.8499984741211,71.95999908447266,71.81999969482422,71.87000274658203,66.8131103515625,4937800
2023-08-10,71.93000030517578,72.0199966430664,71.45999908447266,71.47000122070312,66.4412841796875,5195800
2023-08-11,71.26000213623047,71.47000122070312,71.22000122070312,71.23999786376953,66.2274398803711,4577400
2023-08-14,71.16000366210938,71.31999969482422,71.04000091552734,71.1500015258789,66.14379119873047,7992400
2023-08-15,71.02999877929688,71.19999694824219,70.97000122070312,70.98999786376953,65.99504089355469,5028100
2023-08-16,70.98999786376953,71.12000274658203,70.76000213623047,70.79000091552734,65.8091049194336,5149700
2023-08-17,70.80000305175781,70.81999969482422,70.58000183105469,70.72000122070312,65.74403381347656,7357800
2023-08-18,70.76000213623047,70.97000122070312,70.7300033569336,70.87000274658203,65.88349914550781,5094400
2023-08-21,70.61000061035156,70.63999938964844,70.44999694824219,70.52999877929688,65.56741333007812,4280100
2023-08-22,70.55000305175781,70.69000244140625,70.4800033569336,70.62000274658203,65.65109252929688,4301900
2023-08-23,70.9800033569336,71.2699966430664,70.97000122070312,71.26000213623047,66.24604797363281,5205800
2023-08-24,71.1500015258789,71.25,71.06999969482422,71.08999633789062,66.08800506591797,4186400
2023-08-25,71.01000213623047,71.22000122070312,70.86000061035156,71.08999633789062,66.08800506591797,4853100
2023-08-28,71.25,71.25,71.11000061035156,71.22000122070312,66.2088623046875,3969000
2023-08-29,71.12999725341797,71.68000030517578,71.11000061035156,71.66000366210938,66.61790466308594,6214600
2023-08-30,71.7300033569336,71.7699966430664,71.62000274658203,71.62999725341797,66.59002685546875,4721500
2023-08-31,71.72000122070312,71.86000061035156,71.68000030517578,71.75,66.70157623291016,4747100
2023-09-01,71.55000305175781,71.56999969482422,71.12999725341797,71.20999908447266,66.38090515136719,3940700
2023-09-05,71.05000305175781,71.05999755859375,70.80999755859375,70.81999969482422,66.01734161376953,4634300
2023-09-06,70.9000015258789,70.91000366210938,70.66000366210938,70.73999786376953,65.9427719116211,7800400
2023-09-07,70.88999938964844,70.98999786376953,70.80999755859375,70.9800033569336,66.16649627685547,4742800
2023-09-08,71.08999633789062,71.16999816894531,70.9800033569336,71.0,66.18515014648438,4270600
2023-09-11,70.9000015258789,70.94999694824219,70.83000183105469,70.88999938964844,66.08260345458984,4215800
2023-09-12,70.93000030517578,70.95999908447266,70.8499984741211,70.94000244140625,66.12920379638672,4246300
2023-09-13,70.86000061035156,71.12000274658203,70.86000061035156,71.05000305175781,66.23175048828125,6142500
2023-09-14,71.0999984741211,71.13999938964844,70.91000366210938,70.93000030517578,66.119873046875,5227300
2023-09-15,70.9000015258789,70.91999816894531,70.7699966430664,70.79000091552734,65.98938751220703,4946100
2023-09-18,70.66999816894531,70.87999725341797,70.66999816894531,70.86000061035156,66.05461883544922,5882500
2023-09-19,70.80999755859375,70.86000061035156,70.68000030517578,70.70999908447266,65.91481018066406,4200900
2023-09-20,70.83999633789062,70.91999816894531,70.62000274658203,70.62000274658203,65.83092498779297,5518400
2023-09-21,70.2699966430664,70.29000091552734,70.16999816894531,70.18000030517578,65.42073822021484,9127100
2023-09-22,70.27999877929688,70.51000213623047,70.2300033569336,70.47000122070312,65.6910629272461,8149800
2023-09-25,70.11000061035156,70.18000030517578,69.94000244140625,69.94999694824219,65.20633697509766,22744300
2023-09-26,70.08000183105469,70.08999633789062,69.8499984741211,69.87999725341797,65.14107513427734,7329100
2023-09-27,70.0999984741211,70.11000061035156,69.48999786376953,69.62999725341797,64.90802001953125,7701800
2023-09-28,69.51000213623047,69.83000183105469,69.37999725341797,69.80999755859375,65.07583618164062,9004600
2023-09-29,70.05999755859375,70.12999725341797,69.69000244140625,69.77999877929688,65.0478744506836,7650600
2023-10-02,69.31999969482422,69.37000274658203,69.06999969482422,69.11000061035156,64.60105895996094,6719800
2023-10-03,68.9800033569336,69.05999755859375,68.52999877929688,68.55000305175781,64.07756805419922,8099500
2023-10-04,68.83000183105469,69.02999877929688,68.66000366210938,69.0,64.49825286865234,7915900
2023-10-05,69.12999725341797,69.1500015258789,68.97000122070312,69.05000305175781,64.54497528076172,6845000
2023-10-06,68.54000091552734,68.94000244140625,68.48999786376953,68.77999877929688,64.29257202148438,8385100
2023-10-09,69.13999938964844,69.4800033569336,69.05999755859375,69.4800033569336,64.9468994140625,3561600
2023-10-10,69.2300033569336,69.55999755859375,69.13999938964844,69.41000366210938,64.88150787353516,11555900
2023-10-11,69.62999725341797,69.73999786376953,69.5199966430664,69.7300033569336,65.18061065673828,18074400
2023-10-12,69.58999633789062,69.61000061035156,69.06999969482422,69.12999725341797,64.61974334716797,6144000
2023-10-13,69.52999877929688,69.55999755859375,69.3499984741211,69.44999694824219,64.91888427734375,5570100
2023-10-16,69.26000213623047,69.26000213623047,69.05999755859375,69.08999633789062,64.58235931396484,4914800
2023-10-17,68.68000030517578,68.7699966430664,68.5199966430664,68.63999938964844,64.16173553466797,5851900
2023-10-18,68.5,68.55000305175781,68.2300033569336,68.33999633789062,63.881282806396484,5885900
2023-10-19,68.2699966430664,68.41000366210938,68.0,68.04000091552734,63.60087966918945,9433800
2023-10-20,68.22000122070312,68.37999725341797,68.19000244140625,68.29000091552734,63.834564208984375,5197700
2023-10-23,68.08000183105469,68.6500015258789,67.98999786376953,68.55000305175781,64.07756805419922,9587100
2023-10-24,68.58999633789062,68.79000091552734,68.4800033569336,68.77999877929688,64.29257202148438,9462100
2023-10-25,68.5,68.5199966430664,68.19999694824219,68.26000213623047,63.80651092529297,7392400
2023-10-26,68.3499984741211,68.7300033569336,68.33999633789062,68.72000122070312,64.23649597167969,11426600
2023-10-27,68.66999816894531,68.72000122070312,68.5199966430664,68.72000122070312,64.23649597167969,5325500
2023-10-30,68.5,68.63999938964844,68.38999938964844,68.55000305175781,64.07756805419922,5905300
2023-10-31,68.63999938964844,68.75,68.51000213623047,68.52999877929688,64.05889892578125,9248200
2023-11-01,68.4800033569336,69.0,68.44999694824219,68.98999786376953,64.68048858642578,9330800
2023-11-02,69.43000030517578,69.5,69.22000122070312,69.38999938964844,65.05548858642578,8409100
2023-11-03,70.02999877929688,70.16999816894531,69.79000091552734,69.80000305175781,65.43989562988281,7995700
2023-11-06,69.62999725341797,69.66999816894531,69.44000244140625,69.5,65.15862274169922,7822000
2023-11-07,69.68000030517578,69.98999786376953,69.6500015258789,69.8499984741211,65.48677062988281,7986100
2023-11-08,69.87999725341797,70.1500015258789,69.87000274658203,70.06999969482422,65.69302368164062,6543700
2023-11-09,70.0,70.04000091552734,69.5199966430664,69.55000305175781,65.20552062988281,6979700
2023-11-10,69.86000061035156,69.87000274658203,69.62000274658203,69.68000030517578,65.32737731933594,4381800
2023-11-13,69.41999816894531,69.68000030517578,69.36000061035156,69.66000366210938,65.30863952636719,6058600
2023-11-14,70.48999786376953,70.56999969482422,70.4000015258789,70.51000213623047,66.10553741455078,8237100
2023-11-15,70.22000122070312,70.23999786376953,70.02999877929688,70.12000274658203,65.73988342285156,6793500
2023-11-16,70.41000366210938,70.61000061035156,70.41000366210938,70.54000091552734,66.13365936279297,5623900
2023-11-17,70.61000061035156,70.69999694824219,70.4800033569336,70.63999938964844,66.2274169921875,5657300
2023-11-20,70.58000183105469,70.7699966430664,70.51000213623047,70.73999786376953,66.32117462158203,6959100
2023-11-21,70.80999755859375,70.87999725341797,70.66999816894531,70.83999633789062,66.41492462158203,5737800
2023-11-22,70.9800033569336,71.02999877929688,70.73999786376953,70.9000015258789,66.47117614746094,4949100
2023-11-24,70.6500015258789,70.69999694824219,70.55000305175781,70.55999755859375,66.15238952636719,3534800
2023-11-27,70.75,70.98999786376953,70.69999694824219,70.98999786376953,66.5555419921875,5257000
2023-11-28,70.94999694824219,71.30999755859375,70.9000015258789,71.29000091552734,66.8368148803711,7051400
2023-11-29,71.55000305175781,71.69999694824219,71.45999908447266,71.66000366210938,67.18370056152344,7615800
2023-11-30,71.51000213623047,71.5199966430664,71.30000305175781,71.43000030517578,66.96807098388672,9880000
2023-12-01,71.22000122070312,71.83999633789062,71.19999694824219,71.80999755859375,67.51429748535156,7643500
2023-12-04,71.56999969482422,71.66999816894531,71.41000366210938,71.5199966430664,67.24165344238281,11164600
2023-12-05,71.83000183105469,72.04000091552734,71.75,71.9800033569336,67.67414855957031,8393500
2023-12-06,72.1500015258789,72.30999755859375,72.05000305175781,72.19000244140625,67.87158203125,9365200
2023-12-07,72.11000061035156,72.36000061035156,72.0999984741211,72.16999816894531,67.85279083251953,9876000
2023-12-08,71.87000274658203,71.94999694824219,71.70999908447266,71.81999969482422,67.5237045288086,7349900
2023-12-11,71.79000091552734,71.87999725341797,71.61000061035156,71.83000183105469,67.53311157226562,12895800
2023-12-12,71.87000274658203,72.05999755859375,71.79000091552734,72.04000091552734,67.73054504394531,8052300
2023-12-13,72.20999908447266,73.01000213623047,72.16999816894531,72.95999908447266,68.59551239013672,7172600
2023-12-14,73.36000061035156,73.62999725341797,73.30000305175781,73.51000213623047,69.11260986328125,9105500
2023-12-15,73.4000015258789,73.52999877929688,73.30999755859375,73.4000015258789,69.00919342041016,7996700
2023-12-18,73.30000305175781,73.30999755859375,73.19999694824219,73.25,68.8681640625,6144200
2023-12-19,73.36000061035156,73.47000122070312,73.33999633789062,73.38999938964844,68.99980926513672,6924100
2023-12-20,73.51000213623047,73.66999816894531,73.4000015258789,73.62999725341797,69.22543334960938,7496100
2023-12-21,73.77999877929688,73.81999969482422,73.51000213623047,73.62000274658203,69.21604919433594,6912600
2023-12-22,73.52999877929688,73.54000091552734,73.27999877929688,73.36000061035156,69.16984558105469,5890700
2023-12-26,73.3499984741211,73.4800033569336,73.31999969482422,73.43000030517578,69.23583984375,6394600
2023-12-27,73.69999694824219,73.91999816894531,73.63999938964844,73.9000015258789,69.67899322509766,7467700
2023-12-28,73.80999755859375,73.88999938964844,73.63999938964844,73.72000122070312,69.50927734375,8166600
2023-12-29,73.55000305175781,73.70999908447266,73.4800033569336,73.55000305175781,69.34898376464844,6939800
2024-01-02,73.26000213623047,73.36000061035156,73.19000244140625,73.23999786376953,69.05670166015625,8334200
2024-01-03,73.01000213623047,73.3499984741211,72.87999725341797,73.30000305175781,69.11326599121094,6477200
2024-01-04,72.95999908447266,73.05000305175781,72.87999725341797,72.97000122070312,68.80213165283203,5056900
2024-01-05,72.76000213623047,73.16999816894531,72.69000244140625,72.75,68.59469604492188,6223400
2024-01-08,72.83000183105469,73.18000030517578,72.79000091552734,73.06999969482422,68.89640808105469,7937500
2024-01-09,72.9800033569336,73.13999938964844,72.94999694824219,73.05999755859375,68.88695526123047,5649400
2024-01-10,73.19000244140625,73.23999786376953,72.93000030517578,72.93000030517578,68.7643814086914,6578400
2024-01-11,73.04000091552734,73.36000061035156,72.94000244140625,73.30999755859375,69.1227035522461,7537300
2024-01-12,73.48999786376953,73.63999938964844,73.3499984741211,73.45999908447266,69.26412200927734,4461200
2024-01-16,73.20999908447266,73.2699966430664,72.8499984741211,72.94000244140625,68.7738265991211,5724700
2024-01-17,72.76000213623047,72.83999633789062,72.62999725341797,72.7699966430664,68.6135482788086,12370300
2024-01-18,72.80000305175781,72.83000183105469,72.58999633789062,72.66999816894531,68.51923370361328,6086200
2024-01-19,72.58000183105469,72.68000030517578,72.43000030517578,72.66999816894531,68.51923370361328,7883100
2024-01-22,72.88999938964844,72.94000244140625,72.76000213623047,72.79000091552734,68.63238525390625,10321400
2024-01-23,72.68000030517578,72.68000030517578,72.55000305175781,72.62000274658203,68.47211456298828,6840400
2024-01-24,72.93000030517578,72.93000030517578,72.44999694824219,72.47000122070312,68.33065795898438,7483800
2024-01-25,72.75,72.81999969482422,72.66000366210938,72.80999755859375,68.6512680053711,8361100
2024-01-26,72.81999969482422,72.81999969482422,72.6500015258789,72.69999694824219,68.54753875732422,9120500
2024-01-29,72.9000015258789,73.05999755859375,72.80999755859375,72.98999786376953,68.82095336914062,7677600
2024-01-30,73.16000366210938,73.18000030517578,72.87000274658203,73.12000274658203,68.94355010986328,6688100
2024-01-31,73.4000015258789,73.58999633789062,73.27999877929688,73.43000030517578,69.23583984375,9916600
2024-02-01,73.51000213623047,73.83000183105469,73.4000015258789,73.66000366210938,69.65380096435547,12060800
2024-02-02,73.02999877929688,73.13999938964844,72.87000274658203,73.0,69.0296859741211,7820000
2024-02-05,72.58000183105469,72.61000061035156,72.3499984741211,72.41999816894531,68.48125457763672,7577100
2024-02-06,72.52999877929688,72.83000183105469,72.5,72.76000213623047,68.8027572631836,8310500
2024-02-07,72.6500015258789,72.86000061035156,72.61000061035156,72.62000274658203,68.67037963867188,9257500
2024-02-08,72.5,72.55999755859375,72.38999938964844,72.43000030517578,68.4906997680664,7987500
2024-02-09,72.33000183105469,72.4000015258789,72.29000091552734,72.37000274658203,68.4339599609375,5940700
2024-02-12,72.44999694824219,72.48999786376953,72.30999755859375,72.38999938964844,68.452880859375,6063000
2024-02-13,71.9800033569336,72.0,71.73999786376953,71.76000213623047,67.85713958740234,12938800
2024-02-14,71.83000183105469,72.08999633789062,71.80999755859375,72.02999877929688,68.11245727539062,6915700
2024-02-15,72.30999755859375,72.33999633789062,72.11000061035156,72.2300033569336,68.30158233642578,6733900
2024-02-16,71.91000366210938,72.01000213623047,71.86000061035156,72.0,68.08406829833984,5029200
2024-02-20,72.12000274658203,72.20999908447266,72.05000305175781,72.08999633789062,68.169189453125,7605000
2024-02-21,72.16999816894531,72.16999816894531,71.86000061035156,71.88999938964844,67.98007202148438,6625600
2024-02-22,71.93000030517578,72.0199966430664,71.83999633789062,71.91999816894531,68.00843048095703,11884200
2024-02-23,71.93000030517578,72.25,71.93000030517578,72.18000030517578,68.25430297851562,6147200
2024-02-26,72.19999694824219,72.19999694824219,71.93000030517578,72.05000305175781,68.13136291503906,5255800
2024-02-27,72.0199966430664,72.11000061035156,71.91000366210938,71.94000244140625,68.02734375,5534300
2024-02-28,72.0,72.12999725341797,71.95999908447266,72.0999984741211,68.17864990234375,5255300
2024-02-29,72.19999694824219,72.36000061035156,72.16999816894531,72.22000122070312,68.29212188720703,6002900
2024-03-01,71.94000244140625,72.37000274658203,71.80999755859375,72.31999969482422,68.57849884033203,6366800
2024-03-04,72.12999725341797,72.2300033569336,72.0999984741211,72.1500015258789,68.41728973388672,26404700
2024-03-05,72.44999694824219,72.62000274658203,72.38999938964844,72.54000091552734,68.787109375,6208600
2024-03-06,72.62000274658203,72.80999755859375,72.61000061035156,72.66999816894531,68.91038513183594,28955300
2024-03-07,72.83999633789062,72.8499984741211,72.66000366210938,72.79000091552734,69.02418518066406,7495500
2024-03-08,72.91000366210938,72.97000122070312,72.80999755859375,72.86000061035156,69.0905532836914,7187700
2024-03-11,72.9000015258789,72.91000366210938,72.76000213623047,72.83000183105469,69.0621109008789,5626200
2024-03-12,72.70999908447266,72.72000122070312,72.55000305175781,72.61000061035156,68.85347747802734,4699400
2024-03-13,72.54000091552734,72.62000274658203,72.47000122070312,72.48999786376953,68.73970031738281,6123200
2024-03-14,72.30000305175781,72.30000305175781,72.05000305175781,72.05999755859375,68.33195495605469,5214000
2024-03-15,72.02999877929688,72.11000061035156,71.97000122070312,72.0199966430664,68.29401397705078,4783900
2024-03-18,72.01000213623047,72.04000091552734,71.9000015258789,71.93000030517578,68.20867919921875,5284200
2024-03-19,72.05000305175781,72.19000244140625,72.0199966430664,72.12000274658203,68.38884735107422,4560100
2024-03-20,72.16999816894531,72.38999938964844,72.02999877929688,72.25,68.51210021972656,5287200
2024-03-21,72.4000015258789,72.44000244140625,72.23999786376953,72.30999755859375,68.56901550292969,5492900
2024-03-22,72.61000061035156,72.62000274658203,72.48999786376953,72.55000305175781,68.79660034179688,4169400
2024-03-25,72.5,72.5,72.36000061035156,72.41000366210938,68.66383361816406,7950500
2024-03-26,72.44000244140625,72.48999786376953,72.31999969482422,72.47000122070312,68.72073364257812,7603100
2024-03-27,72.56999969482422,72.75,72.5199966430664,72.72000122070312,68.95781707763672,7825200
2024-03-28,72.63999938964844,72.75,72.56999969482422,72.62999725341797,68.87242889404297,5326400
2024-04-01,72.1500015258789,72.19000244140625,71.86000061035156,71.91999816894531,68.40262603759766,6157500
2024-04-02,71.68000030517578,71.8499984741211,71.58000183105469,71.83999633789062,68.32653045654297,9043000
2024-04-03,71.6500015258789,71.9000015258789,71.55999755859375,71.88999938964844,68.37408447265625,5419200
2024-04-04,72.05999755859375,72.05999755859375,71.87000274658203,72.04000091552734,68.51673126220703,12412900
2024-04-05,71.7699966430664,71.93000030517578,71.68000030517578,71.68000030517578,68.17434692382812,11531700
2024-04-08,71.61000061035156,71.69999694824219,71.56999969482422,71.62000274658203,68.11729431152344,13873100
2024-04-09,71.81999969482422,71.93000030517578,71.80999755859375,71.87999725341797,68.36457061767578,8886200
2024-04-10,71.37999725341797,71.4000015258789,71.01000213623047,71.04000091552734,67.56566619873047,8196500
2024-04-11,71.19000244140625,71.2300033569336,70.91000366210938,71.04000091552734,67.56566619873047,16574100
2024-04-12,71.26000213623047,71.3499984741211,71.19000244140625,71.19999694824219,67.71784210205078,12479100
2024-04-15,70.8499984741211,70.86000061035156,70.62999725341797,70.7300033569336,67.27081298828125,8079200
2024-04-16,70.5199966430664,70.61000061035156,70.41999816894531,70.55000305175781,67.09962463378906,14378900
2024-04-17,70.7699966430664,70.94000244140625,70.66000366210938,70.88999938964844,67.42298126220703,6568500
2024-04-18,70.87999725341797,70.88999938964844,70.63999938964844,70.69999694824219,67.2422866821289,6349500
2024-04-19,70.8499984741211,70.87999725341797,70.7300033569336,70.79000091552734,67.327880859375,8338300
2024-04-22,70.76000213623047,70.87999725341797,70.72000122070312,70.81999969482422,67.35640716552734,5938300
2024-04-23,70.77999877929688,71.11000061035156,70.70999908447266,70.94999694824219,67.48006439208984,6044400
2024-04-24,70.83999633789062,70.83999633789062,70.62999725341797,70.7699966430664,67.30885314941406,4616600
2024-04-25,70.44999694824219,70.58999633789062,70.37000274658203,70.56999969482422,67.1186294555664,5367500
2024-04-26,70.69999694824219,70.83000183105469,70.69999694824219,70.7300033569336,67.27081298828125,4256600
2024-04-29,70.8499984741211,70.9800033569336,70.81999969482422,70.94000244140625,67.47055053710938,4799500
2024-04-30,70.7300033569336,70.83999633789062,70.61000061035156,70.66999816894531,67.21376037597656,6605800
2024-05-01,70.5999984741211,70.93000030517578,70.5,70.70999908447266,67.4560546875,8119200
2024-05-02,70.69000244140625,71.0199966430664,70.6500015258789,70.98999786376953,67.72317504882812,6014800
2024-05-03,71.44999694824219,71.55000305175781,71.18000030517578,71.3499984741211,68.06661224365234,7256900
2024-05-06,71.4000015258789,71.47000122070312,71.33999633789062,71.41999816894531,68.13338470458984,5584300
2024-05-07,71.63999938964844,71.7300033569336,71.51000213623047,71.55999755859375,68.26693725585938,4635400
2024-05-08,71.41999816894531,71.47000122070312,71.38999938964844,71.38999938964844,68.10476684570312,6774500
2024-05-09,71.4000015258789,71.62000274658203,71.36000061035156,71.58000183105469,68.28602600097656,4525200
2024-05-10,71.45999908447266,71.4800033569336,71.3499984741211,71.37999725341797,68.09523010253906,5562000
2024-05-13,71.5999984741211,71.5999984741211,71.43000030517578,71.44000244140625,68.1524887084961,5600500
2024-05-14,71.62999725341797,71.69999694824219,71.54000091552734,71.6500015258789,68.35282135009766,4272500
2024-05-15,72.0199966430664,72.16000366210938,71.94000244140625,72.11000061035156,68.79161834716797,4208200
2024-05-16,72.12999725341797,72.16000366210938,71.97000122070312,71.98999786376953,68.67716217041016,4359500
2024-05-17,71.93000030517578,71.98999786376953,71.80000305175781,71.80999755859375,68.50543975830078,4373500
2024-05-20,71.7699966430664,71.80000305175781,71.7300033569336,71.73999786376953,68.43865203857422,3699600
2024-05-21,71.93000030517578,71.93000030517578,71.8499984741211,71.88999938964844,68.58175659179688,4612300
2024-05-22,71.73999786376953,71.87999725341797,71.72000122070312,71.80000305175781,68.49591064453125,4306200
2024-05-23,71.81999969482422,71.8499984741211,71.51000213623047,71.58999633789062,68.29554748535156,3589900
2024-05-24,71.56999969482422,71.69000244140625,71.52999877929688,71.66999816894531,68.37189483642578,4025200
2024-05-28,71.73999786376953,71.73999786376953,71.30999755859375,71.33000183105469,68.04751586914062,4743400
2024-05-29,71.19999694824219,71.20999908447266,70.97000122070312,71.06999969482422,67.79949188232422,4877500
2024-05-30,71.31999969482422,71.41999816894531,71.26000213623047,71.37999725341797,68.09523010253906,3723200
2024-05-31,71.55000305175781,71.68000030517578,71.54000091552734,71.63999938964844,68.34326171875,4193000
2024-06-03,71.56999969482422,71.83000183105469,71.52999877929688,71.81999969482422,68.7250747680664,4798900
2024-06-04,71.95999908447266,72.13999938964844,71.91000366210938,72.08999633789062,68.98342895507812,5298400
2024-06-05,72.18000030517578,72.30000305175781,72.0,72.29000091552734,69.17481994628906,5506400
2024-06-06,72.16999816894531,72.33000183105469,72.16999816894531,72.30000305175781,69.18437957763672,4119700
2024-06-07,71.83000183105469,71.83000183105469,71.70999908447266,71.72000122070312,68.62937927246094,3826500
2024-06-10,71.62000274658203,71.6500015258789,71.54000091552734,71.61000061035156,68.52410888671875,3925100
2024-06-11,71.68000030517578,71.93000030517578,71.66000366210938,71.9000015258789,68.80162048339844,4073200
2024-06-12,72.41999816894531,72.58000183105469,72.22000122070312,72.2300033569336,69.1174087524414,4495700
2024-06-13,72.45999908447266,72.63999938964844,72.38999938964844,72.55000305175781,69.42361450195312,4339600
2024-06-14,72.66000366210938,72.7300033569336,72.5999984741211,72.66000366210938,69.52886962890625,3527000
2024-06-17,72.37000274658203,72.41000366210938,72.29000091552734,72.38999938964844,69.2705078125,4019000
2024-06-18,72.4800033569336,72.73999786376953,72.47000122070312,72.63999938964844,69.50973510742188,8491900
2024-06-20,72.4000015258789,72.52999877929688,72.3499984741211,72.5,69.37577819824219,4227800
2024-06-21,72.63999938964844,72.68000030517578,72.43000030517578,72.5199966430664,69.39490509033203,4115300
2024-06-24,72.54000091552734,72.58000183105469,72.45999908447266,72.55999755859375,69.43317413330078,31937200
2024-06-25,72.56999969482422,72.61000061035156,72.4800033569336,72.5999984741211,69.47144317626953,5958500
2024-06-26,72.30000305175781,72.31999969482422,72.2300033569336,72.26000213623047,69.14611053466797,5910600
2024-06-27,72.4000015258789,72.45999908447266,72.36000061035156,72.38999938964844,69.2705078125,5514800
2024-06-28,72.55000305175781,72.55000305175781,72.05000305175781,72.05000305175781,68.94515991210938,4824500
2024-07-01,71.58000183105469,71.76000213623047,71.4000015258789,71.44999694824219,68.58137512207031,4960000
2024-07-02,71.69000244140625,71.73999786376953,71.56999969482422,71.66000366210938,68.782958984375,6080100
2024-07-03,71.86000061035156,72.0999984741211,71.80999755859375,72.06999969482422,69.1764907836914,4438600
2024-07-05,72.26000213623047,72.44999694824219,72.22000122070312,72.4000015258789,69.49324035644531,4201700
2024-07-08,72.38999938964844,72.44999694824219,72.29000091552734,72.4000015258789,69.49324035644531,4742300
2024-07-09,72.37000274658203,72.41999816894531,72.20999908447266,72.37000274658203,69.46444702148438,8533200
2024-07-10,72.41999816894531,72.47000122070312,72.31999969482422,72.43000030517578,69.52203369140625,5591500
2024-07-11,72.83000183105469,72.94000244140625,72.7699966430664,72.79000091552734,69.8675765991211,4978100
2024-07-12,72.8499984741211,72.9800033569336,72.80000305175781,72.9800033569336,70.0499496459961,4656800
2024-07-15,72.80999755859375,72.91000366210938,72.7300033569336,72.75,69.82918548583984,4557200
2024-07-16,72.81999969482422,73.04000091552734,72.80999755859375,73.02999877929688,70.09793853759766,4636600
2024-07-17,72.94000244140625,73.13999938964844,72.88999938964844,73.0999984741211,70.1651382446289,8365100
2024-07-18,72.9800033569336,73.11000061035156,72.87000274658203,72.91000366210938,69.98275756835938,7673700
2024-07-19,72.98999786376953,72.98999786376953,72.69999694824219,72.72000122070312,69.8003921508789,5593100
2024-07-22,72.83000183105469,72.8499984741211,72.5999984741211,72.69000244140625,69.77159881591797,5055700
2024-07-23,72.7300033569336,72.83000183105469,72.69000244140625,72.69999694824219,69.78119659423828,6981700
2024-07-24,72.79000091552734,72.83999633789062,72.48999786376953,72.48999786376953,69.57962799072266,5080200
2024-07-25,72.56999969482422,72.80999755859375,72.56999969482422,72.6500015258789,69.73320007324219,4567700
2024-07-26,72.88999938964844,72.95999908447266,72.83999633789062,72.94000244140625,70.01155853271484,3692700
2024-07-29,73.05000305175781,73.13999938964844,72.95999908447266,73.02999877929688,70.09793853759766,5185000
2024-07-30,73.13999938964844,73.16999816894531,72.97000122070312,73.12000274658203,70.18433380126953,4282400
2024-07-31,73.37999725341797,73.5199966430664,73.19000244140625,73.5199966430664,70.56826782226562,6041400
2024-08-01,73.5,73.68000030517578,73.44000244140625,73.56999969482422,70.83206939697266,8733700
2024-08-02,74.12999725341797,74.44000244140625,74.0,74.41000366210938,71.64081573486328,6476300
2024-08-05,74.79000091552734,74.80000305175781,74.19000244140625,74.33999633789062,71.57341766357422,8354200
2024-08-06,74.26000213623047,74.27999877929688,73.87999725341797,73.87999725341797,71.13054656982422,6484400
2024-08-07,73.80999755859375,73.87999725341797,73.58999633789062,73.69999694824219,70.95722961425781,5907200
2024-08-08,73.5,73.62999725341797,73.47000122070312,73.58999633789062,70.85133361816406,4357500
2024-08-09,73.9000015258789,73.94000244140625,73.80999755859375,73.8499984741211,71.10164642333984,6093100
2024-08-12,73.80999755859375,74.0199966430664,73.73999786376953,73.9800033569336,71.22682189941406,4822900
2024-08-13,74.19000244140625,74.2699966430664,74.13999938964844,74.26000213623047,71.49639129638672,4049000
2024-08-14,74.30999755859375,74.4800033569336,74.26000213623047,74.4000015258789,71.63118743896484,6333600
2024-08-15,73.95999908447266,74.08999633789062,73.91000366210938,74.08999633789062,71.33272552490234,5108300
2024-08-16,74.22000122070312,74.25,74.05000305175781,74.25,71.48677062988281,4647700
2024-08-19,74.23999786376953,74.41999816894531,74.20999908447266,74.33999633789062,71.57341766357422,4964700
2024-08-20,74.48999786376953,74.58000183105469,74.41000366210938,74.55999755859375,71.78522491455078,4444000
2024-08-21,74.6500015258789,74.83999633789062,74.5,74.72000122070312,71.93927001953125,4541800
2024-08-22,74.55999755859375,74.58000183105469,74.33000183105469,74.41999816894531,71.65044403076172,3999700
2024-08-23,74.58000183105469,74.77999877929688,74.4800033569336,74.75,71.9681625366211,4292000
2024-08-26,74.8499984741211,74.8499984741211,74.66999816894531,74.66999816894531,71.89112854003906,4427200
2024-08-27,74.51000213623047,74.69999694824219,74.48999786376953,74.66999816894531,71.89112854003906,3715900
2024-08-28,74.66999816894531,74.7300033569336,74.5999984741211,74.62000274658203,71.84300231933594,5179900
2024-08-29,74.51000213623047,74.55999755859375,74.41999816894531,74.51000213623047,71.73709106445312,3840800
2024-08-30,74.55000305175781,74.63999938964844,74.31999969482422,74.36000061035156,71.59266662597656,5037400
2024-09-03,74.41000366210938,74.55999755859375,74.33000183105469,74.44999694824219,71.89784240722656,6220100
2024-09-04,74.48999786376953,74.80999755859375,74.47000122070312,74.77999877929688,72.21653747558594,7338600
2024-09-05,74.93000030517578,74.98999786376953,74.7300033569336,74.95999908447266,72.39035034179688,9994300
2024-09-06,75.0,75.36000061035156,74.87000274658203,75.05000305175781,72.47725677490234,22536000
2024-09-09,75.02999877929688,75.20999908447266,74.94000244140625,75.1500015258789,72.57384490966797,5040900
2024-09-10,75.18000030517578,75.41999816894531,75.13999938964844,75.4000015258789,72.81526947021484,5653900
2024-09-11,75.27999877929688,75.51000213623047,75.2300033569336,75.36000061035156,72.7766342163086,6471000
2024-09-12,75.33000183105469,75.38999938964844,75.19000244140625,75.27999877929688,72.69938659667969,5685400
2024-09-13,75.45999908447266,75.5199966430664,75.36000061035156,75.44000244140625,72.8539047241211,4786700
2024-09-16,75.5,75.66999816894531,75.44000244140625,75.63999938964844,73.04705810546875,4734900
2024-09-17,75.63999938964844,75.66000366210938,75.5,75.54000091552734,72.95047760009766,5398400
2024-09-18,75.41999816894531,75.66999816894531,75.30000305175781,75.30999755859375,72.72836303710938,5695700
2024-09-19,75.22000122070312,75.3499984741211,75.16999816894531,75.30999755859375,72.72836303710938,5135600
2024-09-20,75.22000122070312,75.38999938964844,75.13999938964844,75.30000305175781,72.71871185302734,4265000
2024-09-23,75.18000030517578,75.36000061035156,75.05000305175781,75.25,72.67039489746094,6632500
2024-09-24,75.12000274658203,75.37000274658203,75.06999969482422,75.33999633789062,72.75733184814453,5017900
2024-09-25,75.2300033569336,75.2300033569336,75.05999755859375,75.05999755859375,72.48692321777344,4793100
2024-09-26,75.13999938964844,75.16999816894531,74.91999816894531,75.05999755859375,72.48692321777344,4919700
2024-09-27,75.2300033569336,75.33000183105469,75.1500015258789,75.27999877929688,72.69938659667969,3927900
2024-09-30,75.25,75.26000213623047,75.02999877929688,75.11000061035156,72.53520965576172,5661900
2024-10-01,75.12999725341797,75.26000213623047,75.05000305175781,75.11000061035156,72.749267578125,6267100
2024-10-02,74.8499984741211,75.0,74.7699966430664,74.97000122070312,72.61366271972656,6902500
2024-10-03,74.83000183105469,74.8499984741211,74.63999938964844,74.63999938964844,72.29403686523438,7733800
2024-10-04,74.16999816894531,74.30000305175781,74.11000061035156,74.1500015258789,71.8194351196289,5218300
2024-10-07,73.94000244140625,74.0199966430664,73.88999938964844,73.93000030517578,71.60636138916016,7044200
2024-10-08,73.87999725341797,74.04000091552734,73.81999969482422,74.04000091552734,71.71290588378906,8642400
2024-10-09,73.94000244140625,73.94000244140625,73.80000305175781,73.83999633789062,71.51918029785156,4997800
2024-10-10,73.79000091552734,73.8499984741211,73.62000274658203,73.80999755859375,71.49011993408203,4579000
2024-10-11,73.83000183105469,73.91999816894531,73.7300033569336,73.81999969482422,71.49980926513672,8508000
2024-10-14,73.5999984741211,73.7699966430664,73.58000183105469,73.7699966430664,71.45137786865234,3380100
2024-10-15,73.98999786376953,74.08999633789062,73.8499984741211,74.05999755859375,71.73226165771484,4456200
2024-10-16,74.13999938964844,74.23999786376953,74.11000061035156,74.16000366210938,71.82913970947266,7437800
2024-10-17,73.98999786376953,73.98999786376953,73.76000213623047,73.80000305175781,71.48043823242188,4250400
2024-10-18,73.9000015258789,73.9800033569336,73.83999633789062,73.83999633789062,71.51918029785156,3930300
2024-10-21,73.6500015258789,73.6500015258789,73.31999969482422,73.33999633789062,71.03487396240234,5259900
2024-10-22,73.44999694824219,73.48999786376953,73.27999877929688,73.37000274658203,71.06395721435547,4633000
2024-10-23,73.36000061035156,73.37000274658203,73.08000183105469,73.19000244140625,70.88961791992188,6429400
2024-10-24,73.27999877929688,73.44000244140625,73.16999816894531,73.30999755859375,71.00584411621094,6219500
2024-10-25,73.4800033569336,73.4800033569336,73.12999725341797,73.16000366210938,70.86056518554688,4641400
2024-10-28,73.23999786376953,73.27999877929688,72.94999694824219,73.06999969482422,70.77338409423828,4582800
2024-10-29,72.9000015258789,73.13999938964844,72.79000091552734,73.12999725341797,70.83150482177734,5543800
2024-10-30,73.2699966430664,73.43000030517578,73.0199966430664,73.05999755859375,70.76368713378906,4610300
2024-10-31,72.94999694824219,73.16000366210938,72.83000183105469,73.05000305175781,70.75402069091797,6115700
2024-11-01,73.04000091552734,73.08000183105469,72.51000213623047,72.54000091552734,70.48002624511719,6409800
2024-11-04,72.81999969482422,73.01000213623047,72.69999694824219,72.83000183105469,70.76177978515625,6860100
2024-11-05,72.5999984741211,73.02999877929688,72.5999984741211,73.01000213623047,70.9366683959961,6236900
2024-11-06,72.26000213623047,72.58999633789062,72.2300033569336,72.41000366210938,70.35371398925781,6382500
2024-11-07,72.5,73.02999877929688,72.5,72.94999694824219,70.87838745117188,6590200
2024-11-08,72.95999908447266,73.23999786376953,72.95999908447266,73.08999633789062,71.01438903808594,5398500
2024-11-11,73.0,73.0,72.8499984741211,72.94999694824219,70.87838745117188,4372000
2024-11-12,72.73999786376953,72.81999969482422,72.45999908447266,72.51000213623047,70.45088195800781,7197800
2024-11-13,72.91999816894531,72.91999816894531,72.41000366210938,72.4800033569336,70.42172241210938,5458100
2024-11-14,72.5999984741211,72.72000122070312,72.41000366210938,72.45999908447266,70.40228271484375,6643300
2024-11-15,72.33999633789062,72.66000366210938,72.19999694824219,72.4800033569336,70.42172241210938,18467300
2024-11-18,72.4000015258789,72.61000061035156,72.33000183105469,72.55000305175781,70.48973083496094,4964800
2024-11-19,72.76000213623047,72.77999877929688,72.66000366210938,72.68000030517578,70.61605072021484,4900500
2024-11-20,72.51000213623047,72.69000244140625,72.5,72.5999984741211,70.53831481933594,6557800
2024-11-21,72.5999984741211,72.73999786376953,72.5,72.55999755859375,70.49944305419922,5115500
2024-11-22,72.62000274658203,72.66999816894531,72.5199966430664,72.58999633789062,70.52859497070312,10409500
2024-11-25,73.01000213623047,73.2699966430664,73.01000213623047,73.26000213623047,71.17957305908203,10207100
2024-11-26,73.18000030517578,73.18000030517578,72.94000244140625,73.12999725341797,71.05326080322266,5537900
2024-11-27,73.20999908447266,73.41999816894531,73.20999908447266,73.33000183105469,71.2475814819336,5366600
2024-11-29,73.5,73.62999725341797,73.5,73.5999984741211,71.50992584228516,3870800
2024-12-02,73.29000091552734,73.4800033569336,73.16999816894531,73.41999816894531,71.55182647705078,6212800
2024-12-03,73.52999877929688,73.55000305175781,73.19999694824219,73.25,71.38615417480469,6249200
2024-12-04,73.19999694824219,73.55000305175781,73.08999633789062,73.5,71.6297836303711,6769700
2024-12-05,73.37999725341797,73.55999755859375,73.3499984741211,73.51000213623047,71.63953399658203,6146200
2024-12-06,73.7300033569336,73.79000091552734,73.56999969482422,73.70999908447266,71.8344497680664,4880500
2024-12-09,73.6500015258789,73.6500015258789,73.47000122070312,73.48999786376953,71.62004852294922,5432900
2024-12-10,73.37999725341797,73.47000122070312,73.31999969482422,73.41000366210938,71.54208374023438,5751900
2024-12-11,73.58999633789062,73.58999633789062,73.22000122070312,73.25,71.38615417480469,4642900
2024-12-12,73.01000213623047,73.20999908447266,72.93000030517578,72.95999908447266,71.10353088378906,6880600
2024-12-13,72.91000366210938,72.91000366210938,72.63999938964844,72.66999816894531,70.82090759277344,5171400
2024-12-16,72.75,72.88999938964844,72.6500015258789,72.75,70.89887237548828,7871100
2024-12-17,72.73999786376953,72.83999633789062,72.70999908447266,72.76000213623047,70.90860748291016,6084800
2024-12-18,72.76000213623047,72.81999969482422,72.18000030517578,72.19000244140625,70.35311889648438,7962700
2024-12-19,72.04000091552734,72.12000274658203,71.87999725341797,71.98999786376953,70.15821075439453,7669100
2024-12-20,72.30000305175781,72.41000366210938,72.19000244140625,72.20999908447266,70.37260437011719,6696400
2024-12-23,72.12999725341797,72.20999908447266,71.94000244140625,71.9800033569336,70.1484603881836,7605400
2024-12-24,71.6500015258789,71.8499984741211,71.62000274658203,71.8499984741211,70.24916076660156,4185300
2024-12-26,71.62999725341797,71.91999816894531,71.62999725341797,71.9000015258789,70.29806518554688,8714400
2024-12-27,71.88999938964844,71.93000030517578,71.73999786376953,71.75,70.15140533447266,9018700
2024-12-30,71.9000015258789,72.08000183105469,71.9000015258789,72.02999877929688,70.4251708984375,8054500
2024-12-31,72.08999633789062,72.16999816894531,71.87999725341797,71.91000366210938,70.3078384399414,8724200
2025-01-02,72.19000244140625,72.19000244140625,71.8499984741211,71.94000244140625,70.337158203125,8053300
2025-01-03,71.97000122070312,72.05999755859375,71.83000183105469,71.8499984741211,70.24916076660156,6857000
2025-01-06,71.77999877929688,71.87999725341797,71.69999694824219,71.77999877929688,70.18071746826172,5375700
2025-01-07,71.72000122070312,71.7699966430664,71.44000244140625,71.52999877929688,69.93629455566406,7875900
2025-01-08,71.4800033569336,71.66000366210938,71.44999694824219,71.61000061035156,70.01451873779297,5844300
2025-01-10,71.73999786376953,71.73999786376953,71.18000030517578,71.23999786376953,69.65275573730469,9602400
2025-01-13,71.23999786376953,71.25,71.0999984741211,71.16999816894531,69.58431243896484,11856300
2025-01-14,71.1500015258789,71.25,71.11000061035156,71.22000122070312,69.63320922851562,5166000
2025-01-15,71.5999984741211,71.87999725341797,71.5999984741211,71.79000091552734,70.19050598144531,5867900
2025-01-16,71.69999694824219,72.02999877929688,71.63999938964844,71.93000030517578,70.327392578125,8494100
2025-01-17,72.0999984741211,72.0999984741211,71.91000366210938,71.94999694824219,70.34693908691406,5600200
2025-01-21,72.20999908447266,72.20999908447266,72.06999969482422,72.16000366210938,70.55226135253906,8491600
2025-01-22,72.1500015258789,72.19999694824219,71.97000122070312,72.01000213623047,70.40560150146484,6616600
2025-01-23,72.0,72.0,71.80000305175781,71.9000015258789,70.29806518554688,7529700
2025-01-24,72.0,72.08999633789062,71.87000274658203,72.04000091552734,70.43492889404297,5555700
2025-01-27,72.33999633789062,72.44000244140625,72.26000213623047,72.41999816894531,70.80646514892578,8621200
2025-01-28,72.38999938964844,72.38999938964844,72.20999908447266,72.37999725341797,70.7673568725586,4424300
2025-01-29,72.43000030517578,72.48999786376953,72.16999816894531,72.33999633789062,70.72825622558594,5780200
2025-01-30,72.45999908447266,72.52999877929688,72.37999725341797,72.44000244140625,70.8260269165039,5622300
2025-01-31,72.4800033569336,72.54000091552734,72.19999694824219,72.33999633789062,70.72825622558594,6738300
2025-02-03,72.2300033569336,72.43000030517578,72.05999755859375,72.16999816894531,70.7920150756836,7163800
2025-02-04,72.04000091552734,72.29000091552734,71.97000122070312,72.2699966430664,70.89009857177734,7296200
2025-02-05,72.5199966430664,72.76000213623047,72.5,72.63999938964844,71.25304412841797,8981700
2025-02-06,72.55999755859375,72.6500015258789,72.4800033569336,72.55999755859375,71.174560546875,5722100
2025-02-07,72.38999938964844,72.44000244140625,72.2699966430664,72.33999633789062,70.95877075195312,6415300
2025-02-10,72.44999694824219,72.51000213623047,72.31999969482422,72.36000061035156,70.97838592529297,5439200
2025-02-11,72.30999755859375,72.30999755859375,72.18000030517578,72.23999786376953,70.86067199707031,6870800
2025-02-12,71.93000030517578,71.98999786376953,71.75,71.87000274658203,70.49774169921875,5279600
2025-02-13,72.16000366210938,72.37000274658203,72.06999969482422,72.30000305175781,70.9195327758789,6452900
2025-02-14,72.45999908447266,72.68000030517578,72.45999908447266,72.52999877929688,71.14514923095703,6131500
2025-02-18,72.3499984741211,72.44999694824219,72.25,72.26000213623047,70.88029479980469,7151700
2025-02-19,72.29000091552734,72.38999938964844,72.20999908447266,72.36000061035156,70.97838592529297,4720700
2025-02-20,72.45999908447266,72.5,72.41999816894531,72.44999694824219,71.06666564941406,6199000
2025-02-21,72.54000091552734,72.86000061035156,72.52999877929688,72.7699966430664,71.38055419921875,4460600
2025-02-24,72.69999694824219,72.91999816894531,72.69000244140625,72.87000274658203,71.4786605834961,5580100
2025-02-25,73.11000061035156,73.33000183105469,73.05000305175781,73.33000183105469,71.92985534667969,4835300
2025-02-26,73.30999755859375,73.4800033569336,73.20999908447266,73.44000244140625,72.03776550292969,5825400
2025-02-27,73.30999755859375,73.41999816894531,73.22000122070312,73.3499984741211,71.9494857788086,14908500
2025-02-28,73.5199966430664,73.69000244140625,73.41000366210938,73.66000366210938,72.25357055664062,8363500
2025-03-03,73.25,73.62999725341797,73.22000122070312,73.61000061035156,72.41983032226562,7549300
2025-03-04,73.61000061035156,73.75,73.31999969482422,73.4000015258789,72.21321868896484,7693100
2025-03-05,73.30000305175781,73.5199966430664,73.12999725341797,73.13999938964844,71.95742797851562,7758400
2025-03-06,73.11000061035156,73.19999694824219,72.9000015258789,73.08000183105469,71.89839935302734,7196400
2025-03-07,73.33000183105469,73.37000274658203,72.94999694824219,73.0,71.81969451904297,5036100
2025-03-10,73.30000305175781,73.47000122070312,73.2699966430664,73.33999633789062,72.15419006347656,8167000
2025-03-11,73.19999694824219,73.43000030517578,73.04000091552734,73.05999755859375,71.87873077392578,8359200
2025-03-12,72.91000366210938,73.05999755859375,72.88999938964844,72.91000366210938,71.73115539550781,6193000
2025-03-13,72.91999816894531,73.1500015258789,72.7699966430664,73.12999725341797,71.94760131835938,4711400
2025-03-14,73.0199966430664,73.06999969482422,72.94000244140625,72.94999694824219,71.77050018310547,5094900
2025-03-17,73.12999725341797,73.23999786376953,73.01000213623047,73.05000305175781,71.86888885498047,4772900
2025-03-18,72.9800033569336,73.22000122070312,72.97000122070312,73.12999725341797,71.94760131835938,4196100
2025-03-19,73.06999969482422,73.37999725341797,73.0,73.3499984741211,72.1640396118164,4201600
2025-03-20,73.6500015258789,73.66999816894531,73.3499984741211,73.37999725341797,72.19355773925781,3760700
2025-03-21,73.44000244140625,73.5199966430664,73.30000305175781,73.31999969482422,72.134521484375,7078500
2025-03-24,73.19000244140625,73.22000122070312,72.9800033569336,73.0,71.81969451904297,5637000
2025-03-25,73.0,73.16999816894531,72.98999786376953,73.08999633789062,71.90824127197266,6133700
2025-03-26,73.0199966430664,73.05999755859375,72.88999938964844,72.93000030517578,71.75082397460938,4856900
2025-03-27,72.87999725341797,72.91999816894531,72.81999969482422,72.9000015258789,71.7213134765625,5567900
2025-03-28,73.16000366210938,73.3499984741211,73.06999969482422,73.31999969482422,72.134521484375,4850500
2025-03-31,73.5,73.55999755859375,73.2699966430664,73.44999694824219,72.2624282836914,7106000
2025-04-01,73.22000122070312,73.58000183105469,73.20999908447266,73.44000244140625,72.48944091796875,4667900
2025-04-02,73.61000061035156,73.62000274658203,73.18000030517578,73.37999725341797,72.43021392822266,5313100
2025-04-03,73.76000213623047,74.0,73.62000274658203,73.76000213623047,72.80530548095703,7426200
2025-04-04,74.19999694824219,74.33999633789062,73.70999908447266,73.81999969482422,72.86451721191406,12678000
2025-04-07,73.6500015258789,73.69000244140625,72.8499984741211,72.93000030517578,71.98604583740234,14283000
2025-04-08,72.91999816894531,73.05000305175781,72.45999908447266,72.51000213623047,71.57147979736328,12629200
2025-04-09,71.48999786376953,72.69999694824219,71.4800033569336,72.68000030517578,71.7392807006836,20862000
2025-04-10,72.41999816894531,72.61000061035156,72.05999755859375,72.0999984741211,71.16678619384766,8058500
2025-04-11,71.69000244140625,72.1500015258789,71.41000366210938,72.0199966430664,71.08781433105469,7260400
2025-04-14,72.22000122070312,72.52999877929688,72.19999694824219,72.43000030517578,71.49252319335938,5409300
2025-04-15,72.36000061035156,72.73999786376953,72.3499984741211,72.61000061035156,71.67018127441406,5667500
2025-04-16,72.66000366210938,72.8499984741211,72.51000213623047,72.80999755859375,71.86759185791016,33963000
2025-04-17,72.79000091552734,72.83000183105469,72.5999984741211,72.6500015258789,71.70967102050781,7613800
2025-04-21,72.48999786376953,72.63999938964844,72.25,72.25,71.31484985351562,6092900
2025-04-22,72.48999786376953,72.52999877929688,72.37000274658203,72.37999725341797,71.44316101074219,5408200
2025-04-23,72.81999969482422,73.12999725341797,72.5,72.52999877929688,71.59122467041016,5283000
2025-04-24,72.80000305175781,72.94999694824219,72.75,72.94000244140625,71.99591064453125,3751500
2025-04-25,73.08999633789062,73.19000244140625,73.01000213623047,73.18000030517578,72.2328109741211,4021800
2025-04-28,73.0999984741211,73.38999938964844,73.08999633789062,73.36000061035156,72.41047668457031,4685400
2025-04-29,73.29000091552734,73.55999755859375,73.27999877929688,73.55000305175781,72.5980224609375,3790700
2025-04-30,73.5,73.58000183105469,73.37000274658203,73.5,72.54866027832031,8020700
2025-05-01,73.33999633789062,73.37000274658203,72.94999694824219,73.05999755859375,72.3466567993164,6295400
2025-05-02,72.70999908447266,72.8499984741211,72.61000061035156,72.69999694824219,71.99016571044922,6960800
2025-05-05,72.62999725341797,72.69000244140625,72.4800033569336,72.5999984741211,71.89114379882812,7575000
2025-05-06,72.55999755859375,72.7699966430664,72.5,72.76000213623047,72.0495834350586,6994000
2025-05-07,72.80000305175781,72.97000122070312,72.79000091552734,72.9000015258789,72.18822479248047,4357400
2025-05-08,72.86000061035156,72.91999816894531,72.51000213623047,72.51000213623047,71.80203247070312,4283200
2025-05-09,72.61000061035156,72.73999786376953,72.55999755859375,72.56999969482422,71.86143493652344,3730700
2025-05-12,72.30000305175781,72.44999694824219,72.30000305175781,72.31999969482422,71.61388397216797,6982800
2025-05-13,72.30000305175781,72.43000030517578,72.19999694824219,72.29000091552734,71.58417510986328,5610300
2025-05-14,72.23999786376953,72.29000091552734,72.01000213623047,72.04000091552734,71.33660888671875,6426700
2025-05-15,72.25,72.44999694824219,72.16999816894531,72.43000030517578,71.72280883789062,5659000
2025-05-16,72.62000274658203,72.68000030517578,72.44999694824219,72.4800033569336,71.77232360839844,5310000
2025-05-19,72.16999816894531,72.4800033569336,72.05999755859375,72.45999908447266,71.75251007080078,5787700
2025-05-20,72.30000305175781,72.38999938964844,72.19999694824219,72.33000183105469,71.62378692626953,5810300
2025-05-21,72.1500015258789,72.19999694824219,71.80000305175781,71.87999725341797,71.17817687988281,10880400
2025-05-22,71.87000274658203,72.08999633789062,71.76000213623047,72.08000183105469,71.37622833251953,7067200
2025-05-23,72.2699966430664,72.29000091552734,72.08999633789062,72.19000244140625,71.48516082763672,4272600
2025-05-27,72.37000274658203,72.5999984741211,72.31999969482422,72.52999877929688,71.82183074951172,6148800
2025-05-28,72.41000366210938,72.45999908447266,72.29000091552734,72.37000274658203,71.66339874267578,5214700
2025-05-29,72.4800033569336,72.69999694824219,72.4800033569336,72.62999725341797,71.92084503173828,4685800
2025-05-30,72.62999725341797,72.77999877929688,72.54000091552734,72.7699966430664,72.05948638916016,5995600
2025-06-02,72.3499984741211,72.52999877929688,72.23999786376953,72.37000274658203,71.90052795410156,6888000
2025-06-03,72.44000244140625,72.5,72.26000213623047,72.29000091552734,71.821044921875,7436800
2025-06-04,72.54000091552734,72.80999755859375,72.51000213623047,72.73999786376953,72.26811981201172,8343000
2025-06-05,72.76000213623047,72.83000183105469,72.58000183105469,72.5999984741211,72.12903594970703,6620600
2025-06-06,72.37000274658203,72.48999786376953,72.19000244140625,72.20999908447266,71.74156188964844,14677200
2025-06-09,72.19999694824219,72.38999938964844,72.19999694824219,72.31999969482422,71.8508529663086,10147300
2025-06-10,72.51000213623047,72.55999755859375,72.37999725341797,72.45999908447266,71.98993682861328,9257000
2025-06-11,72.58999633789062,72.72000122070312,72.5199966430664,72.69000244140625,72.21845245361328,8034900
2025-06-12,72.9000015258789,72.97000122070312,72.81999969482422,72.95999908447266,72.4866943359375,5950100
2025-06-13,72.80999755859375,72.8499984741211,72.55000305175781,72.69999694824219,72.22838592529297,5656200
2025-06-16,72.6500015258789,72.79000091552734,72.55000305175781,72.55999755859375,72.08929443359375,6415500
2025-06-17,72.69000244140625,72.81999969482422,72.5999984741211,72.79000091552734,72.31780242919922,5123400
2025-06-18,72.87000274658203,73.0199966430664,72.76000213623047,72.83000183105469,72.3575439453125,5176900
2025-06-20,72.70999908447266,72.95999908447266,72.66999816894531,72.87999725341797,72.40721893310547,5396600
2025-06-23,73.05000305175781,73.22000122070312,72.9800033569336,73.05999755859375,72.58604431152344,5391900
2025-06-24,72.98999786376953,73.31999969482422,72.98999786376953,73.27999877929688,72.80461883544922,8789700
2025-06-25,73.19000244140625,73.30999755859375,73.0999984741211,73.30000305175781,72.82449340820312,5346300
2025-06-26,73.37000274658203,73.5199966430664,73.30000305175781,73.51000213623047,73.03313446044922,5373300
2025-06-27,73.37999725341797,73.55000305175781,73.31999969482422,73.33999633789062,72.86422729492188,6928700
2025-06-30,73.51000213623047,73.66999816894531,73.44999694824219,73.62999725341797,73.15235137939453,6986700
2025-07-01,73.38999938964844,73.44999694824219,73.2300033569336,73.33999633789062,73.0975341796875,6286300
2025-07-02,73.16999816894531,73.26000213623047,73.13999938964844,73.26000213623047,73.0177993774414,6342300
2025-07-03,73.12999725341797,73.16999816894531,73.04000091552734,73.08000183105469,72.83839416503906,6428400
2025-07-07,72.95999908447266,73.0199966430664,72.79000091552734,72.83999633789062,72.59918212890625,8191000
2025-07-08,72.73999786376953,72.80000305175781,72.69999694824219,72.80000305175781,72.559326171875,5934200
2025-07-09,72.88999938964844,73.0999984741211,72.88999938964844,73.08999633789062,72.84835815429688,6720200
2025-07-10,73.08000183105469,73.11000061035156,72.97000122070312,73.0999984741211,72.85832977294922,6650900
2025-07-11,72.88999938964844,72.9000015258789,72.7699966430664,72.80000305175781,72.559326171875,4962400
2025-07-14,72.7699966430664,72.86000061035156,72.69999694824219,72.79000091552734,72.54935455322266,5624700
2025-07-15,72.87999725341797,72.87999725341797,72.55000305175781,72.56999969482422,72.330078125,5908400
2025-07-16,72.69999694824219,72.77999877929688,72.5199966430664,72.70999908447266,72.46961975097656,7874900
2025-07-17,72.72000122070312,72.81999969482422,72.68000030517578,72.7300033569336,72.48955535888672,6857300
2025-07-18,72.87999725341797,72.9000015258789,72.80999755859375,72.8499984741211,72.6091537475586,5206800
2025-07-21,73.0999984741211,73.18000030517578,73.04000091552734,73.05999755859375,72.8184585571289,5338500
2025-07-22,73.0999984741211,73.23999786376953,73.08000183105469,73.18000030517578,72.93806457519531,5507300
2025-07-23,73.08000183105469,73.12000274658203,73.0,73.02999877929688,72.78855895996094,5269400
2025-07-24,72.83999633789062,73.04000091552734,72.81999969482422,72.94000244140625,72.69886016845703,6139200
2025-07-25,72.94999694824219,73.12000274658203,72.93000030517578,73.12000274658203,72.87826538085938,4845900
2025-07-28,73.0199966430664,73.05000305175781,72.95999908447266,73.0,72.75865936279297,5806600
2025-07-29,73.08000183105469,73.38999938964844,73.08000183105469,73.37999725341797,73.13739776611328,7397900
2025-07-30,73.19000244140625,73.3499984741211,73.12999725341797,73.19000244140625,72.94803619384766,5554600
