Date,Open,High,Low,Close,Adj Close,Volume
2015-07-01,207.72999572753906,208.02999877929688,206.55999755859375,207.5,174.9171142578125,135979900
2015-07-02,208.07000732421875,208.27000427246094,206.80999755859375,207.30999755859375,174.7568817138672,104373700
2015-07-06,205.77000427246094,207.64999389648438,205.52999877929688,206.72000122070312,174.25961303710938,117975400
2015-07-07,206.9600067138672,208.1699981689453,204.11000061035156,208.02000427246094,175.35545349121094,173820200
2015-07-08,206.4199981689453,206.75999450683594,204.25,204.52999877929688,172.41346740722656,164020100
2015-07-09,207.0399932861328,207.35000610351562,204.77000427246094,204.89999389648438,172.72540283203125,144113100
2015-07-10,207.2899932861328,207.97999572753906,204.9499969482422,207.47999572753906,174.9002227783203,129456900
2015-07-13,208.99000549316406,209.89999389648438,208.94000244140625,209.77000427246094,176.8306884765625,106069400
2015-07-14,209.72000122070312,211.0500030517578,209.64999389648438,210.67999267578125,177.59776306152344,81709600
2015-07-15,210.72999572753906,211.27999877929688,210.0399932861328,210.61000061035156,177.5386962890625,97914100
2015-07-16,211.8699951171875,212.3000030517578,211.5800018310547,212.3000030517578,178.9634246826172,106683300
2015-07-17,212.2899932861328,212.5500030517578,211.8000030517578,212.47999572753906,179.11509704589844,89030000
2015-07-20,212.75,213.17999267578125,212.2100067138672,212.58999633789062,179.20782470703125,70446800
2015-07-21,212.42999267578125,212.74000549316406,211.38999938964844,211.75,178.499755859375,77965000
2015-07-22,210.92999267578125,211.77000427246094,210.88999938964844,211.3699951171875,178.179443359375,88667900
2015-07-23,211.52999877929688,211.64999389648438,209.75,210.17999267578125,177.17628479003906,90509100
2015-07-24,210.3000030517578,210.3699951171875,207.60000610351562,208.0,175.3385772705078,117755000
2015-07-27,206.94000244140625,207.5500030517578,206.25999450683594,206.7899932861328,174.318603515625,132361100
2015-07-28,207.7899932861328,209.5,206.8000030517578,209.3300018310547,176.4597930908203,123544800
2015-07-29,209.47999572753906,211.0399932861328,209.30999755859375,210.77000427246094,177.6736297607422,105791300
2015-07-30,210.16000366210938,211.02000427246094,209.4199981689453,210.82000732421875,177.7158203125,91304400
2015-07-31,211.4199981689453,211.4499969482422,210.16000366210938,210.5,177.44607543945312,103266900
2015-08-03,210.4600067138672,210.52999877929688,208.64999389648438,209.7899932861328,176.84751892089844,113965700
2015-08-04,209.6999969482422,210.25,208.8000030517578,209.3800048828125,176.50186157226562,81820800
2015-08-05,210.4499969482422,211.30999755859375,209.72999572753906,210.07000732421875,177.08355712890625,85786800
2015-08-06,210.2899932861328,210.4199981689453,207.64999389648438,208.35000610351562,175.63363647460938,116030800
2015-08-07,208.16000366210938,208.33999633789062,206.8699951171875,207.9499969482422,175.29644775390625,117858000
2015-08-10,209.27999877929688,210.6699981689453,209.27999877929688,210.57000732421875,177.5050506591797,80270700
2015-08-11,208.97000122070312,209.47000122070312,207.75999450683594,208.6699981689453,175.90338134765625,126081400
2015-08-12,207.11000061035156,209.13999938964844,205.36000061035156,208.9199981689453,176.11415100097656,172123700
2015-08-13,208.72999572753906,209.5500030517578,208.00999450683594,208.66000366210938,175.89491271972656,89383300
2015-08-14,208.42999267578125,209.50999450683594,208.25999450683594,209.4199981689453,176.53565979003906,72786500
2015-08-17,208.7100067138672,210.58999633789062,208.16000366210938,210.58999633789062,177.52194213867188,79072600
2015-08-18,210.25999450683594,210.67999267578125,209.6999969482422,209.97999572753906,177.00772094726562,71692700
2015-08-19,209.08999633789062,210.00999450683594,207.35000610351562,208.32000732421875,175.60836791992188,172946000
2015-08-20,206.50999450683594,208.2899932861328,203.89999389648438,203.97000122070312,171.94143676757812,194327900
2015-08-21,201.72999572753906,203.94000244140625,197.52000427246094,197.8300018310547,166.76551818847656,346588500
2015-08-24,187.49000549316406,197.47999572753906,182.39999389648438,189.5,159.7436065673828,507244300
2015-08-25,195.42999267578125,195.4499969482422,186.9199981689453,187.27000427246094,157.86370849609375,369833100
2015-08-26,192.0800018310547,194.7899932861328,188.3699951171875,194.4600067138672,163.9246826171875,339257000
2015-08-27,197.02000427246094,199.4199981689453,195.2100067138672,199.27000427246094,167.9794464111328,274143900
2015-08-28,198.5,199.83999633789062,197.9199981689453,199.27999877929688,167.98788452148438,160414400
2015-08-31,198.11000061035156,199.1300048828125,197.00999450683594,197.6699981689453,166.63063049316406,163298800
2015-09-01,193.1199951171875,194.77000427246094,190.72999572753906,191.77000427246094,161.65713500976562,256000400
2015-09-02,194.6199951171875,195.4600067138672,192.4199981689453,195.41000366210938,164.72557067871094,160269300
2015-09-03,196.25999450683594,198.0500030517578,194.9600067138672,195.5500030517578,164.84353637695312,152087800
2015-09-04,192.85000610351562,193.86000061035156,191.61000061035156,192.58999633789062,162.348388671875,207081000
2015-09-08,195.94000244140625,197.61000061035156,195.1699981689453,197.42999267578125,166.42837524414062,116025700
2015-09-09,199.32000732421875,199.47000122070312,194.35000610351562,194.7899932861328,164.202880859375,149347700
2015-09-10,194.55999755859375,197.22000122070312,194.25,195.85000610351562,165.09646606445312,158611100
2015-09-11,195.3800048828125,196.82000732421875,194.52999877929688,196.74000549316406,165.84671020507812,119691200
2015-09-14,196.9499969482422,197.00999450683594,195.42999267578125,196.00999450683594,165.23133850097656,79452000
2015-09-15,196.61000061035156,198.99000549316406,195.9600067138672,198.4600067138672,167.29660034179688,113806200
2015-09-16,198.82000732421875,200.41000366210938,198.41000366210938,200.17999267578125,168.74652099609375,99581600
2015-09-17,200.02000427246094,202.88999938964844,199.27999877929688,199.72999572753906,168.36717224121094,276046600
2015-09-18,195.7100067138672,198.67999267578125,194.9600067138672,195.4499969482422,165.6157989501953,223657500
2015-09-21,196.44000244140625,197.67999267578125,195.2100067138672,196.4600067138672,166.4716796875,105726200
2015-09-22,193.8800048828125,194.4600067138672,192.55999755859375,193.91000366210938,164.3109130859375,153890900
2015-09-23,194.11000061035156,194.6699981689453,192.91000366210938,193.60000610351562,164.0482177734375,92790600
2015-09-24,192.14999389648438,193.4499969482422,190.55999755859375,192.89999389648438,163.45501708984375,159378800
2015-09-25,194.63999938964844,195.0,191.80999755859375,192.85000610351562,163.41273498535156,155054800
2015-09-28,191.77999877929688,191.91000366210938,187.63999938964844,188.00999450683594,159.31150817871094,178515900
2015-09-29,188.27000427246094,189.74000549316406,186.92999267578125,188.1199951171875,159.40469360351562,159045600
2015-09-30,190.3699951171875,191.8300018310547,189.44000244140625,191.6300048828125,162.37892150878906,163452000
2015-10-01,192.0800018310547,192.49000549316406,189.82000732421875,192.1300048828125,162.8026123046875,131079000
2015-10-02,189.77000427246094,195.02999877929688,189.1199951171875,195.0,165.2345428466797,211003300
2015-10-05,196.4600067138672,198.74000549316406,196.3300018310547,198.47000122070312,168.17481994628906,126320800
2015-10-06,198.30999755859375,198.97999572753906,197.0,197.7899932861328,167.59864807128906,110274500
2015-10-07,198.89999389648438,199.8300018310547,197.47999572753906,199.41000366210938,168.97137451171875,124307300
2015-10-08,198.9499969482422,201.5500030517578,198.58999633789062,201.2100067138672,170.49658203125,153055200
2015-10-09,201.3800048828125,201.89999389648438,200.5800018310547,201.3300018310547,170.5983123779297,107069200
2015-10-12,201.4199981689453,201.75999450683594,200.91000366210938,201.52000427246094,170.75926208496094,56395600
2015-10-13,200.64999389648438,202.16000366210938,200.0500030517578,200.25,169.68312072753906,88038700
2015-10-14,200.17999267578125,200.8699951171875,198.94000244140625,199.2899932861328,168.86965942382812,99106200
2015-10-15,200.0800018310547,202.36000061035156,199.63999938964844,202.35000610351562,171.46258544921875,134142200
2015-10-16,202.8300018310547,203.2899932861328,201.9199981689453,203.27000427246094,172.2421417236328,114580100
2015-10-19,202.5,203.3699951171875,202.1300048828125,203.3699951171875,172.32684326171875,76523900
2015-10-20,202.85000610351562,203.83999633789062,202.5500030517578,203.11000061035156,172.10655212402344,78448500
2015-10-21,203.61000061035156,203.7899932861328,201.64999389648438,201.85000610351562,171.03887939453125,102038000
2015-10-22,202.97999572753906,205.50999450683594,201.85000610351562,205.25999450683594,173.9283447265625,174911700
2015-10-23,207.25,207.9499969482422,206.3000030517578,207.50999450683594,175.8349609375,144442300
2015-10-26,207.3000030517578,207.3699951171875,206.55999755859375,207.0,175.40277099609375,69033000
2015-10-27,206.1999969482422,207.0,205.7899932861328,206.60000610351562,175.06393432617188,77905800
2015-10-28,207.0,208.97999572753906,206.2100067138672,208.9499969482422,177.0551300048828,135906700
2015-10-29,208.35000610351562,209.27000427246094,208.2100067138672,208.8300018310547,176.9534149169922,90525500
2015-10-30,209.05999755859375,209.44000244140625,207.74000549316406,207.92999267578125,176.19085693359375,131076900
2015-11-02,208.32000732421875,210.6199951171875,208.1699981689453,210.38999938964844,178.2753143310547,86270800
2015-11-03,209.97000122070312,211.66000366210938,209.6999969482422,211.0,178.79222106933594,95246100
2015-11-04,211.35000610351562,211.5,209.72000122070312,210.36000061035156,178.24990844726562,96224500
2015-11-05,210.42999267578125,210.97999572753906,209.08999633789062,210.14999389648438,178.07196044921875,78408700
2015-11-06,209.74000549316406,210.32000732421875,208.4600067138672,210.0399932861328,177.9787139892578,110471500
2015-11-09,209.30999755859375,209.49000549316406,206.9499969482422,208.0800018310547,176.31793212890625,131008700
2015-11-10,207.50999450683594,208.60000610351562,207.19000244140625,208.55999755859375,176.7246551513672,75874600
2015-11-11,208.8800048828125,208.94000244140625,207.66000366210938,207.74000549316406,176.02987670898438,67846000
2015-11-12,206.5,207.05999755859375,204.82000732421875,204.83999633789062,173.5724639892578,121315200
2015-11-13,204.35000610351562,204.6699981689453,202.44000244140625,202.5399932861328,171.6235809326172,153577100
2015-11-16,202.32000732421875,205.69000244140625,202.17999267578125,205.6199951171875,174.23342895507812,117645200
2015-11-17,205.99000549316406,207.0399932861328,204.8800048828125,205.47000122070312,174.10635375976562,121123700
2015-11-18,206.0399932861328,208.89999389648438,205.99000549316406,208.72999572753906,176.86868286132812,121342500
2015-11-19,208.58999633789062,209.0500030517578,208.1999969482422,208.5500030517578,176.71621704101562,88220500
2015-11-20,209.4499969482422,210.1199951171875,208.86000061035156,209.30999755859375,177.36016845703125,94011500
2015-11-23,209.3800048828125,209.97999572753906,208.52000427246094,209.07000732421875,177.1567840576172,64931200
2015-11-24,207.8699951171875,209.8300018310547,207.41000366210938,209.35000610351562,177.39404296875,98874400
2015-11-25,209.5,209.74000549316406,209.00999450683594,209.32000732421875,177.36871337890625,51980100
2015-11-27,209.42999267578125,209.8000030517578,208.86000061035156,209.55999755859375,177.57199096679688,37317800
2015-11-30,209.75,209.88999938964844,208.55999755859375,208.69000244140625,176.83485412597656,112822700
2015-12-01,209.44000244140625,210.82000732421875,209.11000061035156,210.67999267578125,178.52105712890625,97858400
2015-12-02,210.6199951171875,211.0,208.22999572753906,208.52999877929688,176.6992645263672,108441300
2015-12-03,208.8300018310547,209.14999389648438,204.75,205.61000061035156,174.22499084472656,166224200
2015-12-04,205.61000061035156,209.97000122070312,205.61000061035156,209.6199951171875,177.6228485107422,192913900
2015-12-07,209.22999572753906,209.72999572753906,207.1999969482422,208.35000610351562,176.54672241210938,102027100
2015-12-08,206.49000549316406,208.2899932861328,205.77999877929688,206.9499969482422,175.36045837402344,103372400
2015-12-09,206.19000244140625,208.67999267578125,204.17999267578125,205.33999633789062,173.99620056152344,162401500
2015-12-10,205.4199981689453,207.42999267578125,205.13999938964844,205.8699951171875,174.4453125,116128900
2015-12-11,203.35000610351562,204.13999938964844,201.50999450683594,201.8800048828125,171.06434631347656,211173300
2015-12-14,202.07000732421875,203.0500030517578,199.9499969482422,202.89999389648438,171.9286346435547,182385200
2015-12-15,204.6999969482422,206.11000061035156,202.8699951171875,205.02999877929688,173.73345947265625,154069600
2015-12-16,206.3699951171875,208.38999938964844,204.8000030517578,208.02999877929688,176.2755889892578,197017000
2015-12-17,208.39999389648438,208.47999572753906,204.83999633789062,204.86000061035156,173.58946228027344,173092500
2015-12-18,202.77000427246094,202.92999267578125,199.8300018310547,200.02000427246094,170.4969482421875,251393500
2015-12-21,201.41000366210938,201.8800048828125,200.08999633789062,201.6699981689453,171.90342712402344,99094300
2015-12-22,202.72000122070312,203.85000610351562,201.5500030517578,203.5,173.46324157714844,111026200
2015-12-23,204.69000244140625,206.07000732421875,204.5800018310547,206.02000427246094,175.61134338378906,110987200
2015-12-24,205.72000122070312,206.3300018310547,205.4199981689453,205.67999267578125,175.3214874267578,48539600
2015-12-28,204.86000061035156,205.25999450683594,203.94000244140625,205.2100067138672,174.92088317871094,65899900
2015-12-29,206.50999450683594,207.7899932861328,206.47000122070312,207.39999389648438,176.78765869140625,92640700
2015-12-30,207.11000061035156,207.2100067138672,205.75999450683594,205.92999267578125,175.53468322753906,63317700
2015-12-31,205.1300048828125,205.88999938964844,203.8699951171875,203.8699951171875,173.7786865234375,114877900
2016-01-04,200.49000549316406,201.02999877929688,198.58999633789062,201.02000427246094,171.349365234375,222353500
2016-01-05,201.39999389648438,201.89999389648438,200.0500030517578,201.36000061035156,171.63912963867188,110845800
2016-01-06,198.33999633789062,200.05999755859375,197.60000610351562,198.82000732421875,169.47406005859375,152112600
2016-01-07,195.3300018310547,197.44000244140625,193.58999633789062,194.0500030517578,165.4081268310547,213436100
2016-01-08,195.19000244140625,195.85000610351562,191.5800018310547,191.9199981689453,163.5924835205078,209817200
2016-01-11,193.00999450683594,193.41000366210938,189.82000732421875,192.11000061035156,163.75445556640625,187941300
2016-01-12,193.82000732421875,194.5500030517578,191.13999938964844,193.66000366210938,165.07566833496094,172330500
2016-01-13,194.4499969482422,194.86000061035156,188.3800048828125,188.8300018310547,160.9585723876953,221168900
2016-01-14,189.5500030517578,193.25999450683594,187.66000366210938,191.92999267578125,163.60105895996094,240795600
2016-01-15,186.77000427246094,188.75999450683594,185.52000427246094,187.80999755859375,160.08914184570312,324846400
2016-01-19,189.9600067138672,190.11000061035156,186.1999969482422,188.05999755859375,160.30224609375,195244400
2016-01-20,185.02999877929688,187.5,181.02000427246094,185.64999389648438,158.2479248046875,286547800
2016-01-21,186.2100067138672,188.8699951171875,184.63999938964844,186.69000244140625,159.1344451904297,195772900
2016-01-22,189.77999877929688,190.75999450683594,188.8800048828125,190.52000427246094,162.39918518066406,168319600
2016-01-25,189.9199981689453,190.14999389648438,187.41000366210938,187.63999938964844,159.94422912597656,130371700
2016-01-26,188.4199981689453,190.52999877929688,188.02000427246094,190.1999969482422,162.1263885498047,141036800
2016-01-27,189.5800018310547,191.55999755859375,187.05999755859375,188.1300048828125,160.36192321777344,185681700
2016-01-28,189.9600067138672,190.1999969482422,187.16000366210938,189.11000061035156,161.19725036621094,143798800
2016-01-29,190.02000427246094,193.8800048828125,189.8800048828125,193.72000122070312,165.12680053710938,210529300
2016-02-01,192.52999877929688,194.5800018310547,191.83999633789062,193.64999389648438,165.06716918945312,136061600
2016-02-02,191.9600067138672,191.97000122070312,189.5399932861328,190.16000366210938,162.09228515625,182564900
2016-02-03,191.41000366210938,191.77999877929688,187.10000610351562,191.3000030517578,163.06405639648438,205054900
2016-02-04,190.7100067138672,192.75,189.9600067138672,191.60000610351562,163.31976318359375,139531800
2016-02-05,190.99000549316406,191.6699981689453,187.1999969482422,187.9499969482422,160.20852661132812,180788300
2016-02-08,185.77000427246094,186.1199951171875,182.8000030517578,185.4199981689453,158.0519561767578,191526700
2016-02-09,183.36000061035156,186.94000244140625,183.1999969482422,185.42999267578125,158.06044006347656,184513100
2016-02-10,186.41000366210938,188.33999633789062,185.1199951171875,185.27000427246094,157.924072265625,148214100
2016-02-11,182.33999633789062,184.10000610351562,181.08999633789062,182.86000061035156,155.8697509765625,219058900
2016-02-12,184.9600067138672,186.64999389648438,183.9600067138672,186.6300048828125,159.0833282470703,127632400
2016-02-16,188.77000427246094,189.80999755859375,187.6300048828125,189.77999877929688,161.76832580566406,120250700
2016-02-17,191.16000366210938,193.32000732421875,191.00999450683594,192.8800048828125,164.41082763671875,136009500
2016-02-18,193.1999969482422,193.27000427246094,191.72000122070312,192.08999633789062,163.7373809814453,102343000
2016-02-19,191.1699981689453,192.17999267578125,190.4499969482422,192.0,163.66070556640625,114793000
2016-02-22,193.8699951171875,194.9499969482422,193.7899932861328,194.77999877929688,166.03042602539062,103640300
2016-02-23,194.0,194.32000732421875,192.17999267578125,192.32000732421875,163.93345642089844,111455300
2016-02-24,190.6300048828125,193.52999877929688,189.32000732421875,193.1999969482422,164.68360900878906,150812200
2016-02-25,193.72999572753906,195.5500030517578,192.8300018310547,195.5399932861328,166.6781768798828,110728300
2016-02-26,196.57000732421875,196.67999267578125,194.89999389648438,195.08999633789062,166.29458618164062,129833700
2016-02-29,195.11000061035156,196.22999572753906,193.3300018310547,193.55999755859375,164.99044799804688,125918100
2016-03-01,195.00999450683594,198.2100067138672,194.4499969482422,198.11000061035156,168.86886596679688,141799700
2016-03-02,197.74000549316406,199.05999755859375,197.25,199.0,169.62753295898438,102415000
2016-03-03,198.7899932861328,199.8000030517578,198.11000061035156,199.77999877929688,170.2923583984375,95172200
2016-03-04,200.00999450683594,201.35000610351562,199.02999877929688,200.42999267578125,170.84640502929688,129293600
2016-03-07,199.33999633789062,201.07000732421875,199.25,200.58999633789062,170.98281860351562,100219000
2016-03-08,199.32000732421875,199.9199981689453,198.2100067138672,198.39999389648438,169.11605834960938,123974900
2016-03-09,199.36000061035156,199.7899932861328,198.42999267578125,199.3800048828125,169.951416015625,94801200
2016-03-10,199.9600067138672,201.07000732421875,197.3800048828125,199.5399932861328,170.08778381347656,156838700
2016-03-11,201.25999450683594,202.80999755859375,199.52000427246094,202.75999450683594,172.83255004882812,137964500
2016-03-14,202.16000366210938,203.0399932861328,201.77000427246094,202.5,172.6108856201172,73612000
2016-03-15,201.36000061035156,202.52999877929688,201.0500030517578,202.1699981689453,172.32957458496094,93169100
2016-03-16,201.60000610351562,203.82000732421875,201.5500030517578,203.33999633789062,173.32691955566406,129303200
2016-03-17,203.24000549316406,205.22999572753906,202.77000427246094,204.6300048828125,174.42654418945312,134278500
2016-03-18,204.1699981689453,204.77999877929688,203.8000030517578,204.3800048828125,175.1119384765625,138372400
2016-03-21,204.07000732421875,204.94000244140625,203.8000030517578,204.6699981689453,175.36044311523438,72926700
2016-03-22,203.75999450683594,205.22999572753906,203.57000732421875,204.55999755859375,175.26617431640625,97471900
2016-03-23,204.11000061035156,204.3300018310547,203.00999450683594,203.2100067138672,174.10951232910156,81052500
2016-03-24,202.0,203.16000366210938,201.74000549316406,203.1199951171875,174.03236389160156,84360900
2016-03-28,203.61000061035156,203.86000061035156,202.7100067138672,203.24000549316406,174.13522338867188,62408200
2016-03-29,202.75999450683594,205.25,202.39999389648438,205.1199951171875,175.74600219726562,92922900
2016-03-30,206.3000030517578,206.8699951171875,205.58999633789062,206.02000427246094,176.51710510253906,86365300
2016-03-31,205.91000366210938,206.41000366210938,205.3300018310547,205.52000427246094,176.08872985839844,94584100
2016-04-01,204.35000610351562,207.13999938964844,203.97999572753906,206.9199981689453,177.28817749023438,114423500
2016-04-04,206.8300018310547,207.07000732421875,205.88999938964844,206.25,176.7141571044922,63497000
2016-04-05,204.6699981689453,206.25999450683594,203.88999938964844,204.19000244140625,174.94918823242188,99662200
2016-04-06,204.19000244140625,206.49000549316406,203.97999572753906,206.4199981689453,176.85980224609375,91839800
2016-04-07,205.13999938964844,205.55999755859375,203.08999633789062,203.9499969482422,174.7434844970703,113859000
2016-04-08,205.33999633789062,205.85000610351562,203.8699951171875,204.5,175.2147216796875,95040600
2016-04-11,205.25,206.07000732421875,203.91000366210938,204.02000427246094,174.8035125732422,83757500
2016-04-12,204.22000122070312,206.25,203.6999969482422,205.9199981689453,176.43142700195312,115350600
2016-04-13,207.0,208.10000610351562,206.83999633789062,208.0,178.21348571777344,96336400
2016-04-14,208.07000732421875,208.60000610351562,207.60000610351562,208.00999450683594,178.2220458984375,65212900
2016-04-15,208.00999450683594,208.1699981689453,207.39999389648438,207.77999877929688,178.02503967285156,75761600
2016-04-18,207.77999877929688,209.27999877929688,207.0,209.24000549316406,179.2760009765625,82531000
2016-04-19,209.74000549316406,210.1999969482422,208.94000244140625,209.89999389648438,179.84144592285156,88316100
2016-04-20,209.9499969482422,210.9199981689453,209.38999938964844,210.10000610351562,180.01280212402344,81100300
2016-04-21,210.1199951171875,210.25,208.64999389648438,208.97000122070312,179.044677734375,85695000
2016-04-22,208.5500030517578,209.2899932861328,207.91000366210938,208.97000122070312,179.044677734375,99251700
2016-04-25,208.25999450683594,208.66000366210938,207.5399932861328,208.61000061035156,178.7361602783203,66166500
2016-04-26,209.0399932861328,209.52000427246094,208.36000061035156,208.9199981689453,179.0018310546875,75864200
2016-04-27,208.47000122070312,209.80999755859375,208.0500030517578,209.35000610351562,179.37017822265625,77329400
2016-04-28,208.4600067138672,209.75999450683594,206.9600067138672,207.4499969482422,177.74229431152344,97216200
2016-04-29,206.72000122070312,207.1300048828125,205.02999877929688,206.3300018310547,176.78273010253906,142424100
2016-05-02,206.9199981689453,208.17999267578125,206.41000366210938,207.97000122070312,178.1878662109375,62188000
2016-05-03,206.52000427246094,206.8000030517578,205.27999877929688,206.16000366210938,176.6370391845703,106422100
2016-05-04,204.99000549316406,205.85000610351562,204.4199981689453,205.00999450683594,175.6516876220703,92243800
2016-05-05,205.55999755859375,205.97999572753906,204.47000122070312,204.97000122070312,175.61746215820312,67619200
2016-05-06,204.05999755859375,205.77000427246094,203.8800048828125,205.72000122070312,176.2600555419922,89315000
2016-05-09,205.57000732421875,206.39999389648438,205.36000061035156,205.88999938964844,176.4057159423828,74374900
2016-05-10,206.72000122070312,208.47000122070312,206.63999938964844,208.4499969482422,178.59906005859375,77472200
2016-05-11,207.91000366210938,208.5399932861328,206.5,206.5,176.9283447265625,81727000
2016-05-12,207.2899932861328,207.49000549316406,205.3699951171875,206.55999755859375,176.97975158691406,89586300
2016-05-13,206.2100067138672,206.86000061035156,204.3800048828125,204.75999450683594,175.43753051757812,96474600
2016-05-16,204.9600067138672,207.33999633789062,204.88999938964844,206.77999877929688,177.16822814941406,77486800
2016-05-17,206.4600067138672,206.8000030517578,204.22999572753906,204.85000610351562,175.51461791992188,114924900
2016-05-18,204.44000244140625,206.3000030517578,203.6300048828125,204.91000366210938,175.56605529785156,120062100
2016-05-19,204.05999755859375,204.5399932861328,202.77999877929688,204.1999969482422,174.957763671875,115430500
2016-05-20,204.9199981689453,206.10000610351562,204.86000061035156,205.49000549316406,176.06297302246094,104990400
2016-05-23,205.50999450683594,205.83999633789062,204.99000549316406,205.2100067138672,175.8230438232422,58682600
2016-05-24,206.1699981689453,208.24000549316406,206.13999938964844,207.8699951171875,178.10218811035156,93537800
2016-05-25,208.6699981689453,209.77000427246094,207.8699951171875,209.27999877929688,179.31024169921875,76621400
2016-05-26,209.44000244140625,209.7100067138672,208.97000122070312,209.33999633789062,179.36166381835938,55280700
2016-05-27,209.52999877929688,210.25,209.47000122070312,210.24000549316406,180.13275146484375,64211200
2016-05-31,210.55999755859375,210.69000244140625,209.17999267578125,209.83999633789062,179.79002380371094,109879400
2016-06-01,209.1199951171875,210.47999572753906,208.88999938964844,210.27000427246094,180.158447265625,69936200
2016-06-02,209.8000030517578,210.92999267578125,209.24000549316406,210.91000366210938,180.7068328857422,63044700
2016-06-03,210.25,210.69000244140625,208.86000061035156,210.27999877929688,180.16700744628906,101757100
2016-06-06,210.6999969482422,211.77000427246094,210.50999450683594,211.35000610351562,181.08380126953125,64887000
2016-06-07,211.52999877929688,212.33999633789062,211.5,211.67999267578125,181.36656188964844,60974800
2016-06-08,211.83999633789062,212.52000427246094,211.69000244140625,212.3699951171875,181.95774841308594,66170900
2016-06-09,211.50999450683594,212.22000122070312,211.19000244140625,212.0800018310547,181.70932006835938,73786900
2016-06-10,210.4600067138672,210.86000061035156,209.42999267578125,210.07000732421875,179.98715209960938,113829200
2016-06-13,209.36000061035156,210.3699951171875,208.35000610351562,208.4499969482422,178.59906005859375,117751200
2016-06-14,208.0,208.74000549316406,206.9199981689453,208.0399932861328,178.247802734375,125059300
2016-06-15,208.0399932861328,209.36000061035156,207.52999877929688,207.75,177.9993438720703,109124500
2016-06-16,207.75,208.57000732421875,205.58999633789062,208.3699951171875,178.53057861328125,149533100
2016-06-17,207.1699981689453,207.1999969482422,205.75,206.52000427246094,177.86569213867188,117055700
2016-06-20,208.82000732421875,209.61000061035156,207.75,207.85000610351562,179.0111083984375,82789600
2016-06-21,208.3000030517578,208.9199981689453,207.77999877929688,208.44000244140625,179.51925659179688,72461700
2016-06-22,208.64999389648438,209.5,207.92999267578125,208.10000610351562,179.2264404296875,95560500
2016-06-23,209.80999755859375,210.8699951171875,209.27000427246094,210.80999755859375,181.56044006347656,102731400
2016-06-24,203.6300048828125,210.85000610351562,202.72000122070312,203.24000549316406,175.04075622558594,333444400
2016-06-27,201.58999633789062,201.60000610351562,198.64999389648438,199.60000610351562,171.90582275390625,230775800
2016-06-28,201.47999572753906,203.22999572753906,201.1199951171875,203.1999969482422,175.0063018798828,159382400
2016-06-29,204.83999633789062,206.92999267578125,204.72000122070312,206.66000366210938,177.9862518310547,137328600
2016-06-30,207.2100067138672,209.5399932861328,206.55999755859375,209.47999572753906,180.41500854492188,165021900
2016-07-01,209.47999572753906,210.49000549316406,209.2899932861328,209.9199981689453,180.79393005371094,106055300
2016-07-05,208.9499969482422,209.0800018310547,207.7100067138672,208.41000366210938,179.49346923828125,109803700
2016-07-06,207.8300018310547,209.8000030517578,207.05999755859375,209.66000366210938,180.5699920654297,96021500
2016-07-07,209.8699951171875,210.64999389648438,208.6300048828125,209.52999877929688,180.45802307128906,85593800
2016-07-08,211.0500030517578,212.94000244140625,210.77999877929688,212.64999389648438,183.14512634277344,133971000
2016-07-11,213.19000244140625,214.07000732421875,212.9499969482422,213.39999389648438,183.7910614013672,73633900
2016-07-12,214.52999877929688,215.3000030517578,213.42999267578125,214.9499969482422,185.12600708007812,101275600
2016-07-13,215.44000244140625,215.4499969482422,214.35000610351562,214.9199981689453,185.1001739501953,87324100
2016-07-14,216.39999389648438,216.6699981689453,215.66000366210938,216.1199951171875,186.13369750976562,91230900
2016-07-15,216.77999877929688,217.00999450683594,215.30999755859375,215.8300018310547,185.88392639160156,107155400
2016-07-18,215.97000122070312,216.60000610351562,215.6699981689453,216.41000366210938,186.38348388671875,58725900
2016-07-19,215.9199981689453,216.22999572753906,215.6300048828125,216.19000244140625,186.1939697265625,54345700
2016-07-20,216.19000244140625,217.3699951171875,216.19000244140625,217.08999633789062,186.96910095214844,58159500
2016-07-21,216.9600067138672,217.22000122070312,215.75,216.27000427246094,186.26287841796875,67777300
2016-07-22,216.41000366210938,217.3000030517578,216.10000610351562,217.24000549316406,187.09828186035156,62787500
2016-07-25,217.0,217.05999755859375,215.97000122070312,216.64999389648438,186.59014892578125,55873100
2016-07-26,216.52999877929688,217.1699981689453,215.75999450683594,216.75,186.6763153076172,70080500
2016-07-27,217.19000244140625,217.27000427246094,215.6199951171875,216.52000427246094,186.4781951904297,84083900
2016-07-28,216.2899932861328,217.11000061035156,215.75,216.77000427246094,186.69351196289062,65035700
2016-07-29,216.4600067138672,217.5399932861328,216.1300048828125,217.1199951171875,186.9949188232422,79519400
2016-08-01,217.19000244140625,217.64999389648438,216.41000366210938,216.94000244140625,186.83990478515625,73311400
2016-08-02,216.64999389648438,216.8300018310547,214.57000732421875,215.5500030517578,185.64273071289062,92295500
2016-08-03,215.47999572753906,216.25,215.1300048828125,216.17999267578125,186.185302734375,53993600
2016-08-04,216.30999755859375,216.77999877929688,214.25,216.41000366210938,186.38348388671875,46585500
2016-08-05,216.41000366210938,218.22999572753906,216.41000366210938,218.17999267578125,187.90786743164062,71892200
2016-08-08,218.39999389648438,218.52000427246094,217.74000549316406,218.0500030517578,187.79592895507812,39906500
2016-08-09,218.1300048828125,218.75999450683594,217.8000030517578,218.17999267578125,187.90786743164062,51251700
2016-08-10,218.30999755859375,218.39999389648438,217.22999572753906,217.63999938964844,187.4427947998047,57941100
2016-08-11,218.25999450683594,218.94000244140625,217.9499969482422,218.64999389648438,188.31263732910156,72504300
2016-08-12,218.2899932861328,218.7100067138672,217.99000549316406,218.4600067138672,188.14901733398438,61313500
2016-08-15,218.88999938964844,219.5,218.8800048828125,219.08999633789062,188.69163513183594,49813500
2016-08-16,218.60000610351562,218.67999267578125,217.9600067138672,217.9600067138672,187.7183837890625,53213600
2016-08-17,218.0,218.52999877929688,217.02000427246094,218.3699951171875,188.07147216796875,75134300
2016-08-18,218.33999633789062,218.89999389648438,218.2100067138672,218.86000061035156,188.49351501464844,52989300
2016-08-19,218.30999755859375,218.75,217.74000549316406,218.5399932861328,188.2178955078125,75443000
2016-08-22,218.25999450683594,218.8000030517578,217.8300018310547,218.52999877929688,188.2093048095703,61368800
2016-08-23,219.25,219.60000610351562,218.89999389648438,218.97000122070312,188.58828735351562,53399200
2016-08-24,218.8000030517578,218.91000366210938,217.36000061035156,217.85000610351562,187.6236572265625,71728900
2016-08-25,217.39999389648438,218.19000244140625,217.22000122070312,217.6999969482422,187.49444580078125,69224800
2016-08-26,217.9199981689453,219.1199951171875,216.25,217.2899932861328,187.14134216308594,122506300
2016-08-29,217.44000244140625,218.6699981689453,217.39999389648438,218.36000061035156,188.06288146972656,70502200
2016-08-30,218.25999450683594,218.58999633789062,217.35000610351562,218.0,187.75283813476562,58114500
2016-08-31,217.61000061035156,217.75,216.47000122070312,217.3800048828125,187.2188262939453,85269500
2016-09-01,217.3699951171875,217.72999572753906,216.02999877929688,217.38999938964844,187.22744750976562,97844200
2016-09-02,218.38999938964844,218.8699951171875,217.6999969482422,218.3699951171875,188.07147216796875,79293900
2016-09-06,218.6999969482422,219.1199951171875,217.86000061035156,219.02999877929688,188.63992309570312,56702100
2016-09-07,218.83999633789062,219.22000122070312,218.3000030517578,219.00999450683594,188.6226806640625,76554900
2016-09-08,218.6199951171875,218.94000244140625,218.14999389648438,218.50999450683594,188.19207763671875,74102900
2016-09-09,216.97000122070312,217.02999877929688,213.25,213.27999877929688,183.68768310546875,221589100
2016-09-12,212.38999938964844,216.80999755859375,212.30999755859375,216.33999633789062,186.32313537597656,168110900
2016-09-13,214.83999633789062,215.14999389648438,212.5,213.22999572753906,183.6446533203125,182828800
2016-09-14,213.2899932861328,214.6999969482422,212.5,213.14999389648438,183.57574462890625,134185500
2016-09-15,212.9600067138672,215.72999572753906,212.75,215.27999877929688,185.4102325439453,134427900
2016-09-16,213.47999572753906,213.69000244140625,212.57000732421875,213.3699951171875,184.69349670410156,155236400
2016-09-19,214.1300048828125,214.8800048828125,213.02999877929688,213.41000366210938,184.7281036376953,80250500
2016-09-20,214.41000366210938,214.58999633789062,213.3800048828125,213.4199981689453,184.73675537109375,69665300
2016-09-21,214.24000549316406,216.02999877929688,213.44000244140625,215.82000732421875,186.8142547607422,110284400
2016-09-22,217.0,217.52999877929688,216.7100067138672,217.17999267578125,187.991455078125,76678700
2016-09-23,216.72000122070312,216.8800048828125,215.8800048828125,215.99000549316406,186.96136474609375,73630900
2016-09-26,215.02000427246094,215.22999572753906,214.00999450683594,214.24000549316406,185.44659423828125,89827300
2016-09-27,214.0500030517578,215.67999267578125,213.6199951171875,215.57000732421875,186.59786987304688,78494800
2016-09-28,215.8300018310547,216.82000732421875,214.7100067138672,216.63999938964844,187.52398681640625,87411000
2016-09-29,216.39999389648438,216.8699951171875,214.0399932861328,214.67999267578125,185.82745361328125,128070600
2016-09-30,215.64999389648438,217.1199951171875,215.36000061035156,216.3000030517578,187.22967529296875,117202900
2016-10-03,215.82000732421875,216.0399932861328,215.0399932861328,215.77999877929688,186.7796630859375,83512100
2016-10-04,215.91000366210938,216.1699981689453,213.99000549316406,214.67999267578125,185.82745361328125,119948100
2016-10-05,215.41000366210938,216.1300048828125,215.3300018310547,215.6300048828125,186.64974975585938,72816000
2016-10-06,215.3699951171875,216.0399932861328,214.74000549316406,215.77999877929688,186.7796630859375,62927400
2016-10-07,216.10000610351562,216.3000030517578,214.19000244140625,215.0399932861328,186.1390838623047,89788300
2016-10-10,216.16000366210938,216.6999969482422,215.99000549316406,216.16000366210938,187.1085205078125,51855000
2016-10-11,215.66000366210938,215.74000549316406,212.5800018310547,213.42999267578125,184.74546813964844,130367400
2016-10-12,213.58999633789062,214.32000732421875,213.00999450683594,213.7100067138672,184.9878387451172,73866100
2016-10-13,212.16000366210938,213.58999633789062,211.2100067138672,213.00999450683594,184.38192749023438,101357000
2016-10-14,214.14999389648438,214.69000244140625,213.02999877929688,213.1199951171875,184.47708129882812,93346200
2016-10-17,213.08999633789062,213.38999938964844,212.1699981689453,212.3800048828125,183.83657836914062,58275700
2016-10-18,214.24000549316406,214.30999755859375,213.27000427246094,213.7100067138672,184.9878387451172,76869700
2016-10-19,214.02000427246094,214.63999938964844,213.60000610351562,214.27999877929688,185.481201171875,66519200
2016-10-20,213.8699951171875,214.52999877929688,213.11000061035156,213.8800048828125,185.1349639892578,73639800
2016-10-21,213.8800048828125,214.0800018310547,212.75999450683594,213.97999572753906,185.22157287597656,89089100
2016-10-24,215.0,215.32000732421875,214.47999572753906,214.88999938964844,186.0092315673828,60146600
2016-10-25,214.67999267578125,214.97999572753906,213.97999572753906,214.1699981689453,185.38601684570312,66542300
2016-10-26,213.2100067138672,214.4199981689453,212.92999267578125,213.74000549316406,185.01377868652344,75705500
2016-10-27,214.5800018310547,214.6199951171875,213.0800018310547,213.1699981689453,184.5204315185547,77220200
2016-10-28,213.13999938964844,213.92999267578125,211.7100067138672,212.5399932861328,183.97508239746094,140623200
2016-10-31,212.92999267578125,213.19000244140625,212.36000061035156,212.5500030517578,183.98367309570312,61272500
2016-11-01,212.92999267578125,212.99000549316406,209.60000610351562,211.00999450683594,182.65069580078125,122781800
2016-11-02,210.64999389648438,211.10000610351562,209.22999572753906,209.74000549316406,181.55137634277344,103330800
2016-11-03,209.99000549316406,210.24000549316406,208.4600067138672,208.77999877929688,180.7204132080078,88939300
2016-11-04,208.91000366210938,209.88999938964844,208.3800048828125,208.5500030517578,180.52133178710938,109122100
2016-11-07,208.5500030517578,213.19000244140625,208.5500030517578,213.14999389648438,184.50311279296875,109794900
2016-11-08,212.69000244140625,214.77000427246094,212.3800048828125,214.11000061035156,185.33407592773438,106772100
2016-11-09,212.3699951171875,217.10000610351562,212.33999633789062,216.3800048828125,187.29896545410156,258429000
2016-11-10,217.3000030517578,218.30999755859375,215.22000122070312,216.9199981689453,187.7664031982422,172113300
2016-11-11,216.0800018310547,216.6999969482422,215.32000732421875,216.4199981689453,187.3335723876953,100552700
2016-11-14,217.02999877929688,217.27000427246094,215.72000122070312,216.58999633789062,187.480712890625,94580000
2016-11-15,217.0399932861328,218.27999877929688,216.8000030517578,218.27999877929688,188.943603515625,91652600
2016-11-16,217.55999755859375,218.13999938964844,217.4199981689453,217.8699951171875,188.58877563476562,65617700
2016-11-17,218.0500030517578,219.05999755859375,217.9199981689453,218.99000549316406,189.55819702148438,69797200
2016-11-18,219.07000732421875,219.27000427246094,218.2899932861328,218.5,189.13404846191406,86265800
2016-11-21,219.1699981689453,220.17999267578125,219.0,220.14999389648438,190.56227111816406,72402600
2016-11-22,220.50999450683594,220.7899932861328,219.72999572753906,220.5800018310547,190.9345245361328,67429000
2016-11-23,219.97999572753906,220.75999450683594,219.75,220.6999969482422,191.0383758544922,56620200
2016-11-25,221.10000610351562,221.55999755859375,221.00999450683594,221.52000427246094,191.7482147216797,37872300
2016-11-28,221.16000366210938,221.47999572753906,220.36000061035156,220.47999572753906,190.84799194335938,76572500
2016-11-29,220.52000427246094,221.44000244140625,220.1699981689453,220.91000366210938,191.22019958496094,69886700
2016-11-30,221.6300048828125,221.82000732421875,220.30999755859375,220.3800048828125,190.76136779785156,113291800
2016-12-01,220.72999572753906,220.72999572753906,219.14999389648438,219.57000732421875,190.06027221679688,79040500
2016-12-02,219.6699981689453,220.25,219.25999450683594,219.67999267578125,190.1554412841797,74840300
2016-12-05,220.64999389648438,221.39999389648438,220.4199981689453,221.0,191.2980194091797,67837800
2016-12-06,221.22000122070312,221.74000549316406,220.66000366210938,221.6999969482422,191.90394592285156,59877400
2016-12-07,221.52000427246094,224.6699981689453,221.3800048828125,224.60000610351562,194.41421508789062,110738100
2016-12-08,224.57000732421875,225.6999969482422,224.25999450683594,225.14999389648438,194.89035034179688,99714400
2016-12-09,225.41000366210938,226.52999877929688,225.3699951171875,226.50999450683594,196.06752014160156,88005800
2016-12-12,226.39999389648438,226.9600067138672,225.75999450683594,226.25,195.8424530029297,102016100
2016-12-13,227.02000427246094,228.33999633789062,227.0,227.75999450683594,197.1494903564453,110477500
2016-12-14,227.41000366210938,228.22999572753906,225.3699951171875,225.8800048828125,195.522216796875,142501800
2016-12-15,226.16000366210938,227.80999755859375,225.88999938964844,226.80999755859375,196.32720947265625,124972600
2016-12-16,226.00999450683594,226.0800018310547,224.6699981689453,225.0399932861328,195.9431915283203,156420200
2016-12-19,225.25,226.02000427246094,225.0800018310547,225.52999877929688,196.369873046875,90341100
2016-12-20,226.14999389648438,226.57000732421875,225.8800048828125,226.39999389648438,197.12734985351562,89838800
2016-12-21,226.25,226.4499969482422,225.77000427246094,225.77000427246094,196.57884216308594,67909000
2016-12-22,225.60000610351562,225.74000549316406,224.9199981689453,225.3800048828125,196.2392578125,56219100
2016-12-23,225.42999267578125,225.72000122070312,225.2100067138672,225.7100067138672,196.52662658691406,36697800
2016-12-27,226.02000427246094,226.72999572753906,226.0,226.27000427246094,197.0142059326172,42672500
2016-12-28,226.57000732421875,226.58999633789062,224.27000427246094,224.39999389648438,195.38597106933594,64095000
2016-12-29,224.47999572753906,224.88999938964844,223.83999633789062,224.35000610351562,195.34242248535156,48696100
2016-12-30,224.72999572753906,224.8300018310547,222.72999572753906,223.52999877929688,194.62850952148438,108998300
2017-01-03,225.0399932861328,225.8300018310547,223.8800048828125,225.24000549316406,196.1173858642578,91366500
2017-01-04,225.6199951171875,226.75,225.61000061035156,226.5800018310547,197.28411865234375,78744400
2017-01-05,226.27000427246094,226.5800018310547,225.47999572753906,226.39999389648438,197.12734985351562,78379000
2017-01-06,226.52999877929688,227.75,225.89999389648438,227.2100067138672,197.83267211914062,71559900
2017-01-09,226.91000366210938,227.07000732421875,226.4199981689453,226.4600067138672,197.17962646484375,46939700
2017-01-10,226.47999572753906,227.4499969482422,226.00999450683594,226.4600067138672,197.17962646484375,63771900
2017-01-11,226.36000061035156,227.10000610351562,225.58999633789062,227.10000610351562,197.73684692382812,74650000
2017-01-12,226.5,226.75,224.9600067138672,226.52999877929688,197.24057006835938,72113200
2017-01-13,226.72999572753906,227.39999389648438,226.69000244140625,227.0500030517578,197.69332885742188,62717900
2017-01-17,226.30999755859375,226.77999877929688,225.8000030517578,226.25,196.9967498779297,61240800
2017-01-18,226.5399932861328,226.8000030517578,225.89999389648438,226.75,197.43214416503906,54793300
2017-01-19,226.83999633789062,227.0,225.41000366210938,225.91000366210938,196.70074462890625,66608800
2017-01-20,226.6999969482422,227.30999755859375,225.97000122070312,226.74000549316406,197.4234619140625,129168600
2017-01-23,226.74000549316406,226.80999755859375,225.27000427246094,226.14999389648438,196.90966796875,75061600
2017-01-24,226.39999389648438,228.0800018310547,226.27000427246094,227.60000610351562,198.17218017578125,95555300
2017-01-25,228.6999969482422,229.57000732421875,228.50999450683594,229.57000732421875,199.88754272460938,84437700
2017-01-26,229.39999389648438,229.7100067138672,229.00999450683594,229.3300018310547,199.67861938476562,59970700
2017-01-27,229.4199981689453,229.58999633789062,228.75999450683594,228.97000122070312,199.3650665283203,59711100
2017-01-30,228.1699981689453,228.1999969482422,226.41000366210938,227.5500030517578,198.1287078857422,79737300
2017-01-31,226.97999572753906,227.60000610351562,226.32000732421875,227.52999877929688,198.11131286621094,75880800
2017-02-01,227.52999877929688,228.58999633789062,226.94000244140625,227.6199951171875,198.18963623046875,79117700
2017-02-02,227.6199951171875,228.10000610351562,226.82000732421875,227.77000427246094,198.3201904296875,69657600
2017-02-03,228.82000732421875,229.5500030517578,228.4600067138672,229.33999633789062,199.687255859375,80563200
2017-02-06,228.8699951171875,229.3300018310547,228.5399932861328,228.92999267578125,199.3302764892578,57790100
2017-02-07,229.3800048828125,229.66000366210938,228.72000122070312,228.94000244140625,199.3389892578125,57931200
2017-02-08,228.94000244140625,229.38999938964844,228.30999755859375,229.24000549316406,199.60023498535156,51566200
2017-02-09,229.24000549316406,230.9499969482422,229.24000549316406,230.60000610351562,200.7843780517578,65955200
2017-02-10,231.0,231.77000427246094,230.6199951171875,231.50999450683594,201.57669067382812,66015900
2017-02-13,232.0800018310547,233.07000732421875,232.0500030517578,232.77000427246094,202.6737518310547,55182100
2017-02-14,232.55999755859375,233.7100067138672,232.16000366210938,233.6999969482422,203.48350524902344,71109000
2017-02-15,233.4499969482422,235.13999938964844,233.38999938964844,234.9199981689453,204.5457305908203,86785800
2017-02-16,234.9499969482422,235.16000366210938,233.85000610351562,234.72000122070312,204.37164306640625,84722400
2017-02-17,233.9499969482422,235.08999633789062,233.92999267578125,235.08999633789062,204.6938018798828,77204100
2017-02-21,235.52000427246094,236.69000244140625,235.50999450683594,236.49000549316406,205.91278076171875,88946100
2017-02-22,236.02000427246094,236.5399932861328,235.8300018310547,236.27999877929688,205.72996520996094,62115200
2017-02-23,236.8800048828125,236.89999389648438,235.55999755859375,236.44000244140625,205.86927795410156,74615900
2017-02-24,235.4600067138672,236.7899932861328,235.41000366210938,236.74000549316406,206.13043212890625,82381600
2017-02-27,236.63999938964844,237.30999755859375,236.35000610351562,237.11000061035156,206.45265197753906,56515400
2017-02-28,236.6699981689453,236.9499969482422,236.02000427246094,236.47000122070312,205.89537048339844,96961900
2017-03-01,238.38999938964844,240.32000732421875,238.3699951171875,239.77999877929688,208.77737426757812,149158200
2017-03-02,239.55999755859375,239.57000732421875,238.2100067138672,238.27000427246094,207.462646484375,70246000
2017-03-03,238.1699981689453,238.61000061035156,237.72999572753906,238.4199981689453,207.59329223632812,81974300
2017-03-06,237.5,238.1199951171875,237.00999450683594,237.7100067138672,206.9750213623047,55391500
2017-03-07,237.36000061035156,237.77000427246094,236.75999450683594,237.0,206.35687255859375,65103700
2017-03-08,237.33999633789062,237.63999938964844,236.39999389648438,236.55999755859375,205.9737091064453,78168800
2017-03-09,236.6999969482422,237.24000549316406,235.74000549316406,236.86000061035156,206.23497009277344,90683900
2017-03-10,237.97000122070312,238.02000427246094,236.58999633789062,237.69000244140625,206.9575958251953,81991700
2017-03-13,237.6199951171875,237.86000061035156,237.24000549316406,237.80999755859375,207.06211853027344,57256800
2017-03-14,237.17999267578125,237.24000549316406,236.19000244140625,236.89999389648438,206.2698516845703,59880800
2017-03-15,237.55999755859375,239.44000244140625,237.2899932861328,238.9499969482422,208.0546875,96081800
2017-03-16,239.11000061035156,239.1999969482422,238.10000610351562,238.47999572753906,207.64544677734375,78344000
2017-03-17,237.75,237.97000122070312,237.02999877929688,237.02999877929688,207.2808074951172,89002100
2017-03-20,237.02999877929688,237.36000061035156,236.32000732421875,236.77000427246094,207.053466796875,52537000
2017-03-21,237.47000122070312,237.61000061035156,233.5800018310547,233.72999572753906,204.3949737548828,131809300
2017-03-22,233.77000427246094,234.61000061035156,233.0500030517578,234.27999877929688,204.8760223388672,97569200
2017-03-23,234.27999877929688,235.33999633789062,233.60000610351562,234.02999877929688,204.65737915039062,100410300
2017-03-24,234.3800048828125,235.0399932861328,232.9600067138672,233.86000061035156,204.50868225097656,112504900
2017-03-27,231.92999267578125,233.9199981689453,231.61000061035156,233.6199951171875,204.29876708984375,87454500
2017-03-28,233.27000427246094,235.80999755859375,233.13999938964844,235.32000732421875,205.785400390625,93483900
2017-03-29,234.99000549316406,235.80999755859375,234.72999572753906,235.5399932861328,205.9778289794922,61950400
2017-03-30,235.47000122070312,236.52000427246094,235.27000427246094,236.2899932861328,206.63372802734375,56737900
2017-03-31,235.89999389648438,236.50999450683594,235.67999267578125,235.74000549316406,206.15274047851562,73733100
2017-04-03,235.8000030517578,236.02999877929688,233.91000366210938,235.3300018310547,205.7941436767578,85546500
2017-04-04,235.0,235.5800018310547,234.55999755859375,235.47999572753906,205.92539978027344,56466200
2017-04-05,236.25999450683594,237.38999938964844,234.5399932861328,234.77999877929688,205.31321716308594,108800600
2017-04-06,234.94000244140625,236.0399932861328,234.42999267578125,235.44000244140625,205.89039611816406,69135800
2017-04-07,235.14999389648438,236.0,234.63999938964844,235.1999969482422,205.6804962158203,74412300
2017-04-10,235.36000061035156,236.25999450683594,234.72999572753906,235.33999633789062,205.80291748046875,67615300
2017-04-11,234.89999389648438,235.17999267578125,233.33999633789062,235.05999755859375,205.55807495117188,88045300
2017-04-12,234.74000549316406,234.9600067138672,233.77000427246094,234.02999877929688,204.65737915039062,81864400
2017-04-13,233.63999938964844,234.49000549316406,232.50999450683594,232.50999450683594,203.32810974121094,92880400
2017-04-17,233.11000061035156,234.57000732421875,232.8800048828125,234.57000732421875,205.12954711914062,68405400
2017-04-18,233.72000122070312,234.49000549316406,233.0800018310547,233.8699951171875,204.5173797607422,83225800
2017-04-19,234.52000427246094,234.9499969482422,233.17999267578125,233.44000244140625,204.14141845703125,68699900
2017-04-20,234.14999389648438,235.85000610351562,233.77999877929688,235.33999633789062,205.80291748046875,92572200
2017-04-21,235.25,235.30999755859375,234.1300048828125,234.58999633789062,205.14703369140625,110389800
2017-04-24,237.17999267578125,237.41000366210938,234.55999755859375,237.1699981689453,207.4032745361328,119209900
2017-04-25,237.91000366210938,238.9499969482422,237.80999755859375,238.5500030517578,208.61009216308594,76698300
2017-04-26,238.50999450683594,239.52999877929688,238.35000610351562,238.39999389648438,208.47886657714844,84702500
2017-04-27,238.77000427246094,238.9499969482422,237.97999572753906,238.60000610351562,208.65380859375,57410300
2017-04-28,238.89999389648438,238.92999267578125,237.92999267578125,238.0800018310547,208.1990509033203,63532800
2017-05-01,238.67999267578125,239.1699981689453,238.1999969482422,238.67999267578125,208.72372436523438,66882500
2017-05-02,238.83999633789062,238.97999572753906,238.3000030517578,238.77000427246094,208.80242919921875,57375700
2017-05-03,238.77000427246094,238.8800048828125,237.6999969482422,238.47999572753906,208.54881286621094,73137700
2017-05-04,238.8300018310547,238.9199981689453,237.77999877929688,238.75999450683594,208.79368591308594,61462700
2017-05-05,239.19000244140625,239.72000122070312,238.67999267578125,239.6999969482422,209.61575317382812,62001300
2017-05-08,239.75,239.9199981689453,239.1699981689453,239.66000366210938,209.58074951171875,48385700
2017-05-09,239.9600067138672,240.19000244140625,239.0399932861328,239.44000244140625,209.38833618164062,51363200
2017-05-10,239.38999938964844,239.8699951171875,239.14999389648438,239.8699951171875,209.76441955566406,54293800
2017-05-11,239.35000610351562,239.57000732421875,238.1300048828125,239.3800048828125,209.3358917236328,62358300
2017-05-12,239.08999633789062,239.42999267578125,238.6699981689453,238.97999572753906,208.986083984375,53912700
2017-05-15,239.47000122070312,240.44000244140625,239.4499969482422,240.3000030517578,210.14041137695312,61918900
2017-05-16,240.63999938964844,240.6699981689453,239.6300048828125,240.0800018310547,209.94802856445312,51241800
2017-05-17,240.0800018310547,240.0800018310547,235.75,235.82000732421875,206.22267150878906,172174100
2017-05-18,235.72999572753906,237.75,235.42999267578125,236.77000427246094,207.053466796875,107047700
2017-05-19,237.3300018310547,239.0800018310547,237.27000427246094,238.30999755859375,208.40017700195312,115011400
2017-05-22,238.89999389648438,239.7100067138672,238.82000732421875,239.52000427246094,209.45831298828125,61010600
2017-05-23,239.9499969482422,240.24000549316406,239.50999450683594,240.0500030517578,209.92176818847656,48341700
2017-05-24,240.32000732421875,240.72999572753906,239.92999267578125,240.61000061035156,210.41146850585938,46927700
2017-05-25,241.1999969482422,242.0800018310547,240.9600067138672,241.75999450683594,211.41717529296875,64071700
2017-05-26,241.5399932861328,241.89999389648438,241.4499969482422,241.7100067138672,211.3734130859375,46629900
2017-05-30,241.33999633789062,241.7899932861328,241.16000366210938,241.5,211.18978881835938,35201900
2017-05-31,241.83999633789062,241.8800048828125,240.63999938964844,241.44000244140625,211.13729858398438,91796000
2017-06-01,241.97000122070312,243.3800048828125,241.63999938964844,243.36000061035156,212.8163604736328,68962000
2017-06-02,243.4199981689453,244.35000610351562,243.0800018310547,244.1699981689453,213.52467346191406,88666100
2017-06-05,243.97000122070312,244.3000030517578,243.75999450683594,243.99000549316406,213.3673095703125,44698800
2017-06-06,243.33999633789062,243.97999572753906,243.1199951171875,243.2100067138672,212.68519592285156,50375400
2017-06-07,243.60000610351562,243.9199981689453,242.8300018310547,243.66000366210938,213.07872009277344,54144300
2017-06-08,243.77000427246094,244.3300018310547,243.1699981689453,243.77999877929688,213.18362426757812,65950700
2017-06-09,244.08999633789062,245.00999450683594,241.9499969482422,243.41000366210938,212.86009216308594,132256400
2017-06-12,243.1300048828125,243.4199981689453,242.3800048828125,243.36000061035156,212.8163604736328,86108100
2017-06-13,243.97999572753906,244.61000061035156,243.5800018310547,244.5500030517578,213.8570098876953,60067000
2017-06-14,244.86000061035156,244.8699951171875,243.2899932861328,244.24000549316406,213.58590698242188,78602300
2017-06-15,242.67999267578125,243.91000366210938,242.36000061035156,243.77000427246094,213.1749267578125,66464900
2017-06-16,242.77000427246094,242.8300018310547,241.6300048828125,242.63999938964844,213.22146606445312,84553100
2017-06-19,243.58999633789062,244.72999572753906,243.47999572753906,244.66000366210938,214.99656677246094,65123800
2017-06-20,244.25,244.25999450683594,242.99000549316406,243.00999450683594,213.54661560058594,56906400
2017-06-21,243.4600067138672,243.58999633789062,242.41000366210938,242.9499969482422,213.4938507080078,55977600
2017-06-22,242.9600067138672,243.52999877929688,242.63999938964844,242.83999633789062,213.397216796875,44148100
2017-06-23,242.91000366210938,243.50999450683594,242.47000122070312,243.1300048828125,213.65208435058594,66986800
2017-06-26,243.89999389648438,244.3800048828125,243.0500030517578,243.2899932861328,213.79269409179688,56700500
2017-06-27,243.0399932861328,243.3800048828125,241.30999755859375,241.3300018310547,212.07028198242188,82247700
2017-06-28,242.5,243.72000122070312,242.22999572753906,243.49000549316406,213.96841430664062,70042600
2017-06-29,243.66000366210938,243.72000122070312,239.9600067138672,241.35000610351562,212.087890625,106949700
2017-06-30,242.27999877929688,242.7100067138672,241.5800018310547,241.8000030517578,212.4833526611328,86820700
2017-07-03,242.8800048828125,243.3800048828125,242.2100067138672,242.2100067138672,212.84356689453125,39153800
2017-07-05,242.6300048828125,243.00999450683594,241.6999969482422,242.77000427246094,213.3357391357422,54427600
2017-07-06,241.88999938964844,242.02999877929688,240.33999633789062,240.5500030517578,211.38490295410156,65400800
2017-07-07,241.2100067138672,242.27999877929688,240.55999755859375,242.11000061035156,212.75572204589844,57972300
2017-07-10,242.11000061035156,242.8000030517578,241.75999450683594,242.3699951171875,212.98422241210938,36663300
2017-07-11,242.3699951171875,242.5500030517578,240.85000610351562,242.19000244140625,212.82601928710938,50354600
2017-07-12,243.3000030517578,244.1999969482422,243.3000030517578,244.00999450683594,214.42532348632812,59610400
2017-07-13,244.02000427246094,244.5500030517578,243.75999450683594,244.4199981689453,214.7856903076172,39471600
2017-07-14,244.4199981689453,245.97000122070312,244.30999755859375,245.55999755859375,215.7874298095703,60262700
2017-07-17,245.47000122070312,245.91000366210938,245.3300018310547,245.52999877929688,215.76107788085938,33531900
2017-07-18,245.05999755859375,245.72000122070312,244.6699981689453,245.66000366210938,215.8752899169922,42742500
2017-07-19,246.02000427246094,247.0,246.00999450683594,246.99000549316406,217.0441436767578,51034300
2017-07-20,247.27999877929688,247.4199981689453,246.47000122070312,247.10000610351562,217.14073181152344,47135200
2017-07-21,246.44000244140625,246.91000366210938,246.17999267578125,246.8800048828125,216.94741821289062,82340800
2017-07-24,246.7899932861328,246.97999572753906,246.27999877929688,246.82000732421875,216.89471435546875,46622300
2017-07-25,247.67999267578125,247.8000030517578,247.16000366210938,247.4199981689453,217.42198181152344,54915600
2017-07-26,247.75,247.7899932861328,247.1300048828125,247.42999267578125,217.43072509765625,47575400
2017-07-27,247.9600067138672,248.0,245.67999267578125,247.1999969482422,217.22862243652344,70766600
2017-07-28,246.64999389648438,247.05999755859375,246.1300048828125,246.91000366210938,216.97377014160156,50088400
2017-07-31,247.3699951171875,247.47999572753906,246.52999877929688,246.77000427246094,216.85073852539062,65838700
2017-08-01,247.4600067138672,247.5,246.72000122070312,247.32000732421875,217.33407592773438,55050400
2017-08-02,247.47000122070312,247.60000610351562,246.3699951171875,247.44000244140625,217.4395294189453,47211200
2017-08-03,247.30999755859375,247.33999633789062,246.63999938964844,246.9600067138672,217.01771545410156,40856000
2017-08-04,247.52000427246094,247.7899932861328,246.97000122070312,247.41000366210938,217.41314697265625,60191800
2017-08-07,247.49000549316406,247.8699951171875,247.3699951171875,247.8699951171875,217.81739807128906,31995000
2017-08-08,247.50999450683594,248.91000366210938,246.8300018310547,247.25999450683594,217.28135681152344,61719400
2017-08-09,246.47000122070312,247.30999755859375,246.05999755859375,247.25,217.27255249023438,62632600
2017-08-10,246.2899932861328,246.44000244140625,243.6999969482422,243.75999450683594,214.2056884765625,120479500
2017-08-11,244.02000427246094,244.8000030517578,243.75,244.1199951171875,214.5220184326172,74869900
2017-08-14,245.58999633789062,246.7899932861328,245.5500030517578,246.5399932861328,216.64857482910156,73291900
2017-08-15,246.97999572753906,247.0,246.16000366210938,246.50999450683594,216.62228393554688,55242700
2017-08-16,247.11000061035156,247.57000732421875,246.4499969482422,246.94000244140625,217.00013732910156,56715500
2017-08-17,246.24000549316406,246.60000610351562,243.08999633789062,243.08999633789062,213.616943359375,128490400
2017-08-18,242.89999389648438,244.19000244140625,242.1999969482422,242.7100067138672,213.28302001953125,136748000
2017-08-21,242.63999938964844,243.1999969482422,241.8300018310547,242.89999389648438,213.449951171875,65469700
2017-08-22,243.57000732421875,245.6199951171875,243.5500030517578,245.44000244140625,215.6819610595703,63140100
2017-08-23,244.3300018310547,245.0500030517578,244.16000366210938,244.55999755859375,214.90866088867188,50203800
2017-08-24,245.0,245.17999267578125,243.75,243.99000549316406,214.4077911376953,50741700
2017-08-25,244.89999389648438,245.61000061035156,244.38999938964844,244.55999755859375,214.90866088867188,64445900
2017-08-28,245.1699981689453,245.1999969482422,244.08999633789062,244.57000732421875,214.91748046875,40565600
2017-08-29,243.05999755859375,245.14999389648438,242.92999267578125,244.85000610351562,215.1635284423828,51135700
2017-08-30,244.8300018310547,246.32000732421875,244.6199951171875,246.00999450683594,216.18289184570312,62030800
2017-08-31,246.72000122070312,247.77000427246094,246.0500030517578,247.49000549316406,217.48345947265625,103803900
2017-09-01,247.9199981689453,248.3300018310547,247.6699981689453,247.83999633789062,217.791015625,62007000
2017-09-05,247.25999450683594,247.52000427246094,244.9499969482422,246.05999755859375,216.22682189941406,91398800
2017-09-06,246.83999633789062,247.27999877929688,246.22999572753906,246.89999389648438,216.9649658203125,57916900
2017-09-07,247.25,247.27000427246094,246.39999389648438,246.8699951171875,216.93861389160156,58034700
2017-09-08,246.5399932861328,247.11000061035156,246.3000030517578,246.5800018310547,216.6837615966797,63832800
2017-09-11,248.0399932861328,249.3000030517578,248.02000427246094,249.2100067138672,218.99493408203125,71364800
2017-09-12,249.6300048828125,250.08999633789062,249.4199981689453,250.0500030517578,219.73306274414062,56896000
2017-09-13,249.72000122070312,250.2100067138672,249.58999633789062,250.1699981689453,219.83853149414062,59228000
2017-09-14,249.8000030517578,250.32000732421875,249.60000610351562,250.08999633789062,219.76821899414062,95446300
2017-09-15,248.69000244140625,249.2899932861328,248.57000732421875,249.19000244140625,220.06407165527344,95432400
2017-09-18,249.61000061035156,250.1199951171875,249.27999877929688,249.72000122070312,220.5321502685547,46235200
2017-09-19,250.0,250.07000732421875,249.60000610351562,249.97000122070312,220.7528839111328,47108100
2017-09-20,250.07000732421875,250.19000244140625,248.9199981689453,250.05999755859375,220.8323516845703,59574100
2017-09-21,249.8800048828125,249.97999572753906,249.19000244140625,249.38999938964844,220.24070739746094,48211400
2017-09-22,249.0500030517578,249.6300048828125,249.02000427246094,249.44000244140625,220.28485107421875,51214000
2017-09-25,249.14999389648438,249.5500030517578,248.0800018310547,248.92999267578125,219.83441162109375,57064400
2017-09-26,249.4199981689453,249.6999969482422,248.80999755859375,249.0800018310547,219.96690368652344,54082000
2017-09-27,249.8800048828125,250.49000549316406,248.8699951171875,250.0500030517578,220.82354736328125,81001400
2017-09-28,249.72999572753906,250.44000244140625,249.6300048828125,250.35000610351562,221.08847045898438,44778800
2017-09-29,250.33999633789062,251.32000732421875,250.1300048828125,251.22999572753906,221.86558532714844,85578000
2017-10-02,251.49000549316406,252.32000732421875,251.2899932861328,252.32000732421875,222.82827758789062,59023000
2017-10-03,252.32000732421875,252.88999938964844,252.22999572753906,252.86000061035156,223.3051300048828,66810200
2017-10-04,252.69000244140625,253.44000244140625,252.55999755859375,253.16000366210938,223.57003784179688,55953600
2017-10-05,253.5399932861328,254.67999267578125,253.1999969482422,254.66000366210938,224.8947296142578,63522800
2017-10-06,254.14999389648438,254.6999969482422,253.85000610351562,254.3699951171875,224.63861083984375,80646000
2017-10-09,254.6300048828125,254.6999969482422,253.64999389648438,253.9499969482422,224.26768493652344,35803100
2017-10-10,254.60000610351562,255.0500030517578,253.97999572753906,254.6199951171875,224.85935974121094,43057400
2017-10-11,254.50999450683594,255.02000427246094,254.32000732421875,255.02000427246094,225.21267700195312,47674300
2017-10-12,254.66000366210938,255.05999755859375,254.3699951171875,254.63999938964844,224.87705993652344,47065100
2017-10-13,255.13999938964844,255.27000427246094,254.63999938964844,254.9499969482422,225.15078735351562,54800400
2017-10-16,255.2100067138672,255.50999450683594,254.82000732421875,255.2899932861328,225.45106506347656,38221700
2017-10-17,255.22999572753906,255.52000427246094,254.97999572753906,255.47000122070312,225.61004638671875,31561000
2017-10-18,255.89999389648438,255.9499969482422,255.5,255.72000122070312,225.83082580566406,40888300
2017-10-19,254.8300018310547,255.8300018310547,254.35000610351562,255.7899932861328,225.89263916015625,61903800
2017-10-20,256.70001220703125,257.1400146484375,255.77000427246094,257.1099853515625,227.05836486816406,89176400
2017-10-23,257.4800109863281,257.510009765625,256.0199890136719,256.1099853515625,226.17523193359375,63915300
2017-10-24,256.6000061035156,256.8299865722656,256.1499938964844,256.55999755859375,226.57266235351562,66935900
2017-10-25,256.17999267578125,256.30999755859375,254.0,255.2899932861328,225.45106506347656,103715300
2017-10-26,255.99000549316406,256.29998779296875,255.47999572753906,255.6199951171875,225.7425079345703,69798000
2017-10-27,256.4700012207031,257.8900146484375,255.6300048828125,257.7099914550781,227.58819580078125,85562500
2017-10-30,256.4700012207031,257.6000061035156,256.4100036621094,256.75,226.74041748046875,54285700
2017-10-31,257.17999267578125,257.44000244140625,256.80999755859375,257.1499938964844,227.09365844726562,60304800
2017-11-01,258.0400085449219,258.42999267578125,257.07000732421875,257.489990234375,227.39389038085938,54202700
2017-11-02,257.4100036621094,257.75,256.19000244140625,257.5899963378906,227.48223876953125,56449500
2017-11-03,257.7699890136719,258.5,257.29998779296875,258.45001220703125,228.2417755126953,59589700
2017-11-06,258.29998779296875,259.0,258.2200012207031,258.8500061035156,228.594970703125,49652600
2017-11-07,258.9700012207031,259.3500061035156,258.0899963378906,258.6700134277344,228.43605041503906,57502200
2017-11-08,258.4700012207031,259.2200012207031,258.1499938964844,259.1099853515625,228.82456970214844,50469600
2017-11-09,257.7300109863281,258.3900146484375,256.3599853515625,258.1700134277344,227.9945068359375,95085500
2017-11-10,257.7300109863281,258.2900085449219,257.3699951171875,258.0899963378906,227.92379760742188,59984700
2017-11-13,257.30999755859375,258.5899963378906,257.2699890136719,258.3299865722656,228.13572692871094,50228600
2017-11-14,257.4100036621094,257.8500061035156,256.5199890136719,257.7300109863281,227.6058807373047,61315200
2017-11-15,256.6199951171875,257.2200012207031,255.6300048828125,256.44000244140625,226.4666748046875,80811500
2017-11-16,257.5199890136719,259.0400085449219,257.4700012207031,258.6199951171875,228.391845703125,67777000
2017-11-17,258.2200012207031,258.5899963378906,257.7699890136719,257.8599853515625,227.7206268310547,75756800
2017-11-20,258.1400146484375,258.5199890136719,257.8599853515625,258.29998779296875,228.10923767089844,48075500
2017-11-21,259.17999267578125,260.20001220703125,258.260009765625,259.989990234375,229.6016845703125,69176800
2017-11-22,260.0,260.1499938964844,259.57000732421875,259.760009765625,229.39862060546875,45033400
2017-11-24,260.32000732421875,260.4800109863281,260.1600036621094,260.3599853515625,229.9285125732422,27856500
2017-11-27,260.4100036621094,260.75,260.0,260.2300109863281,229.81369018554688,52274900
2017-11-28,260.760009765625,262.8999938964844,260.6499938964844,262.8699951171875,232.14512634277344,98971700
2017-11-29,263.0199890136719,263.6300048828125,262.20001220703125,262.7099914550781,232.00381469726562,77512100
2017-11-30,263.760009765625,266.04998779296875,263.6700134277344,265.010009765625,234.03501892089844,127894400
2017-12-01,264.760009765625,265.30999755859375,260.760009765625,264.4599914550781,233.5492706298828,164390900
2017-12-04,266.30999755859375,266.79998779296875,264.0799865722656,264.1400146484375,233.26663208007812,94040600
2017-12-05,263.19000244140625,265.1499938964844,263.0400085449219,263.19000244140625,232.4276885986328,77994500
2017-12-06,263.29998779296875,263.7300109863281,262.7099914550781,263.239990234375,232.471923828125,75898600
2017-12-07,264.07000732421875,264.42999267578125,262.94000244140625,264.07000732421875,233.204833984375,77218600
2017-12-08,265.1600036621094,265.5199890136719,264.0299987792969,265.510009765625,234.47657775878906,76563900
2017-12-11,266.30999755859375,266.3800048828125,265.4800109863281,266.30999755859375,235.18301391601562,83077500
2017-12-12,267.2099914550781,267.32000732421875,266.3500061035156,266.7799987792969,235.59812927246094,85195800
2017-12-13,267.05999755859375,267.55999755859375,266.6499938964844,266.75,235.57162475585938,102905400
2017-12-14,267.0899963378906,267.2200012207031,265.6000061035156,265.6600036621094,234.6090087890625,100666700
2017-12-15,265.45001220703125,267.0400085449219,265.3900146484375,266.510009765625,236.56268310546875,144610300
2017-12-18,268.1000061035156,268.6000061035156,267.9800109863281,268.20001220703125,238.0627899169922,83653600
2017-12-19,268.4800109863281,268.5299987792969,267.0899963378906,267.1700134277344,237.14849853515625,82382900
2017-12-20,268.2699890136719,268.3299865722656,266.69000244140625,267.0299987792969,237.0242156982422,76751500
2017-12-21,267.739990234375,268.3900146484375,267.29998779296875,267.5799865722656,237.512451171875,67032300
2017-12-22,267.6000061035156,267.6400146484375,266.8999938964844,267.510009765625,237.450439453125,78720900
2017-12-26,267.04998779296875,267.44000244140625,266.8900146484375,267.19000244140625,237.16632080078125,45244400
2017-12-27,267.3800048828125,267.7300109863281,267.010009765625,267.32000732421875,237.28172302246094,57751000
2017-12-28,267.8900146484375,267.9200134277344,267.45001220703125,267.8699951171875,237.76988220214844,45116100
2017-12-29,268.5299987792969,268.54998779296875,266.6400146484375,266.8599853515625,236.87339782714844,96007400
2018-01-02,267.8399963378906,268.80999755859375,267.3999938964844,268.7699890136719,238.56871032714844,86655700
2018-01-03,268.9599914550781,270.6400146484375,268.9599914550781,270.4700012207031,240.07772827148438,90070400
2018-01-04,271.20001220703125,272.1600036621094,270.5400085449219,271.6099853515625,241.089599609375,80636400
2018-01-05,272.510009765625,273.55999755859375,271.95001220703125,273.4200134277344,242.6962890625,83524000
2018-01-08,273.30999755859375,274.1000061035156,272.9800109863281,273.9200134277344,243.14010620117188,57319200
2018-01-09,274.3999938964844,275.25,274.0799865722656,274.5400085449219,243.6903839111328,57254000
2018-01-10,273.67999267578125,274.4200134277344,272.9200134277344,274.1199951171875,243.3175506591797,69574300
2018-01-11,274.75,276.1199951171875,274.55999755859375,276.1199951171875,245.0928497314453,62361500
2018-01-12,276.4200134277344,278.1099853515625,276.0799865722656,277.9200134277344,246.69064331054688,90816100
2018-01-16,279.3500061035156,280.0899963378906,276.17999267578125,276.9700012207031,245.8473358154297,106555100
2018-01-17,278.0299987792969,280.04998779296875,276.9700012207031,279.6099853515625,248.19068908691406,113258800
2018-01-18,279.4800109863281,279.9599914550781,278.5799865722656,279.1400146484375,247.77340698242188,100728000
2018-01-19,279.79998779296875,280.4100036621094,279.1400146484375,280.4100036621094,248.90081787109375,140920100
2018-01-22,280.1700134277344,282.69000244140625,280.1099853515625,282.69000244140625,250.9246063232422,91322400
2018-01-23,282.739990234375,283.6199951171875,282.3699951171875,283.2900085449219,251.4571533203125,97084700
2018-01-24,284.0199890136719,284.70001220703125,281.8399963378906,283.17999267578125,251.3594512939453,134816100
2018-01-25,284.1600036621094,284.2699890136719,282.3999938964844,283.29998779296875,251.46597290039062,84587300
2018-01-26,284.25,286.6300048828125,283.9599914550781,286.5799865722656,254.3773956298828,107743100
2018-01-29,285.92999267578125,286.42999267578125,284.5,284.67999267578125,252.69090270996094,90118300
2018-01-30,282.6000061035156,284.739990234375,281.2200012207031,281.760009765625,250.09913635253906,131796400
2018-01-31,282.7300109863281,283.29998779296875,280.67999267578125,281.8999938964844,250.2233428955078,108364800
2018-02-01,281.07000732421875,283.05999755859375,280.67999267578125,281.5799865722656,249.93936157226562,90102500
2018-02-02,280.0799865722656,280.2300109863281,275.4100036621094,275.45001220703125,244.49810791015625,173174800
2018-02-05,273.45001220703125,275.8500061035156,263.30999755859375,263.92999267578125,234.27261352539062,294681800
2018-02-06,259.94000244140625,269.70001220703125,258.70001220703125,269.1300048828125,238.88827514648438,355026800
2018-02-07,268.5,272.3599853515625,267.5799865722656,267.6700134277344,237.59230041503906,167376100
2018-02-08,268.010009765625,268.1700134277344,257.5899963378906,257.6300048828125,228.68055725097656,246449500
2018-02-09,260.79998779296875,263.6099853515625,252.9199981689453,261.5,232.11569213867188,283565300
2018-02-12,263.8299865722656,267.010009765625,261.6600036621094,265.3399963378906,235.52410888671875,143736000
2018-02-13,263.9700012207031,266.6199951171875,263.30999755859375,266.0,236.10997009277344,81223600
2018-02-14,264.30999755859375,270.0,264.29998779296875,269.5899963378906,239.2965850830078,120735700
2018-02-15,271.57000732421875,273.0400085449219,268.7699890136719,273.0299987792969,242.34999084472656,111200300
2018-02-16,272.32000732421875,275.32000732421875,272.2699890136719,273.1099853515625,242.42105102539062,160420100
2018-02-20,272.0299987792969,273.6700134277344,270.5,271.3999938964844,240.90318298339844,86369700
2018-02-21,271.8999938964844,274.7200012207031,269.94000244140625,270.04998779296875,239.7049102783203,98883700
2018-02-22,271.1000061035156,273.04998779296875,269.6400146484375,270.3999938964844,240.01556396484375,110511300
2018-02-23,271.7900085449219,274.7099914550781,271.25,274.7099914550781,243.84130859375,92766400
2018-02-26,275.92999267578125,278.010009765625,275.260009765625,277.8999938964844,246.67286682128906,86491400
2018-02-27,278.1099853515625,278.9200134277344,274.3599853515625,274.42999267578125,243.59271240234375,99099200
2018-02-28,275.67999267578125,276.19000244140625,271.2900085449219,271.6499938964844,241.12510681152344,121907800
2018-03-01,271.4100036621094,273.1700134277344,266.0,267.70001220703125,237.61900329589844,176855100
2018-03-02,265.79998779296875,269.7200012207031,264.82000732421875,269.0799865722656,238.84390258789062,139083200
2018-03-05,267.7300109863281,272.8900146484375,267.6099853515625,272.19000244140625,241.60447692871094,97307400
2018-03-06,273.29998779296875,273.3900146484375,271.17999267578125,272.8800048828125,242.2169189453125,79213200
2018-03-07,270.4200134277344,273.17999267578125,270.20001220703125,272.7799987792969,242.12814331054688,87063500
2018-03-08,273.54998779296875,274.239990234375,272.4200134277344,274.1000061035156,243.29986572265625,66901200
2018-03-09,275.70001220703125,278.8699951171875,275.3399963378906,278.8699951171875,247.5337677001953,113625300
2018-03-12,279.20001220703125,279.9100036621094,278.0799865722656,278.5199890136719,247.22315979003906,71924800
2018-03-13,279.8399963378906,280.4100036621094,276.0299987792969,276.7200012207031,245.62547302246094,91968900
2018-03-14,277.80999755859375,278.0199890136719,274.6700134277344,275.29998779296875,244.3649444580078,105895100
2018-03-15,275.8800048828125,276.6099853515625,274.42999267578125,275.0,244.0986785888672,83433000
2018-03-16,274.5,275.3900146484375,274.1400146484375,274.20001220703125,244.36338806152344,100343700
2018-03-19,273.3500061035156,274.3999938964844,268.6199951171875,270.489990234375,241.05706787109375,109208400
2018-03-20,270.94000244140625,271.6700134277344,270.17999267578125,270.95001220703125,241.46702575683594,59757300
2018-03-21,270.8999938964844,273.2699890136719,270.19000244140625,270.42999267578125,241.00355529785156,78709600
2018-03-22,267.9100036621094,268.8699951171875,263.3599853515625,263.6700134277344,234.9792022705078,148785900
2018-03-23,264.1700134277344,264.5400085449219,257.8299865722656,258.04998779296875,229.970703125,183534800
2018-03-26,262.1300048828125,265.42999267578125,259.4100036621094,265.1099853515625,236.26246643066406,141956100
2018-03-27,266.1700134277344,266.7699890136719,258.8399963378906,260.6000061035156,232.24325561523438,129941400
2018-03-28,260.75,262.6400146484375,258.5799865722656,259.8299865722656,231.5570068359375,146452300
2018-03-29,261.1199951171875,265.260009765625,259.8399963378906,263.1499938964844,234.5157470703125,111601600
2018-04-02,262.54998779296875,263.1300048828125,254.6699981689453,257.4700012207031,229.4538116455078,186286300
2018-04-03,258.8699951171875,261.30999755859375,256.8399963378906,260.7699890136719,232.39471435546875,119956900
2018-04-04,256.75,264.3599853515625,256.6000061035156,263.55999755859375,234.8811492919922,123715300
2018-04-05,265.54998779296875,266.6400146484375,264.32000732421875,265.6400146484375,236.7348175048828,82652600
2018-04-06,263.4200134277344,265.1099853515625,258.0,259.7200012207031,231.458984375,179521200
2018-04-09,261.3699951171875,264.8399963378906,259.94000244140625,261.0,232.59971618652344,105442900
2018-04-10,264.2699890136719,266.0400085449219,262.9800109863281,265.1499938964844,236.29815673828125,103529000
2018-04-11,263.4700012207031,265.6400146484375,263.3900146484375,263.760009765625,235.05941772460938,91140200
2018-04-12,265.260009765625,267.0,265.05999755859375,265.92999267578125,236.99322509765625,68890500
2018-04-13,267.4100036621094,267.5400085449219,264.010009765625,265.1499938964844,236.29815673828125,85079200
2018-04-16,267.0,268.20001220703125,266.07000732421875,267.3299865722656,238.2408905029297,63405300
2018-04-17,269.3299865722656,270.8699951171875,268.75,270.19000244140625,240.7897491455078,64682000
2018-04-18,270.69000244140625,271.29998779296875,269.8699951171875,270.3900146484375,240.96800231933594,57303900
2018-04-19,269.6499938964844,269.8800048828125,267.7200012207031,268.8900146484375,239.63116455078125,77655900
2018-04-20,268.80999755859375,269.05999755859375,265.6099853515625,266.6099853515625,237.59921264648438,99953100
2018-04-23,267.260009765625,267.8900146484375,265.3500061035156,266.57000732421875,237.5635986328125,65558000
2018-04-24,267.7300109863281,267.9800109863281,261.2799987792969,262.9800109863281,234.36428833007812,112885500
2018-04-25,262.9100036621094,264.1300048828125,260.8500061035156,263.6300048828125,234.94358825683594,103840900
2018-04-26,264.7900085449219,267.25,264.2900085449219,266.30999755859375,237.33189392089844,67731900
2018-04-27,267.0,267.3399963378906,265.5,266.55999755859375,237.5546875,57053600
2018-04-30,267.260009765625,267.8900146484375,264.42999267578125,264.510009765625,235.72776794433594,82182300
2018-05-01,263.8699951171875,265.1000061035156,262.1099853515625,264.9800109863281,236.1466064453125,74203400
2018-05-02,264.760009765625,265.67999267578125,262.760009765625,263.20001220703125,234.56031799316406,86368900
2018-05-03,262.260009765625,263.3599853515625,259.04998779296875,262.6199951171875,234.04348754882812,136311500
2018-05-04,261.5199890136719,266.7900085449219,261.1499938964844,266.0199890136719,237.0734405517578,91222100
2018-05-07,266.8900146484375,268.0199890136719,266.1099853515625,266.9200134277344,237.87559509277344,55304900
2018-05-08,266.5,267.3299865722656,265.1499938964844,266.9200134277344,237.87559509277344,67499200
2018-05-09,267.67999267578125,269.8699951171875,267.0899963378906,269.5,240.1748046875,59666100
2018-05-10,270.3399963378906,272.3900146484375,270.2200012207031,272.0199890136719,242.42059326171875,72063900
2018-05-11,272.1600036621094,273.1499938964844,271.5799865722656,272.8500061035156,243.16029357910156,59871500
2018-05-14,273.3399963378906,274.0799865722656,272.3599853515625,272.9800109863281,243.27613830566406,54790600
2018-05-15,271.5899963378906,271.6099853515625,270.0299987792969,271.1000061035156,241.6006622314453,87036100
2018-05-16,271.1400146484375,272.760009765625,271.1099853515625,272.239990234375,242.6166229248047,53942600
2018-05-17,271.94000244140625,273.2300109863281,271.1300048828125,272.010009765625,242.4116668701172,56536400
2018-05-18,271.6199951171875,272.0299987792969,270.92999267578125,271.3299865722656,241.8056640625,64368000
2018-05-21,273.010009765625,273.9800109863281,272.57000732421875,273.3699951171875,243.6236572265625,58025900
2018-05-22,273.9599914550781,274.25,272.239990234375,272.6099853515625,242.94638061523438,52966400
2018-05-23,271.1700134277344,273.3900146484375,270.989990234375,273.3599853515625,243.61465454101562,64694200
2018-05-24,272.9100036621094,273.2200012207031,270.7799987792969,272.79998779296875,243.11572265625,76043800
2018-05-25,272.1499938964844,272.8599853515625,271.5799865722656,272.1499938964844,242.5364227294922,56374800
2018-05-29,270.30999755859375,271.1700134277344,267.760009765625,269.0199890136719,239.74697875976562,115908600
2018-05-30,270.5,273.1099853515625,270.4200134277344,272.6099853515625,242.94638061523438,69678400
2018-05-31,272.1499938964844,272.489990234375,270.260009765625,270.94000244140625,241.4581298828125,93519900
2018-06-01,272.4100036621094,273.94000244140625,272.3299865722656,273.6000061035156,243.82859802246094,71258400
2018-06-04,274.5299987792969,275.19000244140625,274.260009765625,274.8999938964844,244.9871063232422,45385200
2018-06-05,275.04998779296875,275.5299987792969,274.17999267578125,275.1000061035156,245.1654052734375,51135000
2018-06-06,275.7900085449219,277.5199890136719,275.0899963378906,277.3999938964844,247.21519470214844,62732200
2018-06-07,277.95001220703125,278.2799987792969,276.3399963378906,277.3699951171875,247.1884002685547,72969400
2018-06-08,276.8500061035156,278.25,276.6600036621094,278.19000244140625,247.919189453125,72139700
2018-06-11,278.44000244140625,279.3699951171875,278.30999755859375,278.55999755859375,248.24899291992188,58892500
2018-06-12,279.0299987792969,279.3299865722656,278.19000244140625,278.9200134277344,248.5697784423828,72329000
2018-06-13,279.19000244140625,279.4800109863281,277.79998779296875,278.0299987792969,247.776611328125,79070600
2018-06-14,279.010009765625,279.3299865722656,278.05999755859375,278.7300109863281,248.40042114257812,77097600
2018-06-15,276.6000061035156,277.510009765625,275.3500061035156,277.1300048828125,248.0835418701172,120041600
2018-06-18,275.489990234375,276.70001220703125,274.95001220703125,276.55999755859375,247.5732421875,52917600
2018-06-19,274.0,275.75,273.5299987792969,275.5,246.6243896484375,97531500
2018-06-20,276.2699890136719,276.7200012207031,275.5899963378906,275.9700012207031,247.0449981689453,53785500
2018-06-21,275.9599914550781,275.9800109863281,273.67999267578125,274.239990234375,245.49649047851562,71061400
2018-06-22,275.6600036621094,275.7900085449219,274.489990234375,274.739990234375,245.94407653808594,54898500
2018-06-25,273.44000244140625,273.6199951171875,269.1000061035156,271.0,242.5960693359375,137854200
2018-06-26,271.6400146484375,272.55999755859375,270.7900085449219,271.6000061035156,243.13311767578125,68547400
2018-06-27,272.260009765625,273.8699951171875,269.17999267578125,269.3500061035156,241.11898803710938,105110700
2018-06-28,269.2900085449219,271.75,268.489990234375,270.8900146484375,242.49757385253906,76650500
2018-06-29,272.1199951171875,273.6600036621094,271.1499938964844,271.2799987792969,242.84669494628906,97592500
2018-07-02,269.510009765625,272.0400085449219,269.239990234375,271.8599853515625,243.36595153808594,63554800
2018-07-03,272.8699951171875,272.9800109863281,270.4200134277344,270.8999938964844,242.5064697265625,42187100
2018-07-05,272.1700134277344,273.17999267578125,270.9599914550781,273.1099853515625,244.48489379882812,56925900
2018-07-06,273.1400146484375,275.8399963378906,272.7099914550781,275.4200134277344,246.55276489257812,66493700
2018-07-09,276.54998779296875,277.9599914550781,276.5,277.8999938964844,248.77284240722656,50550400
2018-07-10,278.4100036621094,279.010009765625,278.0799865722656,278.8999938964844,249.66802978515625,51966800
2018-07-11,277.1499938964844,278.0400085449219,276.5199890136719,276.8599853515625,247.8418426513672,77054700
2018-07-12,278.2799987792969,279.42999267578125,277.6000061035156,279.3699951171875,250.08876037597656,60124700
2018-07-13,279.1700134277344,279.92999267578125,278.6600036621094,279.5899963378906,250.28570556640625,48216000
2018-07-16,279.6400146484375,279.79998779296875,278.8399963378906,279.3399963378906,250.06185913085938,48201000
2018-07-17,278.4700012207031,280.9100036621094,278.4100036621094,280.4700012207031,251.07347106933594,52315500
2018-07-18,280.55999755859375,281.17999267578125,280.05999755859375,281.05999755859375,251.6016387939453,44593500
2018-07-19,280.30999755859375,280.739990234375,279.4599914550781,280.0,250.6527099609375,61412100
2018-07-20,279.7699890136719,280.4800109863281,279.5,279.67999267578125,250.36630249023438,82337700
2018-07-23,279.45001220703125,280.42999267578125,279.05999755859375,280.20001220703125,250.83180236816406,47047600
2018-07-24,281.7900085449219,282.55999755859375,280.6300048828125,281.6099853515625,252.093994140625,68026900
2018-07-25,281.3299865722656,284.3699951171875,281.2799987792969,284.010009765625,254.242431640625,78882900
2018-07-26,283.20001220703125,284.1099853515625,283.0899963378906,283.3399963378906,253.64263916015625,57919500
2018-07-27,283.7099914550781,283.82000732421875,280.3800048828125,281.4200134277344,251.92393493652344,76768700
2018-07-30,281.510009765625,281.69000244140625,279.3599853515625,279.95001220703125,250.6080322265625,63742500
2018-07-31,280.80999755859375,282.0199890136719,280.3800048828125,281.3299865722656,251.84332275390625,68570500
2018-08-01,281.55999755859375,282.1300048828125,280.1300048828125,280.8599853515625,251.4225616455078,53853300
2018-08-02,279.3900146484375,282.5799865722656,279.1600036621094,282.3900146484375,252.79225158691406,63426400
2018-08-03,282.5299987792969,283.6600036621094,282.3299865722656,283.6000061035156,253.87545776367188,53935400
2018-08-06,283.6400146484375,284.989990234375,283.20001220703125,284.6400146484375,254.80641174316406,39400900
2018-08-07,285.3900146484375,286.010009765625,285.239990234375,285.5799865722656,255.64784240722656,43196600
2018-08-08,285.3900146484375,285.9100036621094,284.94000244140625,285.4599914550781,255.54049682617188,42114600
2018-08-09,285.5299987792969,285.9700012207031,284.9200134277344,285.07000732421875,255.1913604736328,35717000
2018-08-10,283.45001220703125,284.05999755859375,282.3599853515625,283.1600036621094,253.4815216064453,77076000
2018-08-13,283.4700012207031,284.1600036621094,281.7699890136719,282.1000061035156,252.53271484375,65732900
2018-08-14,282.9200134277344,284.1700134277344,282.4800109863281,283.8999938964844,254.14393615722656,43842000
2018-08-15,282.3800048828125,282.5400085449219,280.1600036621094,281.7799987792969,252.2461700439453,102925400
2018-08-16,283.3999938964844,285.0400085449219,283.3599853515625,284.05999755859375,254.28720092773438,69967900
2018-08-17,283.8299865722656,285.55999755859375,283.3699951171875,285.05999755859375,255.18243408203125,65618500
2018-08-20,285.57000732421875,285.9700012207031,285.05999755859375,285.6700134277344,255.72842407226562,39807500
2018-08-21,286.25,287.30999755859375,285.7099914550781,286.3399963378906,256.3282775878906,67272000
2018-08-22,285.8800048828125,286.760009765625,285.5799865722656,286.1700134277344,256.176025390625,44993300
2018-08-23,285.9700012207031,286.94000244140625,285.42999267578125,285.7900085449219,255.8358917236328,49204900
2018-08-24,286.44000244140625,287.6700134277344,286.3800048828125,287.510009765625,257.37554931640625,57487400
2018-08-27,288.8599853515625,289.8999938964844,288.67999267578125,289.7799987792969,259.40771484375,57072400
2018-08-28,290.29998779296875,290.4200134277344,289.3999938964844,289.9200134277344,259.53302001953125,46943500
2018-08-29,290.1600036621094,291.739990234375,289.8900146484375,291.4800109863281,260.9294738769531,61485500
2018-08-30,290.94000244140625,291.3599853515625,289.6300048828125,290.29998779296875,259.8731994628906,61229500
2018-08-31,289.8399963378906,290.80999755859375,289.2900085449219,290.30999755859375,259.8821716308594,66140800
2018-09-04,289.8399963378906,290.2099914550781,288.67999267578125,289.80999755859375,259.43450927734375,57594400
2018-09-05,289.4100036621094,289.6400146484375,287.8900146484375,289.0299987792969,258.7362365722656,72452400
2018-09-06,289.1499938964844,289.489990234375,287.0,288.1600036621094,257.95745849609375,65909900
2018-09-07,286.9800109863281,288.70001220703125,286.7099914550781,287.6000061035156,257.4561462402344,73524800
2018-09-10,288.739990234375,289.0400085449219,287.8800048828125,288.1000061035156,257.90374755859375,50210900
2018-09-11,287.3699951171875,289.54998779296875,286.9800109863281,289.04998779296875,258.7542419433594,50530500
2018-09-12,289.05999755859375,289.79998779296875,288.2300109863281,289.1199951171875,258.8167724609375,59810800
2018-09-13,290.32000732421875,291.0400085449219,290.0,290.8299865722656,260.3476257324219,51034200
2018-09-14,291.05999755859375,291.2699890136719,290.0,290.8800048828125,260.39239501953125,55079900
2018-09-17,290.82000732421875,290.8599853515625,289.0299987792969,289.3399963378906,259.01373291015625,68244000
2018-09-18,289.5799865722656,291.5799865722656,289.54998779296875,290.9100036621094,260.4192810058594,61930400
2018-09-19,290.9700012207031,291.69000244140625,290.8299865722656,291.2200012207031,260.69683837890625,49080600
2018-09-20,292.6400146484375,293.94000244140625,291.239990234375,293.5799865722656,262.8094482421875,100360600
2018-09-21,293.0899963378906,293.2200012207031,291.80999755859375,291.989990234375,262.5693359375,105479700
2018-09-24,291.3399963378906,291.5,290.3699951171875,291.0199890136719,261.69696044921875,53409600
2018-09-25,291.5299987792969,291.6499938964844,290.4800109863281,290.75,261.4543151855469,44370000
2018-09-26,290.9100036621094,292.239990234375,289.4100036621094,289.8800048828125,260.671875,79739700
2018-09-27,290.4100036621094,291.9100036621094,290.1000061035156,290.69000244140625,261.40032958984375,59249500
2018-09-28,289.989990234375,291.2799987792969,289.95001220703125,290.7200012207031,261.4272766113281,70091400
2018-10-01,292.1099853515625,292.92999267578125,290.9800109863281,291.7300109863281,262.3354797363281,62078900
2018-10-02,291.55999755859375,292.3599853515625,291.1400146484375,291.55999755859375,262.1826477050781,47258200
2018-10-03,292.739990234375,293.2099914550781,291.32000732421875,291.7200012207031,262.3265380859375,64694600
2018-10-04,291.17999267578125,291.239990234375,287.6600036621094,289.44000244140625,260.27618408203125,111545900
2018-10-05,289.69000244140625,290.2699890136719,286.2200012207031,287.82000732421875,258.8194580078125,105951700
2018-10-08,287.04998779296875,288.2200012207031,285.5,287.82000732421875,258.8194580078125,87742200
2018-10-09,287.3900146484375,288.8599853515625,286.7699890136719,287.3999938964844,258.4416809082031,74339000
2018-10-10,286.8299865722656,286.9100036621094,277.8800048828125,278.29998779296875,250.2586669921875,214731000
2018-10-11,277.0799865722656,278.8999938964844,270.3599853515625,272.1700134277344,244.746337890625,274840500
2018-10-12,276.7699890136719,277.0899963378906,272.3699951171875,275.95001220703125,248.14544677734375,183186500
2018-10-15,275.54998779296875,277.0400085449219,274.29998779296875,274.3999938964844,246.7516326904297,102263700
2018-10-16,276.6000061035156,280.82000732421875,276.07000732421875,280.3999938964844,252.14710998535156,118255800
2018-10-17,280.44000244140625,281.1499938964844,277.55999755859375,280.45001220703125,252.19203186035156,110626000
2018-10-18,279.3999938964844,280.07000732421875,274.9700012207031,276.3999938964844,248.55007934570312,134557500
2018-10-19,277.1300048828125,279.29998779296875,275.4700012207031,276.25,248.41525268554688,139901600
2018-10-22,277.0,277.3599853515625,274.4100036621094,275.010009765625,247.3002166748047,82415800
2018-10-23,270.95001220703125,274.8699951171875,268.6099853515625,273.6099853515625,246.04122924804688,146352700
2018-10-24,273.3299865722656,273.760009765625,264.70001220703125,265.32000732421875,238.58657836914062,177806700
2018-10-25,267.3800048828125,271.80999755859375,266.2300109863281,270.0799865722656,242.86695861816406,138061500
2018-10-26,265.9200134277344,271.0,262.2900085449219,265.3299865722656,238.59548950195312,201574600
2018-10-29,268.79998779296875,270.25,259.8500061035156,263.8599853515625,237.27365112304688,160749100
2018-10-30,263.6700134277344,268.1199951171875,263.1199951171875,267.7699890136719,240.7897491455078,157116000
2018-10-31,270.6499938964844,273.2300109863281,270.1199951171875,270.6300048828125,243.36151123046875,128296300
2018-11-01,271.6000061035156,273.7300109863281,270.3800048828125,273.510009765625,245.95143127441406,99495000
2018-11-02,274.75,275.2300109863281,269.5899963378906,271.8900146484375,244.4945831298828,122634100
2018-11-05,272.44000244140625,274.010009765625,271.3500061035156,273.3900146484375,245.84339904785156,65622500
2018-11-06,273.32000732421875,275.29998779296875,273.25,275.1199951171875,247.39907836914062,60085900
2018-11-07,277.55999755859375,281.1000061035156,277.0799865722656,281.010009765625,252.69566345214844,102752100
2018-11-08,280.1099853515625,281.2200012207031,279.2200012207031,280.5,252.23709106445312,65584900
2018-11-09,279.0299987792969,279.239990234375,276.17999267578125,277.760009765625,249.77305603027344,98812600
2018-11-12,277.19000244140625,277.4599914550781,271.989990234375,272.57000732421875,245.10604858398438,99673600
2018-11-13,273.0899963378906,275.3299865722656,271.25,272.05999755859375,244.64743041992188,98176600
2018-11-14,274.1600036621094,274.6099853515625,268.45001220703125,270.20001220703125,242.97483825683594,125335900
2018-11-15,268.7799987792969,273.5400085449219,267.010009765625,273.0199890136719,245.51071166992188,135101400
2018-11-16,271.7900085449219,274.75,271.2099914550781,273.7300109863281,246.14920043945312,126668000
2018-11-19,273.04998779296875,273.3800048828125,268.07000732421875,269.1000061035156,241.9856414794922,103061700
2018-11-20,265.3599853515625,267.0,263.1499938964844,264.1199951171875,237.50743103027344,136021300
2018-11-21,265.8599853515625,267.1499938964844,265.010009765625,265.0199890136719,238.31675720214844,75563700
2018-11-23,263.17999267578125,264.82000732421875,263.07000732421875,263.25,236.72506713867188,42807900
2018-11-26,265.7799987792969,267.75,265.3399963378906,267.5,240.54685974121094,79981400
2018-11-27,266.3399963378906,268.3999938964844,265.6600036621094,268.3999938964844,241.35617065429688,75502400
2018-11-28,269.6000061035156,274.5799865722656,268.3299865722656,274.5799865722656,246.91348266601562,127629600
2018-11-29,273.7099914550781,275.54998779296875,272.42999267578125,273.9800109863281,246.37399291992188,82346400
2018-11-30,273.80999755859375,276.2799987792969,273.45001220703125,275.6499938964844,247.87571716308594,98204200
2018-12-03,280.2799987792969,280.3999938964844,277.510009765625,279.29998779296875,251.15785217285156,103176300
2018-12-04,278.3699951171875,278.8500061035156,269.8999938964844,270.25,243.01980590820312,177986000
2018-12-06,265.9200134277344,269.9700012207031,262.44000244140625,269.8399963378906,242.651123046875,204185400
2018-12-07,269.4599914550781,271.2200012207031,262.6300048828125,263.57000732421875,237.0128936767578,161018900
2018-12-10,263.3699951171875,265.1600036621094,258.6199951171875,264.07000732421875,237.4625244140625,151445900
2018-12-11,267.6600036621094,267.8699951171875,262.4800109863281,264.1300048828125,237.51641845703125,121504400
2018-12-12,267.4700012207031,269.0,265.3699951171875,265.4599914550781,238.71238708496094,97976700
2018-12-13,266.5199890136719,267.489990234375,264.1199951171875,265.3699951171875,238.6315155029297,96662700
2018-12-14,262.9599914550781,264.0299987792969,259.8500061035156,260.4700012207031,234.22523498535156,116961100
2018-12-17,259.3999938964844,260.6499938964844,253.52999877929688,255.36000061035156,229.63009643554688,165492300
2018-12-18,257.20001220703125,257.95001220703125,253.27999877929688,255.0800018310547,229.37831115722656,134515100
2018-12-19,255.1699981689453,259.3999938964844,249.35000610351562,251.25999450683594,225.94320678710938,214992800
2018-12-20,249.86000061035156,251.6199951171875,244.64999389648438,247.1699981689453,222.26531982421875,252053400
2018-12-21,246.74000549316406,249.7100067138672,239.97999572753906,240.6999969482422,217.71119689941406,255345600
2018-12-24,239.0399932861328,240.83999633789062,234.27000427246094,234.33999633789062,211.95863342285156,147311600
2018-12-26,235.97000122070312,246.17999267578125,233.75999450683594,246.17999267578125,222.6678009033203,218485400
2018-12-27,242.57000732421875,248.2899932861328,238.9600067138672,248.07000732421875,224.3773193359375,186267300
2018-12-28,249.5800018310547,251.39999389648438,246.4499969482422,247.75,224.08787536621094,153100200
2018-12-31,249.55999755859375,250.19000244140625,247.47000122070312,249.9199981689453,226.05062866210938,144299400
2019-01-02,245.97999572753906,251.2100067138672,245.9499969482422,250.17999267578125,226.28578186035156,126925200
2019-01-03,248.22999572753906,248.57000732421875,243.6699981689453,244.2100067138672,220.88595581054688,144140700
2019-01-04,247.58999633789062,253.11000061035156,247.1699981689453,252.38999938964844,228.2847137451172,142628800
2019-01-07,252.69000244140625,255.9499969482422,251.69000244140625,254.3800048828125,230.0846405029297,103139100
2019-01-08,256.82000732421875,257.30999755859375,254.0,256.7699890136719,232.24639892578125,102512600
2019-01-09,257.55999755859375,258.9100036621094,256.19000244140625,257.9700012207031,233.331787109375,95006600
2019-01-10,256.260009765625,259.1600036621094,255.5,258.8800048828125,234.1548614501953,96823900
2019-01-11,257.67999267578125,259.010009765625,257.0299987792969,258.9800109863281,234.245361328125,73858100
2019-01-14,256.8599853515625,258.29998779296875,256.4100036621094,257.3999938964844,232.8162384033203,70908200
2019-01-15,257.82000732421875,260.70001220703125,257.80999755859375,260.3500061035156,235.48446655273438,85208300
2019-01-16,260.8299865722656,261.9700012207031,260.6000061035156,260.9800109863281,236.05429077148438,77636700
2019-01-17,260.010009765625,263.9200134277344,259.9599914550781,262.9599914550781,237.8451690673828,96118400
2019-01-18,264.9800109863281,266.9800109863281,263.0,266.4599914550781,241.01089477539062,127900300
2019-01-22,264.82000732421875,265.05999755859375,261.05999755859375,262.8599853515625,237.75473022460938,115531200
2019-01-23,264.010009765625,264.7900085449219,260.6600036621094,263.4100036621094,238.25221252441406,86030300
2019-01-24,263.2099914550781,264.20001220703125,262.0799865722656,263.54998779296875,238.37887573242188,59204100
2019-01-25,265.6099853515625,266.70001220703125,263.6600036621094,265.7799987792969,240.3958740234375,96883400
2019-01-28,263.3900146484375,263.8299865722656,261.7900085449219,263.760009765625,238.56878662109375,85613700
2019-01-29,263.9200134277344,264.54998779296875,262.4800109863281,263.4100036621094,238.25221252441406,66136300
2019-01-30,265.1000061035156,268.5199890136719,264.25,267.5799865722656,242.0240478515625,92473700
2019-01-31,267.510009765625,270.4700012207031,267.2699890136719,269.92999267578125,244.1494903564453,104012100
2019-02-01,270.1499938964844,271.20001220703125,269.17999267578125,270.05999755859375,244.2671356201172,85782500
2019-02-04,270.1099853515625,272.0299987792969,269.3599853515625,271.9599914550781,245.98565673828125,60744800
2019-02-05,272.44000244140625,273.44000244140625,271.8800048828125,273.1000061035156,247.0167694091797,79552800
2019-02-06,272.7900085449219,273.3399963378906,271.9200134277344,272.739990234375,246.69107055664062,58347800
2019-02-07,270.94000244140625,271.54998779296875,268.2900085449219,270.1400146484375,244.33941650390625,95482000
2019-02-08,268.75,270.5799865722656,267.8299865722656,270.4700012207031,244.63800048828125,75788900
2019-02-11,271.20001220703125,271.489990234375,270.0299987792969,270.6199951171875,244.7736053466797,68021400
2019-02-12,272.4200134277344,274.5199890136719,272.3399963378906,274.1000061035156,247.9212646484375,72270200
2019-02-13,275.0299987792969,275.92999267578125,274.55999755859375,274.989990234375,248.7262725830078,65277200
2019-02-14,273.7799987792969,275.6400146484375,272.8699951171875,274.3800048828125,248.1744842529297,83234400
2019-02-15,276.3599853515625,277.4100036621094,276.1300048828125,277.3699951171875,250.87892150878906,97088700
2019-02-19,276.4800109863281,278.5799865722656,276.4700012207031,277.8500061035156,251.3131103515625,59120800
2019-02-20,277.80999755859375,278.9200134277344,277.25,278.4100036621094,251.8196563720703,76610800
2019-02-21,277.70001220703125,278.1000061035156,276.3500061035156,277.4200134277344,250.92410278320312,64214700
2019-02-22,278.1099853515625,279.3599853515625,277.3999938964844,279.1400146484375,252.47984313964844,78114600
2019-02-25,280.7300109863281,281.30999755859375,279.42999267578125,279.5199890136719,252.82359313964844,69030700
2019-02-26,279.1300048828125,280.29998779296875,278.8999938964844,279.32000732421875,252.64266967773438,56844100
2019-02-27,278.5199890136719,279.5899963378906,277.4800109863281,279.20001220703125,252.5341033935547,56921600
2019-02-28,278.9599914550781,279.45001220703125,278.32000732421875,278.67999267578125,252.06382751464844,69268300
2019-03-01,280.44000244140625,280.8800048828125,278.82000732421875,280.4200134277344,253.6376495361328,78880500
2019-03-04,281.6000061035156,281.8699951171875,276.8399963378906,279.3999938964844,252.71507263183594,106494600
2019-03-05,279.5400085449219,279.760009765625,278.4100036621094,279.0199890136719,252.37130737304688,59114600
2019-03-06,279.1499938964844,279.1600036621094,276.9700012207031,277.3299865722656,250.8426971435547,75039800
2019-03-07,276.8299865722656,276.989990234375,274.07000732421875,275.010009765625,248.74436950683594,94885100
2019-03-08,272.94000244140625,274.6499938964844,272.4200134277344,274.4599914550781,248.24681091308594,85795800
2019-03-11,275.260009765625,278.6199951171875,275.2300109863281,278.44000244140625,251.8467559814453,65098900
2019-03-12,279.05999755859375,280.07000732421875,278.8500061035156,279.489990234375,252.7964630126953,79667500
2019-03-13,280.4800109863281,282.3800048828125,280.29998779296875,281.3399963378906,254.4697723388672,80639200
2019-03-14,281.3699951171875,281.8399963378906,280.6700134277344,281.1600036621094,254.3069305419922,67518400
2019-03-15,280.5400085449219,282.2099914550781,280.3299865722656,281.30999755859375,255.56332397460938,81309000
2019-03-18,281.54998779296875,282.6600036621094,281.29998779296875,282.3299865722656,256.4900207519531,62199800
2019-03-19,283.510009765625,284.3599853515625,281.4100036621094,282.3999938964844,256.5536193847656,90268100
2019-03-20,282.1600036621094,283.5,280.32000732421875,281.54998779296875,255.7813720703125,84609200
2019-03-21,280.6400146484375,285.17999267578125,280.5899963378906,284.7300109863281,258.67034912109375,79550400
2019-03-22,283.2200012207031,283.79998779296875,279.17999267578125,279.25,253.69190979003906,122659300
2019-03-25,278.8699951171875,280.19000244140625,277.6400146484375,279.0400085449219,253.50108337402344,85575200
2019-03-26,280.989990234375,282.17999267578125,279.55999755859375,281.1199951171875,255.39077758789062,68125900
2019-03-27,281.1099853515625,281.760009765625,277.92999267578125,279.6499938964844,254.05538940429688,72224700
2019-03-28,280.3500061035156,281.2099914550781,279.07000732421875,280.7099914550781,255.01821899414062,56238500
2019-03-29,282.3900146484375,282.8399963378906,281.1400146484375,282.4800109863281,256.6262512207031,82186800
2019-04-01,284.70001220703125,286.1600036621094,284.3999938964844,285.8299865722656,259.6696472167969,77617900
2019-04-02,286.0400085449219,286.2300109863281,285.0899963378906,285.9700012207031,259.796875,40070400
2019-04-03,287.32000732421875,287.760009765625,285.75,286.4200134277344,260.2056579589844,68243200
2019-04-04,286.7799987792969,287.4599914550781,286.010009765625,287.17999267578125,260.8961181640625,48997500
2019-04-05,287.9200134277344,288.6300048828125,287.6000061035156,288.57000732421875,262.15887451171875,58621700
2019-04-08,288.1000061035156,288.9100036621094,287.3699951171875,288.7900085449219,262.3587646484375,53566300
2019-04-09,287.7200012207031,288.0799865722656,286.70001220703125,287.30999755859375,261.01422119140625,66142300
2019-04-10,287.7699890136719,288.3900146484375,287.30999755859375,288.2900085449219,261.90460205078125,52601500
2019-04-11,288.8299865722656,288.8399963378906,287.5799865722656,288.2099914550781,261.8318176269531,55093100
2019-04-12,290.0,290.4700012207031,288.260009765625,290.1600036621094,263.60345458984375,69727800
2019-04-15,290.239990234375,290.3500061035156,289.0799865722656,289.9700012207031,263.4307861328125,49596700
2019-04-16,290.95001220703125,291.010009765625,289.5,290.1600036621094,263.60345458984375,52153200
2019-04-17,291.3999938964844,291.42999267578125,288.989990234375,289.45001220703125,262.9583740234375,58268300
2019-04-18,290.1000061035156,290.32000732421875,288.6600036621094,290.0199890136719,263.47625732421875,68708500
2019-04-22,289.1700134277344,290.44000244140625,289.07000732421875,290.2699890136719,263.7033386230469,40160100
2019-04-23,290.67999267578125,293.1400146484375,290.4200134277344,292.8800048828125,266.0744934082031,52246600
2019-04-24,292.7900085449219,293.1600036621094,292.07000732421875,292.2300109863281,265.4839172363281,50392900
2019-04-25,292.1199951171875,292.7799987792969,290.7300109863281,292.04998779296875,265.3204345703125,57770900
2019-04-26,292.1000061035156,293.489990234375,291.239990234375,293.4100036621094,266.55596923828125,50916400
2019-04-29,293.510009765625,294.45001220703125,293.4100036621094,293.8699951171875,266.9738464355469,57197700
2019-04-30,293.489990234375,294.3399963378906,291.9200134277344,294.0199890136719,267.1100158691406,81111700
2019-05-01,294.7200012207031,294.95001220703125,291.79998779296875,291.80999755859375,265.10235595703125,71671900
2019-05-02,291.67999267578125,292.70001220703125,289.5199890136719,291.17999267578125,264.5300598144531,65030200
2019-05-03,292.82000732421875,294.3399963378906,291.29998779296875,294.0299987792969,267.1191711425781,56543700
2019-05-06,289.25,293.30999755859375,288.8999938964844,292.82000732421875,266.01995849609375,107198100
2019-05-07,290.1499938964844,290.80999755859375,285.80999755859375,287.92999267578125,261.5774230957031,144729900
2019-05-08,287.5299987792969,289.42999267578125,286.8699951171875,287.5299987792969,261.21405029296875,91568300
2019-05-09,285.2300109863281,287.3299865722656,283.29998779296875,286.6600036621094,260.4237060546875,103471100
2019-05-10,285.6199951171875,288.94000244140625,282.29998779296875,288.1000061035156,261.73193359375,112429300
2019-05-13,282.4200134277344,283.489990234375,279.92999267578125,280.8599853515625,255.1545867919922,127290500
2019-05-14,281.989990234375,285.1000061035156,281.8500061035156,283.3999938964844,257.46209716796875,77003200
2019-05-15,281.5899963378906,285.7699890136719,281.3599853515625,285.05999755859375,258.9701232910156,73956400
2019-05-16,285.8399963378906,289.2099914550781,285.760009765625,287.70001220703125,261.3685302734375,76749600
2019-05-17,285.1400146484375,288.6000061035156,285.1199951171875,285.8399963378906,259.6787414550781,100353000
2019-05-20,284.05999755859375,285.9599914550781,283.1199951171875,283.95001220703125,257.96173095703125,62877600
2019-05-21,285.8299865722656,286.92999267578125,285.54998779296875,286.510009765625,260.2874755859375,46847100
2019-05-22,285.45001220703125,286.69000244140625,285.1000061035156,285.6300048828125,259.488037109375,49482500
2019-05-23,283.1600036621094,283.2099914550781,280.57000732421875,282.1400146484375,256.3173522949219,98733800
2019-05-24,283.739990234375,284.20001220703125,282.0899963378906,282.7799987792969,256.89892578125,55268100
2019-05-28,283.0899963378906,284.1499938964844,280.1300048828125,280.1499938964844,254.50961303710938,70029400
2019-05-29,278.9100036621094,279.3599853515625,276.7099914550781,278.2699890136719,252.8015899658203,104972900
2019-05-30,279.1099853515625,280.0400085449219,277.80999755859375,279.0299987792969,253.49205017089844,62523800
2019-05-31,276.20001220703125,277.1199951171875,275.239990234375,275.2699890136719,250.07614135742188,86862800
2019-06-03,275.30999755859375,276.54998779296875,273.0899963378906,274.57000732421875,249.4402313232422,96428000
2019-06-04,277.1199951171875,280.67999267578125,276.6199951171875,280.5299987792969,254.8547821044922,77231900
2019-06-05,282.3299865722656,282.989990234375,280.32000732421875,282.9599914550781,257.0623779296875,71169700
2019-06-06,283.2900085449219,285.54998779296875,282.57000732421875,284.79998779296875,258.73394775390625,69430400
2019-06-07,285.92999267578125,288.8500061035156,285.739990234375,287.6499938964844,261.32305908203125,74272200
2019-06-10,289.3699951171875,290.82000732421875,288.8699951171875,288.9700012207031,262.52227783203125,60799100
2019-06-11,290.989990234375,291.3999938964844,288.17999267578125,288.8999938964844,262.458740234375,58641300
2019-06-12,288.6400146484375,289.260009765625,287.82000732421875,288.3900146484375,261.9954833984375,47096300
2019-06-13,289.3999938964844,289.9800109863281,288.6199951171875,289.5799865722656,263.07647705078125,48945200
2019-06-14,289.260009765625,289.92999267578125,288.4100036621094,289.260009765625,262.78582763671875,52324700
2019-06-17,289.5199890136719,290.2200012207031,289.17999267578125,289.3699951171875,262.8856201171875,39205700
2019-06-18,291.3900146484375,293.57000732421875,290.989990234375,292.3999938964844,265.6383056640625,85434800
2019-06-19,292.54998779296875,293.6499938964844,291.4700012207031,293.05999755859375,266.238037109375,78674400
2019-06-20,296.0400085449219,296.30999755859375,293.1300048828125,295.8599853515625,268.7817687988281,116570000
2019-06-21,294.1300048828125,295.5199890136719,293.760009765625,294.0,268.3909912109375,83309500
2019-06-24,294.2300109863281,294.5799865722656,293.4700012207031,293.6400146484375,268.0623779296875,47582700
2019-06-25,293.70001220703125,293.7300109863281,290.6400146484375,290.760009765625,265.4331970214844,82028700
2019-06-26,291.75,292.30999755859375,290.3500061035156,290.4700012207031,265.1684265136719,51584900
2019-06-27,291.30999755859375,292.05999755859375,290.8900146484375,291.5,266.1087951660156,40355200
2019-06-28,292.5799865722656,293.54998779296875,292.010009765625,293.0,267.4781799316406,59350900
2019-07-01,296.67999267578125,296.9200134277344,294.3299865722656,295.6600036621094,269.9063720703125,78705600
2019-07-02,295.6099853515625,296.489990234375,294.67999267578125,296.42999267578125,270.6092834472656,61504500
2019-07-03,297.17999267578125,298.82000732421875,297.0199890136719,298.79998779296875,272.7728576660156,40898900
2019-07-05,297.44000244140625,298.6400146484375,296.010009765625,298.4599914550781,272.4624938964844,51677300
2019-07-08,297.010009765625,298.260009765625,296.2200012207031,296.82000732421875,270.9653625488281,45841800
2019-07-09,295.5400085449219,297.5199890136719,295.4800109863281,297.19000244140625,271.30316162109375,41101300
2019-07-10,298.3699951171875,299.6600036621094,297.7799987792969,298.6099853515625,272.59942626953125,58448500
2019-07-11,299.32000732421875,299.5799865722656,298.20001220703125,299.30999755859375,273.2384948730469,50826100
2019-07-12,299.8500061035156,300.7300109863281,299.510009765625,300.6499938964844,274.4617004394531,40326000
2019-07-15,301.1300048828125,301.1300048828125,300.19000244140625,300.75,274.552978515625,33900000
2019-07-16,300.6499938964844,300.8800048828125,299.44000244140625,299.7799987792969,273.66748046875,36650100
2019-07-17,299.75,299.92999267578125,297.739990234375,297.739990234375,271.8052062988281,36036300
2019-07-18,297.19000244140625,299.25,296.70001220703125,298.8299865722656,272.80023193359375,51392600
2019-07-19,300.0400085449219,300.07000732421875,296.9800109863281,297.1700134277344,271.284912109375,58678600
2019-07-22,297.6099853515625,298.5,297.0400085449219,297.8999938964844,271.95123291015625,43638100
2019-07-23,299.1400146484375,300.0299987792969,298.2200012207031,300.0299987792969,273.8957214355469,44564500
2019-07-24,299.19000244140625,301.44000244140625,299.0899963378906,301.44000244140625,275.1829833984375,47213200
2019-07-25,300.94000244140625,301.0,299.1099853515625,300.0,273.8684387207031,55394100
2019-07-26,300.760009765625,302.2300109863281,300.6199951171875,302.010009765625,275.70330810546875,45084100
2019-07-29,301.8800048828125,302.010009765625,300.8500061035156,301.4599914550781,275.2012634277344,38126500
2019-07-30,299.9100036621094,301.1700134277344,299.489990234375,300.7200012207031,274.52569580078125,45849000
2019-07-31,300.989990234375,301.20001220703125,295.20001220703125,297.42999267578125,271.5222473144531,104245200
2019-08-01,297.6000061035156,300.8699951171875,293.9599914550781,294.8399963378906,269.1578063964844,142646600
2019-08-02,293.8500061035156,294.1199951171875,290.8999938964844,292.6199951171875,267.1312255859375,116749700
2019-08-05,288.0899963378906,288.2099914550781,281.7200012207031,283.82000732421875,259.0977478027344,178745400
2019-08-06,285.9100036621094,288.0400085449219,284.2799987792969,287.79998779296875,262.7311096191406,120711700
2019-08-07,284.3999938964844,288.82000732421875,282.0400085449219,287.9700012207031,262.88616943359375,140572300
2019-08-08,289.6199951171875,293.6199951171875,289.010009765625,293.6199951171875,268.0440673828125,87713900
2019-08-09,292.5799865722656,293.239990234375,289.6499938964844,291.6199951171875,266.21832275390625,93730000
2019-08-12,289.9599914550781,291.6099853515625,287.0199890136719,288.07000732421875,262.97747802734375,65527600
2019-08-13,287.739990234375,294.1499938964844,287.3599853515625,292.54998779296875,267.0672302246094,94299800
2019-08-14,288.07000732421875,288.739990234375,283.760009765625,283.8999938964844,259.1707458496094,135622100
2019-08-15,284.8800048828125,285.6400146484375,282.3900146484375,284.6499938964844,259.8555603027344,99556600
2019-08-16,286.4800109863281,289.3299865722656,284.7099914550781,288.8500061035156,263.6896057128906,83018300
2019-08-19,292.19000244140625,293.0799865722656,291.44000244140625,292.3299865722656,266.8664245605469,53571800
2019-08-20,291.7699890136719,292.3599853515625,289.95001220703125,290.0899963378906,264.8215637207031,51596400
2019-08-21,292.4800109863281,292.8599853515625,291.7200012207031,292.45001220703125,266.9759521484375,49524700
2019-08-22,293.2300109863281,293.92999267578125,290.3999938964844,292.3599853515625,266.89385986328125,51666400
2019-08-23,290.9200134277344,292.760009765625,283.4700012207031,284.8500061035156,260.0379943847656,149161500
2019-08-26,287.2699890136719,288.0,285.5799865722656,288.0,262.91357421875,72423800
2019-08-27,289.5400085449219,289.95001220703125,286.0299987792969,286.8699951171875,261.8820495605469,66668900
2019-08-28,286.1400146484375,289.07000732421875,285.25,288.8900146484375,263.7261657714844,59696700
2019-08-29,291.7200012207031,293.1600036621094,290.6099853515625,292.5799865722656,267.09466552734375,57899400
2019-08-30,294.2200012207031,294.239990234375,291.4200134277344,292.45001220703125,266.9759521484375,62901200
2019-09-03,290.57000732421875,291.5799865722656,289.2699890136719,290.739990234375,265.4149475097656,69101400
2019-09-04,293.1400146484375,294.05999755859375,292.30999755859375,294.0400085449219,268.42755126953125,46887300
2019-09-05,296.7900085449219,298.8299865722656,294.0,297.82000732421875,271.8783264160156,83258100
2019-09-06,298.1700134277344,298.760009765625,297.4200134277344,298.04998779296875,272.0882263183594,49584300
2019-09-09,299.1400146484375,299.239990234375,297.1600036621094,298.20001220703125,272.2251281738281,51260300
2019-09-10,297.3599853515625,298.20001220703125,295.9700012207031,298.1300048828125,272.1612243652344,57947100
2019-09-11,298.4700012207031,300.3399963378906,297.75,300.25,274.0965576171875,68821100
2019-09-12,301.25,302.4599914550781,300.4100036621094,301.2900085449219,275.04608154296875,72908700
2019-09-13,301.7799987792969,302.1700134277344,300.67999267578125,301.0899963378906,274.8634033203125,62104800
2019-09-16,299.8399963378906,301.1400146484375,299.45001220703125,300.1600036621094,274.0143737792969,58191200
2019-09-17,299.94000244140625,301.0199890136719,299.75,300.9200134277344,274.708251953125,41475500
2019-09-18,300.489990234375,301.2200012207031,298.239990234375,301.1000061035156,274.8724670410156,73375800
2019-09-19,301.5299987792969,302.6300048828125,300.7099914550781,301.0799865722656,274.854248046875,76560500
2019-09-20,300.3599853515625,300.6700134277344,297.4100036621094,298.2799987792969,273.5556640625,89565000
2019-09-23,297.54998779296875,299.0,297.2699890136719,298.2099914550781,273.4914245605469,43476800
2019-09-24,299.4100036621094,299.8399963378906,294.80999755859375,295.8699951171875,271.34539794921875,94869400
2019-09-25,295.9599914550781,298.1099853515625,294.3299865722656,297.6199951171875,272.9503479003906,71854000
2019-09-26,297.6300048828125,297.8599853515625,295.45001220703125,297.0,272.3817443847656,56179700
2019-09-27,297.8299865722656,297.95001220703125,293.69000244140625,295.3999938964844,270.9143981933594,84746600
2019-09-30,295.9700012207031,297.54998779296875,295.9200134277344,296.7699890136719,272.17083740234375,51662400
2019-10-01,297.739990234375,298.4599914550781,293.0,293.239990234375,268.9334716796875,88242400
2019-10-02,291.5,291.510009765625,286.6400146484375,288.05999755859375,264.1827392578125,122539500
2019-10-03,287.80999755859375,290.45001220703125,284.82000732421875,290.4200134277344,266.34722900390625,85278800
2019-10-04,291.1400146484375,294.6300048828125,291.0799865722656,294.3500061035156,269.9514465332031,65091200
2019-10-07,293.4700012207031,295.260009765625,292.7699890136719,293.0799865722656,268.7866516113281,59610500
2019-10-08,291.0400085449219,291.8500061035156,288.489990234375,288.5299987792969,264.61383056640625,95708100
2019-10-09,290.75,292.29998779296875,290.05999755859375,291.2699890136719,267.126708984375,62359400
2019-10-10,291.17999267578125,294.2099914550781,291.0,293.239990234375,268.9334716796875,55296300
2019-10-11,296.2699890136719,298.739990234375,296.1400146484375,296.2799987792969,271.72149658203125,98720400
2019-10-14,295.92999267578125,296.6700134277344,295.57000732421875,295.95001220703125,271.4187927246094,40394800
2019-10-15,297.1000061035156,299.70001220703125,296.9700012207031,298.8800048828125,274.1059265136719,46754500
2019-10-16,298.3699951171875,299.1600036621094,297.9200134277344,298.3999938964844,273.6656799316406,48928200
2019-10-17,299.67999267578125,300.239990234375,298.5199890136719,299.2799987792969,274.4727783203125,45736600
2019-10-18,298.69000244140625,299.3999938964844,297.0299987792969,297.9700012207031,273.2713928222656,64304000
2019-10-21,299.4200134277344,300.2099914550781,298.94000244140625,299.989990234375,275.1239318847656,39048600
2019-10-22,300.5799865722656,300.8999938964844,298.9100036621094,299.010009765625,274.22515869140625,48594700
2019-10-23,298.7300109863281,299.94000244140625,298.5,299.8800048828125,275.0230712890625,34352200
2019-10-24,300.9100036621094,301.07000732421875,299.4599914550781,300.3699951171875,275.472412109375,35453100
2019-10-25,299.739990234375,302.20001220703125,299.67999267578125,301.6000061035156,276.6004943847656,45205400
2019-10-28,302.94000244140625,303.8500061035156,302.9100036621094,303.29998779296875,278.15960693359375,42147000
2019-10-29,303.0,304.2300109863281,302.8599853515625,303.2099914550781,278.0770263671875,44284900
2019-10-30,303.42999267578125,304.54998779296875,301.989990234375,304.1400146484375,278.9299011230469,49643900
2019-10-31,304.1300048828125,304.1300048828125,301.7300109863281,303.3299865722656,278.1869812011719,69053800
2019-11-01,304.9200134277344,306.19000244140625,304.739990234375,306.1400146484375,280.7641906738281,71141500
2019-11-04,307.8500061035156,308.0,306.9599914550781,307.3699951171875,281.89215087890625,60606900
2019-11-05,307.5899963378906,307.9200134277344,306.7099914550781,307.0299987792969,281.58038330078125,42933200
2019-11-06,307.0299987792969,307.3999938964844,306.05999755859375,307.1000061035156,281.64453125,46487100
2019-11-07,308.57000732421875,309.6499938964844,307.6600036621094,308.17999267578125,282.635009765625,54272300
2019-11-08,307.79998779296875,309.0,307.0299987792969,308.94000244140625,283.3320617675781,49032100
2019-11-11,307.4200134277344,308.5400085449219,307.2699890136719,308.3500061035156,282.7909240722656,35797300
2019-11-12,308.75,309.989990234375,308.1499938964844,309.0,283.3871154785156,46484600
2019-11-13,307.9100036621094,309.5400085449219,307.6600036621094,309.1000061035156,283.4787292480469,53917700
2019-11-14,308.7900085449219,309.6400146484375,308.0899963378906,309.54998779296875,283.89141845703125,51219900
2019-11-15,311.0199890136719,311.8399963378906,310.260009765625,311.7900085449219,285.94580078125,62023600
2019-11-18,311.5299987792969,312.2799987792969,311.0299987792969,312.0199890136719,286.1567077636719,49228000
2019-11-19,312.67999267578125,312.69000244140625,311.2200012207031,311.92999267578125,286.07421875,67804700
2019-11-20,311.2799987792969,311.8500061035156,309.05999755859375,310.7699890136719,285.0104675292969,79406200
2019-11-21,310.8900146484375,311.010009765625,309.3900146484375,310.2699890136719,284.55169677734375,54664700
2019-11-22,311.0899963378906,311.239990234375,309.8500061035156,310.9599914550781,285.1846008300781,44850200
2019-11-25,311.9800109863281,313.3699951171875,311.9800109863281,313.3699951171875,287.3948974609375,48647200
2019-11-26,313.4100036621094,314.2799987792969,313.05999755859375,314.0799865722656,288.04595947265625,37569000
2019-11-27,314.6099853515625,315.4800109863281,314.3699951171875,315.4800109863281,289.3299560546875,44444600
2019-11-29,314.8599853515625,315.1300048828125,314.05999755859375,314.30999755859375,288.25689697265625,36592700
2019-12-02,314.5899963378906,314.6600036621094,311.1700134277344,311.6400146484375,285.8082580566406,75767800
2019-12-03,308.6499938964844,309.6400146484375,307.1300048828125,309.54998779296875,283.89141845703125,73941700
2019-12-04,310.70001220703125,312.1199951171875,310.32000732421875,311.4599914550781,285.6431884765625,49080000
2019-12-05,312.2300109863281,312.25,310.5799865722656,312.0199890136719,286.1567077636719,40709000
2019-12-06,314.1199951171875,315.30999755859375,314.1099853515625,314.8699951171875,288.77044677734375,48927000
2019-12-09,314.44000244140625,315.17999267578125,313.79998779296875,313.8800048828125,287.8625793457031,34838500
2019-12-10,313.82000732421875,314.54998779296875,312.80999755859375,313.5299987792969,287.5415344238281,52649800
2019-12-11,314.0299987792969,314.70001220703125,313.44000244140625,314.4200134277344,288.35784912109375,53429100
2019-12-12,314.42999267578125,317.989990234375,314.1700134277344,317.1300048828125,290.8432312011719,96389600
2019-12-13,316.8699951171875,318.6700134277344,316.0199890136719,317.32000732421875,291.017333984375,81503900
2019-12-16,319.2200012207031,320.1499938964844,317.25,319.5,293.0166931152344,82749700
2019-12-17,319.9200134277344,320.25,319.4800109863281,319.57000732421875,293.0810241699219,61097700
2019-12-18,320.0,320.25,319.5299987792969,319.5899963378906,293.09930419921875,48133000
2019-12-19,319.79998779296875,320.9800109863281,319.5199890136719,320.8999938964844,294.3006896972656,85310500
2019-12-20,320.4599914550781,321.9700012207031,319.3900146484375,320.7300109863281,295.5909118652344,147142100
2019-12-23,321.5899963378906,321.6499938964844,321.05999755859375,321.2200012207031,296.0425109863281,52990000
2019-12-24,321.4700012207031,321.5199890136719,320.8999938964844,321.2300109863281,296.0517272949219,20270000
2019-12-26,321.6499938964844,322.95001220703125,321.6400146484375,322.94000244140625,297.62774658203125,30911200
2019-12-27,323.739990234375,323.79998779296875,322.2799987792969,322.8599853515625,297.55401611328125,42528800
2019-12-30,322.95001220703125,323.1000061035156,320.54998779296875,321.0799865722656,295.9134826660156,49729100
2019-12-31,320.5299987792969,322.1300048828125,320.1499938964844,321.8599853515625,296.6323547363281,57077300
2020-01-02,323.5400085449219,324.8900146484375,322.5299987792969,324.8699951171875,299.406494140625,59151200
2020-01-03,321.1600036621094,323.6400146484375,321.1000061035156,322.4100036621094,297.1392517089844,77709700
2020-01-06,320.489990234375,323.7300109863281,320.3599853515625,323.6400146484375,298.2728576660156,55653900
2020-01-07,323.0199890136719,323.5400085449219,322.239990234375,322.7300109863281,297.43414306640625,40496400
2020-01-08,322.94000244140625,325.7799987792969,322.6700134277344,324.45001220703125,299.0194396972656,68296000
2020-01-09,326.1600036621094,326.7300109863281,325.5199890136719,326.6499938964844,301.0469970703125,48473300
2020-01-10,327.2900085449219,327.4599914550781,325.20001220703125,325.7099914550781,300.18060302734375,53029300
2020-01-13,326.3900146484375,327.9599914550781,325.9200134277344,327.95001220703125,302.24505615234375,47086800
2020-01-14,327.4700012207031,328.6199951171875,326.8399963378906,327.45001220703125,301.78424072265625,62832800
2020-01-15,327.3500061035156,329.0199890136719,327.260009765625,328.19000244140625,302.4661865234375,72056600
2020-01-16,329.70001220703125,330.9200134277344,329.45001220703125,330.9200134277344,304.9822082519531,54050300
2020-01-17,331.70001220703125,332.17999267578125,330.8500061035156,331.95001220703125,305.9315490722656,95846000
2020-01-21,330.8999938964844,332.17999267578125,330.82000732421875,331.29998779296875,305.33245849609375,77742400
2020-01-22,332.239990234375,332.95001220703125,331.1700134277344,331.3399963378906,305.3692932128906,48914900
2020-01-23,330.6300048828125,332.1700134277344,329.4100036621094,331.7200012207031,305.71954345703125,51963000
2020-01-24,332.44000244140625,332.5299987792969,327.3599853515625,328.7699890136719,303.0007019042969,87578400
2020-01-27,323.0299987792969,325.1199951171875,322.6600036621094,323.5,298.1438293457031,84062500
2020-01-28,325.05999755859375,327.8500061035156,323.6000061035156,326.8900146484375,301.2681579589844,63834000
2020-01-29,328.3800048828125,328.6300048828125,326.3999938964844,326.6199951171875,301.01922607421875,53888900
2020-01-30,324.3599853515625,327.9100036621094,323.5400085449219,327.67999267578125,301.99615478515625,75491800
2020-01-31,327.0,327.1700134277344,320.7300109863281,321.7300109863281,296.51251220703125,113845600
2020-02-03,323.3500061035156,326.1600036621094,323.2200012207031,324.1199951171875,298.7152404785156,69083000
2020-02-04,328.07000732421875,330.010009765625,327.7200012207031,329.05999755859375,303.26800537109375,62573200
2020-02-05,332.2699890136719,333.0899963378906,330.6700134277344,332.8599853515625,306.770263671875,65951100
2020-02-06,333.9100036621094,334.19000244140625,332.79998779296875,333.9800109863281,307.8023986816406,50359700
2020-02-07,332.82000732421875,333.989990234375,331.6000061035156,332.20001220703125,306.16192626953125,64139400
2020-02-10,331.2300109863281,334.75,331.19000244140625,334.67999267578125,308.44744873046875,42070000
2020-02-11,336.1600036621094,337.0199890136719,334.67999267578125,335.260009765625,308.9821472167969,54864500
2020-02-12,336.8299865722656,337.6499938964844,336.42999267578125,337.4200134277344,310.9727783203125,43992700
2020-02-13,335.8599853515625,338.1199951171875,335.55999755859375,337.05999755859375,310.6409606933594,54501900
2020-02-14,337.510009765625,337.7300109863281,336.20001220703125,337.6000061035156,311.138671875,64582200
2020-02-18,336.510009765625,337.6700134277344,335.2099914550781,336.7300109863281,310.3368835449219,57226200
2020-02-19,337.7900085449219,339.0799865722656,337.4800109863281,338.3399963378906,311.8206787109375,48814700
2020-02-20,337.739990234375,338.6400146484375,333.67999267578125,336.95001220703125,310.5396423339844,74163400
2020-02-21,335.4700012207031,335.80999755859375,332.5799865722656,333.4800109863281,307.3415832519531,113788200
2020-02-24,323.1400146484375,333.55999755859375,321.239990234375,322.4200134277344,297.1484680175781,161088400
2020-02-25,323.94000244140625,324.6099853515625,311.69000244140625,312.6499938964844,288.1443176269531,218913200
2020-02-26,314.17999267578125,318.1099853515625,310.70001220703125,311.5,287.0843811035156,194773800
2020-02-27,305.4599914550781,311.55999755859375,297.510009765625,297.510009765625,274.1910095214844,284353500
2020-02-28,288.70001220703125,297.8900146484375,285.5400085449219,296.260009765625,273.0389404296875,384975800
2020-03-02,298.2099914550781,309.1600036621094,294.4599914550781,309.0899963378906,284.8631896972656,238703600
2020-03-03,309.5,313.8399963378906,297.57000732421875,300.239990234375,276.70697021484375,300139100
2020-03-04,306.1199951171875,313.1000061035156,303.3299865722656,312.8599853515625,288.3377990722656,176613400
2020-03-05,304.9800109863281,308.4700012207031,300.010009765625,302.4599914550781,278.7528991699219,186366800
2020-03-06,293.1499938964844,298.7799987792969,290.2300109863281,297.4599914550781,274.1448669433594,228667200
2020-03-09,275.29998779296875,284.19000244140625,273.45001220703125,274.2300109863281,252.73568725585938,309417300
2020-03-10,284.6400146484375,288.5199890136719,273.5,288.4200134277344,265.8134765625,276444100
2020-03-11,280.70001220703125,281.94000244140625,270.8800048828125,274.3599853515625,252.85536193847656,255316300
2020-03-12,256.0,266.6600036621094,247.67999267578125,248.11000061035156,228.6629638671875,392220700
2020-03-13,263.0899963378906,271.4800109863281,248.52000427246094,269.32000732421875,248.2105255126953,329566100
2020-03-16,241.17999267578125,256.8999938964844,237.36000061035156,239.85000610351562,221.05035400390625,297240000
2020-03-17,245.0399932861328,256.1700134277344,237.07000732421875,252.8000030517578,232.98532104492188,262070500
2020-03-18,236.25,248.3699951171875,228.02000427246094,240.0,221.18862915039062,327597100
2020-03-19,239.25,247.3800048828125,232.22000122070312,240.50999450683594,221.65866088867188,289322000
2020-03-20,242.52999877929688,244.47000122070312,228.5,228.8000030517578,212.10641479492188,347158800
2020-03-23,228.19000244140625,229.67999267578125,218.25999450683594,222.9499969482422,206.6832733154297,326025200
2020-03-24,234.4199981689453,244.10000610351562,233.8000030517578,243.14999389648438,225.409423828125,235494500
2020-03-25,244.8699951171875,256.3500061035156,239.75,246.7899932861328,228.7838592529297,299430300
2020-03-26,249.52000427246094,262.79998779296875,249.0500030517578,261.20001220703125,242.14247131347656,257632800
2020-03-27,253.27000427246094,260.80999755859375,251.0500030517578,253.4199981689453,234.93011474609375,224341200
2020-03-30,255.6999969482422,262.42999267578125,253.52999877929688,261.6499938964844,242.55960083007812,171369500
2020-03-31,260.55999755859375,263.3299865722656,256.2200012207031,257.75,238.9441680908203,194881100
2020-04-01,247.97999572753906,257.6600036621094,243.89999389648438,246.14999389648438,228.19056701660156,189554600
2020-04-02,245.19000244140625,252.67999267578125,244.58999633789062,251.8300018310547,233.4561309814453,177660400
2020-04-03,250.75999450683594,253.32000732421875,245.22000122070312,248.19000244140625,230.08172607421875,135561200
2020-04-06,257.8399963378906,267.0,248.1699981689453,264.8599853515625,245.5354461669922,188061200
2020-04-07,274.2099914550781,275.0299987792969,264.8900146484375,265.1300048828125,245.78575134277344,201427200
2020-04-08,267.9599914550781,276.0,265.25,274.0299987792969,254.03631591796875,153774500
2020-04-09,277.5799865722656,281.20001220703125,275.4700012207031,278.20001220703125,257.9021301269531,189999200
2020-04-13,277.1400146484375,277.510009765625,271.4100036621094,275.6600036621094,255.54751586914062,114839100
2020-04-14,280.9800109863281,284.8999938964844,275.510009765625,283.7900085449219,263.08428955078125,134143400
2020-04-15,277.57000732421875,283.94000244140625,275.4599914550781,277.760009765625,257.49420166015625,121775000
2020-04-16,279.1499938964844,280.0299987792969,275.760009765625,279.1000061035156,258.73651123046875,131798300
2020-04-17,285.3800048828125,287.29998779296875,282.3999938964844,286.6400146484375,265.726318359375,146684800
2020-04-20,282.6099853515625,286.7900085449219,281.3500061035156,281.5899963378906,261.0447692871094,100109300
2020-04-21,276.7300109863281,278.0400085449219,272.0199890136719,273.0400085449219,253.11863708496094,126385700
2020-04-22,278.3500061035156,281.0,276.9100036621094,279.1000061035156,258.73651123046875,92951600
2020-04-23,280.489990234375,283.94000244140625,278.75,279.0799865722656,258.7179260253906,104709700
2020-04-24,280.7300109863281,283.70001220703125,278.5,282.9700012207031,262.3241271972656,85063200
2020-04-27,285.1199951171875,288.2699890136719,284.6199951171875,287.04998779296875,266.1064758300781,77896600
2020-04-28,291.0199890136719,291.3999938964844,285.3999938964844,285.7300109863281,264.8827209472656,105270000
2020-04-29,291.5299987792969,294.8800048828125,290.4100036621094,293.2099914550781,271.81695556640625,118745600
2020-04-30,291.7099914550781,293.32000732421875,288.5899963378906,290.4800109863281,269.2861633300781,122901700
2020-05-01,285.30999755859375,290.6600036621094,281.5199890136719,282.7900085449219,262.1572265625,125180000
2020-05-04,280.739990234375,283.8999938964844,279.1300048828125,283.57000732421875,262.8804016113281,80873200
2020-05-05,286.6400146484375,289.25,283.7099914550781,286.19000244140625,265.3091125488281,79569900
2020-05-06,288.0400085449219,288.4599914550781,283.7799987792969,284.25,263.5107116699219,73632600
2020-05-07,287.75,289.7799987792969,287.1300048828125,287.67999267578125,266.6903991699219,75250400
2020-05-08,291.0899963378906,292.95001220703125,289.8599853515625,292.44000244140625,271.1031188964844,76452400
2020-05-11,290.3399963378906,294.0,289.8800048828125,292.5,271.1588134765625,79514200
2020-05-12,293.7900085449219,294.239990234375,286.5199890136719,286.6700134277344,265.7541809082031,95870800
2020-05-13,286.05999755859375,287.19000244140625,278.9599914550781,281.6000061035156,261.0540771484375,144721100
2020-05-14,278.95001220703125,285.1099853515625,272.989990234375,284.9700012207031,264.1781921386719,121977900
2020-05-15,282.3699951171875,286.3299865722656,281.3399963378906,286.2799987792969,265.3926696777344,111146300
2020-05-18,293.04998779296875,296.75,292.70001220703125,295.0,273.4764099121094,119703800
2020-05-19,294.3500061035156,296.2099914550781,291.95001220703125,291.9700012207031,270.6673583984375,95189300
2020-05-20,295.82000732421875,297.8699951171875,295.57000732421875,296.92999267578125,275.2655334472656,85861700
2020-05-21,296.7900085449219,297.6700134277344,293.69000244140625,294.8800048828125,273.3651428222656,78293900
2020-05-22,294.57000732421875,295.6300048828125,293.2200012207031,295.44000244140625,273.88427734375,63958200
2020-05-26,301.92999267578125,302.19000244140625,295.4599914550781,299.0799865722656,277.2586975097656,88951400
2020-05-27,302.1199951171875,303.57000732421875,296.8699951171875,303.5299987792969,281.38409423828125,104817400
2020-05-28,304.6499938964844,306.8399963378906,302.239990234375,302.9700012207031,280.8648986816406,90405200
2020-05-29,302.4599914550781,304.9599914550781,299.4700012207031,304.32000732421875,282.11639404296875,119090800
2020-06-01,303.6199951171875,306.2099914550781,303.05999755859375,305.54998779296875,283.2566223144531,55758300
2020-06-02,306.54998779296875,308.1300048828125,305.1000061035156,308.0799865722656,285.6019592285156,74267200
2020-06-03,310.239990234375,313.2200012207031,309.94000244140625,312.17999267578125,289.4028625488281,92567600
2020-06-04,311.1099853515625,313.0,309.0799865722656,311.3599853515625,288.6427001953125,75794400
2020-06-05,317.2300109863281,321.2699890136719,317.1600036621094,319.3399963378906,296.0405578613281,150524700
2020-06-08,320.2200012207031,323.4100036621094,319.6300048828125,323.20001220703125,299.6188659667969,73641200
2020-06-09,320.29998779296875,323.2799987792969,319.3599853515625,320.7900085449219,297.38470458984375,77479200
2020-06-10,321.4200134277344,322.3900146484375,318.2200012207031,319.0,295.7253112792969,95000800
2020-06-11,311.4599914550781,312.1499938964844,300.010009765625,300.6099853515625,278.6770324707031,209243600
2020-06-12,308.239990234375,309.0799865722656,298.6000061035156,304.2099914550781,282.01446533203125,194678900
2020-06-15,298.0199890136719,308.2799987792969,296.739990234375,307.04998779296875,284.6471862792969,135782700
2020-06-16,315.4800109863281,315.6400146484375,307.6700134277344,312.9599914550781,290.1260070800781,137627500
2020-06-17,314.07000732421875,314.3900146484375,310.8599853515625,311.6600036621094,288.9208679199219,83398900
2020-06-18,310.010009765625,312.29998779296875,309.510009765625,311.7799987792969,289.03204345703125,80828700
2020-06-19,314.1700134277344,314.3800048828125,306.5299987792969,308.6400146484375,287.3802795410156,135549600
2020-06-22,307.989990234375,311.04998779296875,306.75,310.6199951171875,289.2239074707031,74649400
2020-06-23,313.489990234375,314.5,311.6099853515625,312.04998779296875,290.55535888671875,68471200
2020-06-24,309.8399963378906,310.510009765625,302.1000061035156,304.0899963378906,283.14373779296875,132813500
2020-06-25,303.4700012207031,307.6400146484375,301.2799987792969,307.3500061035156,286.1791687011719,89468000
2020-06-26,306.1600036621094,306.3900146484375,299.4200134277344,300.04998779296875,279.3819580078125,127961000
2020-06-29,301.4100036621094,304.6099853515625,298.92999267578125,304.4599914550781,283.4882507324219,79773300
2020-06-30,303.989990234375,310.20001220703125,303.82000732421875,308.3599853515625,287.1195373535156,113394800
2020-07-01,309.57000732421875,311.8900146484375,309.07000732421875,310.5199890136719,289.1307678222656,72396500
2020-07-02,314.239990234375,315.70001220703125,311.510009765625,312.2300109863281,290.7230224609375,69344200
2020-07-06,316.3699951171875,317.67999267578125,315.55999755859375,317.04998779296875,295.21099853515625,61713800
2020-07-07,315.3800048828125,317.5199890136719,313.3699951171875,313.7799987792969,292.166259765625,82910000
2020-07-08,314.6099853515625,316.29998779296875,312.70001220703125,316.17999267578125,294.4008483886719,54638600
2020-07-09,316.8399963378906,317.1000061035156,310.67999267578125,314.3800048828125,292.7249450683594,83354200
2020-07-10,314.30999755859375,317.8800048828125,312.760009765625,317.5899963378906,295.7138671875,57550400
2020-07-13,320.1300048828125,322.7099914550781,314.1300048828125,314.8399963378906,293.1531982421875,102997500
2020-07-14,313.29998779296875,319.760009765625,312.0,318.9200134277344,296.9521789550781,93657000
2020-07-15,322.4100036621094,323.0400085449219,319.2699890136719,321.8500061035156,299.6802978515625,87196500
2020-07-16,319.7900085449219,321.2799987792969,319.0899963378906,320.7900085449219,298.693359375,54622500
2020-07-17,321.8800048828125,322.57000732421875,319.739990234375,321.7200012207031,299.559326171875,62774900
2020-07-20,321.42999267578125,325.1300048828125,320.6199951171875,324.32000732421875,301.9803161621094,56308800
2020-07-21,326.45001220703125,326.92999267578125,323.94000244140625,325.010009765625,302.62274169921875,57292200
2020-07-22,324.6199951171875,327.20001220703125,324.5,326.8599853515625,304.34527587890625,57792900
2020-07-23,326.4700012207031,327.2300109863281,321.4800109863281,322.9599914550781,300.7138671875,75738000
2020-07-24,320.95001220703125,321.989990234375,319.25,320.8800048828125,298.7771911621094,73766600
2020-07-27,321.6300048828125,323.4100036621094,320.7699890136719,323.2200012207031,300.9559326171875,48293000
2020-07-28,322.42999267578125,323.6400146484375,320.8500061035156,321.1700134277344,299.0472106933594,57495000
2020-07-29,322.1199951171875,325.7300109863281,322.0799865722656,325.1199951171875,302.72509765625,48454200
2020-07-30,321.8999938964844,324.4100036621094,319.6400146484375,323.9599914550781,301.64508056640625,61861700
2020-07-31,325.8999938964844,326.6300048828125,321.3299865722656,326.5199890136719,304.0286865234375,84986800
2020-08-03,328.32000732421875,329.6199951171875,327.7300109863281,328.7900085449219,306.142333984375,53077900
2020-08-04,327.8599853515625,330.05999755859375,327.8599853515625,330.05999755859375,307.32476806640625,41917900
2020-08-05,331.4700012207031,332.3900146484375,331.17999267578125,332.1099853515625,309.233642578125,42697700
2020-08-06,331.4800109863281,334.4599914550781,331.1300048828125,334.3299865722656,311.30072021484375,43679400
2020-08-07,333.2799987792969,334.8800048828125,332.29998779296875,334.57000732421875,311.52423095703125,57308300
2020-08-10,335.05999755859375,335.7699890136719,332.9599914550781,335.57000732421875,312.4553527832031,44282100
2020-08-11,336.8500061035156,337.5400085449219,332.010009765625,332.79998779296875,309.8760681152344,69601100
2020-08-12,335.44000244140625,338.2799987792969,335.4100036621094,337.44000244140625,314.19647216796875,53774400
2020-08-13,336.6099853515625,338.25,335.8299865722656,336.8299865722656,313.6285400390625,41816100
2020-08-14,336.4100036621094,337.4200134277344,335.6199951171875,336.8399963378906,313.6378479003906,47260400
2020-08-17,337.94000244140625,338.3399963378906,336.8500061035156,337.9100036621094,314.6341247558594,35481000
2020-08-18,338.3399963378906,339.1000061035156,336.6099853515625,338.6400146484375,315.3138427734375,38733900
2020-08-19,339.04998779296875,339.6099853515625,336.6199951171875,337.2300109863281,314.00091552734375,68054200
2020-08-20,335.3599853515625,338.79998779296875,335.2200012207031,338.2799987792969,314.97869873046875,42207800
2020-08-21,337.9200134277344,339.7200012207031,337.54998779296875,339.4800109863281,316.0960388183594,55106600
2020-08-24,342.1199951171875,343.0,339.45001220703125,342.9200134277344,319.29913330078125,48588700
2020-08-25,343.5299987792969,344.2099914550781,342.2699890136719,344.1199951171875,320.41632080078125,38463400
2020-08-26,344.760009765625,347.8599853515625,344.1700134277344,347.57000732421875,323.628662109375,50790200
2020-08-27,348.510009765625,349.8999938964844,346.5299987792969,348.3299865722656,324.3363342285156,58034100
2020-08-28,349.44000244140625,350.7200012207031,348.1499938964844,350.5799865722656,326.4313049316406,48588900
2020-08-31,350.3500061035156,351.29998779296875,349.05999755859375,349.30999755859375,325.2488098144531,66099200
2020-09-01,350.2099914550781,352.7099914550781,349.239990234375,352.6000061035156,328.3122863769531,54908700
2020-09-02,354.6700134277344,358.75,353.42999267578125,357.70001220703125,333.06097412109375,69540000
2020-09-03,355.8699951171875,356.3800048828125,342.5899963378906,345.3900146484375,321.598876953125,148011100
2020-09-04,346.1300048828125,347.8299865722656,334.8699951171875,342.57000732421875,318.97314453125,139156300
2020-09-08,336.7099914550781,342.6400146484375,332.8800048828125,333.2099914550781,310.2578125,114465300
2020-09-09,337.54998779296875,342.4599914550781,336.6099853515625,339.7900085449219,316.3846435546875,91462300
2020-09-10,341.82000732421875,342.5299987792969,332.8500061035156,333.8900146484375,310.8909912109375,90569500
2020-09-11,335.82000732421875,336.9700012207031,331.0,334.05999755859375,311.04925537109375,84680200
2020-09-14,337.489990234375,340.3800048828125,334.2200012207031,338.4599914550781,315.146240234375,65605700
2020-09-15,341.1199951171875,342.0199890136719,338.4700012207031,340.1700134277344,316.7384338378906,52920900
2020-09-16,341.510009765625,343.05999755859375,338.5199890136719,338.82000732421875,315.4814758300781,82096000
2020-09-17,333.55999755859375,337.70001220703125,332.989990234375,335.8399963378906,312.7066955566406,91523300
2020-09-18,335.3699951171875,335.489990234375,327.9700012207031,330.6499938964844,309.1065673828125,105877900
2020-09-21,325.70001220703125,327.1300048828125,321.7300109863281,326.9700012207031,305.6664733886719,99450800
2020-09-22,328.57000732421875,330.8999938964844,325.8599853515625,330.29998779296875,308.7794494628906,63612100
2020-09-23,330.8999938964844,331.20001220703125,322.1000061035156,322.6400146484375,301.6185302734375,93112200
2020-09-24,321.2200012207031,326.79998779296875,319.79998779296875,323.5,302.4224548339844,76681300
2020-09-25,322.5799865722656,329.5799865722656,321.6400146484375,328.7300109863281,307.3117370605469,71069400
2020-09-28,333.2200012207031,334.9599914550781,332.1499938964844,334.19000244140625,312.4158935546875,64584600
2020-09-29,333.9700012207031,334.7699890136719,331.6199951171875,332.3699951171875,310.7145690917969,51304000
2020-09-30,333.0899963378906,338.2900085449219,332.8800048828125,334.8900146484375,313.0704650878906,104081100
2020-10-01,337.69000244140625,338.739990234375,335.010009765625,337.0400085449219,315.0802307128906,88698700
2020-10-02,331.70001220703125,337.010009765625,331.19000244140625,333.8399963378906,312.0888366699219,89431100
2020-10-05,336.05999755859375,339.9599914550781,336.010009765625,339.760009765625,317.62310791015625,45713100
2020-10-06,339.9100036621094,342.1700134277344,334.3800048828125,334.92999267578125,313.1077880859375,90128900
2020-10-07,338.1199951171875,341.6300048828125,338.0899963378906,340.760009765625,318.55792236328125,56999600
2020-10-08,342.8500061035156,343.8500061035156,341.8599853515625,343.7799987792969,321.3812255859375,45242500
2020-10-09,345.55999755859375,347.3500061035156,344.8900146484375,346.8500061035156,324.25115966796875,59528600
2020-10-12,349.5899963378906,354.0199890136719,349.05999755859375,352.42999267578125,329.4675598144531,80388500
2020-10-13,352.2799987792969,352.4700012207031,349.0899963378906,350.1300048828125,327.3174133300781,73255500
2020-10-14,350.75,351.92999267578125,347.1400146484375,347.92999267578125,325.2607421875,57727900
2020-10-15,343.7099914550781,348.0199890136719,343.1300048828125,347.5,324.8587646484375,60357700
2020-10-16,348.9599914550781,350.75,347.1000061035156,347.2900085449219,324.6624450683594,89501900
2020-10-19,348.6499938964844,349.3299865722656,341.0400085449219,342.010009765625,319.7264099121094,68425600
2020-10-20,343.4599914550781,346.8800048828125,342.6400146484375,343.3800048828125,321.0071716308594,60051900
2020-10-21,343.3299865722656,345.6700134277344,342.3999938964844,342.7300109863281,320.3996276855469,63575000
2020-10-22,342.9599914550781,345.239990234375,340.6499938964844,344.6099853515625,322.1570129394531,55399300
2020-10-23,345.92999267578125,345.989990234375,343.1300048828125,345.7799987792969,323.2508239746094,49143900
2020-10-26,342.1300048828125,342.9800109863281,335.6199951171875,339.3900146484375,317.27716064453125,91473000
2020-10-27,339.760009765625,340.1199951171875,337.989990234375,338.2200012207031,316.1833801269531,65994100
2020-10-28,332.1000061035156,338.25,326.1300048828125,326.6600036621094,305.3766784667969,127094300
2020-10-29,326.9100036621094,333.3999938964844,325.0899963378906,329.9800109863281,308.48028564453125,90597700
2020-10-30,328.2799987792969,329.69000244140625,322.6000061035156,326.5400085449219,305.264404296875,120287300
2020-11-02,330.20001220703125,332.3599853515625,327.239990234375,330.20001220703125,308.6858825683594,86068300
2020-11-03,333.69000244140625,338.25,330.2900085449219,336.0299987792969,314.1361389160156,93294200
2020-11-04,340.8599853515625,347.94000244140625,339.5899963378906,343.5400085449219,321.1568603515625,126959700
2020-11-05,349.239990234375,352.19000244140625,348.8599853515625,350.239990234375,327.42022705078125,82039700
2020-11-06,349.92999267578125,351.510009765625,347.6499938964844,350.1600036621094,327.3454895019531,74973000
2020-11-09,363.9700012207031,364.3800048828125,354.05999755859375,354.55999755859375,331.45880126953125,172304200
2020-11-10,353.489990234375,355.17999267578125,350.510009765625,354.0400085449219,330.9726867675781,85552000
2020-11-11,356.3999938964844,357.55999755859375,355.05999755859375,356.6700134277344,333.43133544921875,58649000
2020-11-12,355.5799865722656,356.7200012207031,351.260009765625,353.2099914550781,330.19677734375,67546200
2020-11-13,355.2699890136719,358.8999938964844,354.7099914550781,358.1000061035156,334.7681579589844,62892200
2020-11-16,360.9800109863281,362.7799987792969,359.5899963378906,362.57000732421875,338.9468688964844,74541100
2020-11-17,359.9700012207031,361.9200134277344,358.3399963378906,360.6199951171875,337.1239318847656,66111000
2020-11-18,360.9100036621094,361.5,356.239990234375,356.2799987792969,333.0666809082031,70591300
2020-11-19,355.6000061035156,358.17999267578125,354.1499938964844,357.7799987792969,334.46893310546875,59940900
2020-11-20,357.5,357.7200012207031,355.25,355.3299865722656,332.1785888671875,70417300
2020-11-23,357.2799987792969,358.82000732421875,354.8699951171875,357.4599914550781,334.1698303222656,63230600
2020-11-24,360.2099914550781,363.80999755859375,359.2900085449219,363.2200012207031,339.5545349121094,62415900
2020-11-25,363.1300048828125,363.1600036621094,361.4800109863281,362.6600036621094,339.031005859375,45330900
2020-11-27,363.8399963378906,364.17999267578125,362.5799865722656,363.6700134277344,339.9752197265625,28514100
2020-11-30,362.8299865722656,363.1199951171875,359.1700134277344,362.05999755859375,338.47003173828125,83872700
2020-12-01,365.57000732421875,367.67999267578125,364.92999267578125,366.0199890136719,342.1720886230469,74231400
2020-12-02,364.82000732421875,366.9599914550781,364.20001220703125,366.7900085449219,342.8919982910156,45927000
2020-12-03,366.67999267578125,368.19000244140625,365.5,366.69000244140625,342.79852294921875,62882000
2020-12-04,367.32000732421875,369.8500061035156,367.2200012207031,369.8500061035156,345.75262451171875,50749900
2020-12-07,369.0199890136719,369.6199951171875,367.7200012207031,369.0899963378906,345.04205322265625,48944300
2020-12-08,367.7200012207031,370.7799987792969,367.6700134277344,370.1700134277344,346.0516662597656,42458900
2020-12-09,370.8800048828125,371.04998779296875,365.95001220703125,366.8500061035156,342.947998046875,74098300
2020-12-10,365.3699951171875,367.8599853515625,364.42999267578125,366.7300109863281,342.8358459472656,57735400
2020-12-11,364.8999938964844,366.739990234375,363.260009765625,366.29998779296875,342.4338684082031,57698600
2020-12-14,368.6400146484375,369.79998779296875,364.4700012207031,364.6600036621094,340.9007263183594,69216200
2020-12-15,367.3999938964844,369.5899963378906,365.9200134277344,369.5899963378906,345.509521484375,63865300
2020-12-16,369.82000732421875,371.1600036621094,368.8699951171875,370.1700134277344,346.0516662597656,58420500
2020-12-17,371.94000244140625,372.4599914550781,371.04998779296875,372.239990234375,347.9868469238281,64119500
2020-12-18,370.9700012207031,371.1499938964844,367.0199890136719,369.17999267578125,346.59735107421875,136542300
2020-12-21,364.9700012207031,378.4599914550781,362.0299987792969,367.8599853515625,345.35809326171875,96386700
2020-12-22,368.2099914550781,368.3299865722656,366.0299987792969,367.239990234375,344.7760009765625,47949000
2020-12-23,368.2799987792969,369.6199951171875,367.2200012207031,367.57000732421875,345.0858459472656,46201400
2020-12-24,368.0799865722656,369.0299987792969,367.45001220703125,369.0,346.4283752441406,26457900
2020-12-28,371.739990234375,372.5899963378906,371.07000732421875,372.1700134277344,349.4045104980469,39000400
2020-12-29,373.80999755859375,374.0,370.8299865722656,371.4599914550781,348.7379150390625,53680500
2020-12-30,372.3399963378906,373.1000061035156,371.57000732421875,371.989990234375,349.2355041503906,49455300
2020-12-31,371.7799987792969,374.6600036621094,371.2300109863281,373.8800048828125,351.00994873046875,78520700
2021-01-04,375.30999755859375,375.45001220703125,364.82000732421875,368.7900085449219,346.231201171875,110210800
2021-01-05,368.1000061035156,372.5,368.04998779296875,371.3299865722656,348.6158752441406,66426200
2021-01-06,369.7099914550781,376.9800109863281,369.1199951171875,373.54998779296875,350.70001220703125,107997700
2021-01-07,376.1000061035156,379.8999938964844,375.9100036621094,379.1000061035156,355.9106140136719,68766800
2021-01-08,380.5899963378906,381.489990234375,377.1000061035156,381.260009765625,357.93841552734375,71677200
2021-01-11,377.8500061035156,380.5799865722656,377.7200012207031,378.69000244140625,355.52569580078125,51034700
2021-01-12,378.8900146484375,379.8599853515625,376.3599853515625,378.7699890136719,355.6007385253906,52547700
2021-01-13,378.69000244140625,380.8599853515625,377.8500061035156,379.7900085449219,356.55841064453125,45303600
2021-01-14,380.5899963378906,381.1300048828125,378.1000061035156,378.4599914550781,355.30975341796875,49989100
2021-01-15,376.7200012207031,377.5799865722656,373.70001220703125,375.70001220703125,352.7185363769531,107160000
2021-01-19,378.3399963378906,379.2300109863281,376.75,378.6499938964844,355.4880676269531,51233300
2021-01-20,381.1099853515625,384.7900085449219,380.69000244140625,383.8900146484375,360.4075622558594,61836100
2021-01-21,384.489990234375,384.95001220703125,383.25,384.239990234375,360.73614501953125,47840100
2021-01-22,382.25,384.1300048828125,381.8399963378906,382.8800048828125,359.4593505859375,52860500
2021-01-25,383.6700134277344,384.7699890136719,378.4599914550781,384.3900146484375,360.876953125,70402000
2021-01-26,385.4100036621094,385.8500061035156,383.5400085449219,383.7900085449219,360.313720703125,42665300
2021-01-27,380.2200012207031,380.32000732421875,372.010009765625,374.4100036621094,351.5074768066406,123351100
2021-01-28,376.3599853515625,381.92999267578125,375.8900146484375,377.6300048828125,354.53045654296875,94198100
2021-01-29,375.6300048828125,376.6700134277344,368.2699890136719,370.07000732421875,347.4329833984375,126765100
2021-02-01,373.7200012207031,377.3399963378906,370.3800048828125,376.2300109863281,353.21612548828125,75817600
2021-02-02,379.6499938964844,383.2200012207031,376.32000732421875,381.54998779296875,358.2106628417969,64450700
2021-02-03,382.44000244140625,383.70001220703125,380.4800109863281,381.8500061035156,358.49237060546875,52427100
2021-02-04,382.9599914550781,386.239990234375,381.9700012207031,386.19000244140625,362.5668640136719,47142600
2021-02-05,388.20001220703125,388.4700012207031,386.1400146484375,387.7099914550781,363.9938659667969,48669800
2021-02-08,389.2699890136719,390.55999755859375,388.3500061035156,390.510009765625,366.6226501464844,38365200
2021-02-09,389.6099853515625,390.8900146484375,389.1700134277344,390.25,366.3785095214844,35551100
2021-02-10,392.1199951171875,392.2799987792969,387.5,390.0799865722656,366.2189636230469,59154400
2021-02-11,391.239990234375,391.69000244140625,388.1000061035156,390.7099914550781,366.81036376953125,42913300
2021-02-12,389.8500061035156,392.8999938964844,389.7699890136719,392.6400146484375,368.6222839355469,50593300
2021-02-16,393.9599914550781,394.1700134277344,391.5299987792969,392.29998779296875,368.30316162109375,50972400
2021-02-17,390.4200134277344,392.6600036621094,389.3299865722656,392.3900146484375,368.3876953125,52290600
2021-02-18,389.5899963378906,391.5199890136719,387.739990234375,390.7200012207031,366.8197021484375,59712800
2021-02-19,392.07000732421875,392.3800048828125,389.54998779296875,390.0299987792969,366.17193603515625,83241000
2021-02-22,387.05999755859375,389.6199951171875,386.739990234375,387.0299987792969,363.35546875,67414200
2021-02-23,384.6600036621094,388.95001220703125,380.20001220703125,387.5,363.7967529296875,107284100
2021-02-24,386.3299865722656,392.2300109863281,385.2699890136719,391.7699890136719,367.8055114746094,72433900
2021-02-25,390.4100036621094,391.8800048828125,380.7799987792969,382.3299865722656,358.9429931640625,146670500
2021-02-26,384.3500061035156,385.5799865722656,378.2300109863281,380.3599853515625,357.093505859375,152701600
2021-03-01,385.5899963378906,390.9200134277344,380.57000732421875,389.5799865722656,365.7495422363281,105348800
2021-03-02,389.82000732421875,390.07000732421875,386.0,386.5400085449219,362.8955078125,79595300
2021-03-03,385.7900085449219,386.8299865722656,381.30999755859375,381.4200134277344,358.08868408203125,119940200
2021-03-04,381.2200012207031,384.0,371.8800048828125,376.70001220703125,353.6573486328125,183433000
2021-03-05,380.4599914550781,384.760009765625,372.6400146484375,383.6300048828125,360.1634521484375,152039600
2021-03-08,384.6600036621094,387.67999267578125,381.4200134277344,381.7200012207031,358.3703308105469,123149200
2021-03-09,385.8500061035156,389.9100036621094,385.30999755859375,387.1700134277344,363.4869689941406,113633600
2021-03-10,389.69000244140625,391.3999938964844,388.1700134277344,389.5799865722656,365.7495422363281,109899400
2021-03-11,392.2300109863281,395.6499938964844,391.739990234375,393.5299987792969,369.45794677734375,86245000
2021-03-12,392.07000732421875,394.2099914550781,391.20001220703125,394.05999755859375,369.95538330078125,64653600
2021-03-15,394.3299865722656,396.69000244140625,392.0299987792969,396.4100036621094,372.1617736816406,73427200
2021-03-16,397.07000732421875,397.8299865722656,395.0799865722656,395.9100036621094,371.69232177734375,73722500
2021-03-17,394.5299987792969,398.1199951171875,393.29998779296875,397.260009765625,372.95977783203125,97959300
2021-03-18,394.4800109863281,396.7200012207031,390.75,391.4800109863281,367.5332946777344,115349100
2021-03-19,389.8800048828125,391.57000732421875,387.1499938964844,389.4800109863281,366.85321044921875,113624500
2021-03-22,390.0299987792969,394.07000732421875,389.9700012207031,392.5899963378906,369.7825927734375,73778600
2021-03-23,391.9100036621094,393.4599914550781,388.6600036621094,389.5,366.8720703125,90686600
2021-03-24,391.0,392.75,387.4700012207031,387.5199890136719,365.007080078125,97588600
2021-03-25,385.9800109863281,390.54998779296875,383.8999938964844,389.70001220703125,367.06048583984375,116128600
2021-03-26,390.92999267578125,396.4100036621094,390.2900085449219,395.9800109863281,372.97564697265625,114409100
2021-03-29,394.3999938964844,396.75,392.80999755859375,395.7799987792969,372.7872314453125,108107600
2021-03-30,394.4200134277344,395.45001220703125,393.0199890136719,394.7300109863281,371.7982177734375,76262200
2021-03-31,395.3399963378906,398.0,395.30999755859375,396.3299865722656,373.3052062988281,112734200
2021-04-01,398.3999938964844,400.6700134277344,398.17999267578125,400.6099853515625,377.336669921875,99682900
2021-04-05,403.4599914550781,406.94000244140625,403.3800048828125,406.3599853515625,382.75262451171875,91684800
2021-04-06,405.760009765625,407.239990234375,405.3999938964844,406.1199951171875,382.52655029296875,62021000
2021-04-07,405.94000244140625,406.9599914550781,405.45001220703125,406.5899963378906,382.96929931640625,55836300
2021-04-08,407.92999267578125,408.5799865722656,406.92999267578125,408.5199890136719,384.7870788574219,57863100
2021-04-09,408.3900146484375,411.6700134277344,408.260009765625,411.489990234375,387.5845947265625,61104600
2021-04-12,410.8500061035156,411.92999267578125,410.20001220703125,411.6400146484375,387.7258605957031,56704900
2021-04-13,411.5299987792969,413.5299987792969,411.1199951171875,412.8599853515625,388.8749694824219,56551000
2021-04-14,412.8299865722656,413.9599914550781,410.8699951171875,411.45001220703125,387.5469055175781,61659900
2021-04-15,413.739990234375,416.1600036621094,413.69000244140625,415.8699951171875,391.7101135253906,60229800
2021-04-16,417.25,417.9100036621094,415.7300109863281,417.260009765625,393.01934814453125,82037300
2021-04-19,416.260009765625,416.739990234375,413.7900085449219,415.2099914550781,391.0885009765625,78498500
2021-04-20,413.9100036621094,415.0899963378906,410.5899963378906,412.1700134277344,388.2250671386719,81851800
2021-04-21,411.510009765625,416.2900085449219,411.3599853515625,416.07000732421875,391.89849853515625,66793000
2021-04-22,415.8900146484375,416.7799987792969,411.1300048828125,412.2699890136719,388.3192138671875,97582800
2021-04-23,412.8699951171875,418.25,412.7900085449219,416.739990234375,392.5295715332031,73209200
2021-04-26,417.44000244140625,418.2200012207031,416.80999755859375,417.6099853515625,393.3489990234375,52182400
2021-04-27,417.92999267578125,418.1400146484375,416.29998779296875,417.5199890136719,393.2642822265625,51303100
2021-04-28,417.80999755859375,419.010009765625,416.8999938964844,417.3999938964844,393.15118408203125,51238900
2021-04-29,420.32000732421875,420.7200012207031,416.44000244140625,420.05999755859375,395.65673828125,78544300
2021-04-30,417.6300048828125,418.5400085449219,416.3399963378906,417.29998779296875,393.0570373535156,85527000
2021-05-03,419.42999267578125,419.8399963378906,417.6700134277344,418.20001220703125,393.90472412109375,68128300
2021-05-04,416.07000732421875,416.6000061035156,411.6700134277344,415.6199951171875,391.47467041015625,101591200
2021-05-05,417.3800048828125,417.6300048828125,415.1499938964844,415.75,391.5970764160156,60162200
2021-05-06,415.8299865722656,419.2099914550781,413.67999267578125,419.07000732421875,394.7242126464844,74321400
2021-05-07,419.8900146484375,422.82000732421875,419.1600036621094,422.1199951171875,397.59698486328125,67733800
2021-05-10,422.5,422.739990234375,417.80999755859375,417.94000244140625,393.65985107421875,81852400
2021-05-11,413.1000061035156,415.2699890136719,410.05999755859375,414.2099914550781,390.14654541015625,116888000
2021-05-12,411.2300109863281,412.5899963378906,404.0,405.4100036621094,381.8577880859375,134811000
2021-05-13,407.07000732421875,412.3500061035156,407.0199890136719,410.2799987792969,386.4448547363281,106394000
2021-05-14,413.2099914550781,417.489990234375,413.17999267578125,416.5799865722656,392.3788146972656,82201600
2021-05-17,415.3900146484375,416.3900146484375,413.3599853515625,415.5199890136719,391.38043212890625,65129200
2021-05-18,415.79998779296875,416.05999755859375,411.7699890136719,411.94000244140625,388.0084228515625,59810200
2021-05-19,406.9200134277344,411.04998779296875,405.3299865722656,410.8599853515625,386.9911804199219,106467100
2021-05-20,411.79998779296875,416.6300048828125,411.6700134277344,415.2799987792969,391.15435791015625,78022200
2021-05-21,416.8699951171875,418.20001220703125,414.45001220703125,414.94000244140625,390.8341369628906,76578700
2021-05-24,417.3399963378906,420.32000732421875,417.0799865722656,419.1700134277344,394.818359375,51376700
2021-05-25,420.3299865722656,420.7099914550781,417.6199951171875,418.239990234375,393.9423828125,57451400
2021-05-26,418.8699951171875,419.6099853515625,417.760009765625,419.07000732421875,394.7242126464844,43088600
2021-05-27,420.1700134277344,420.7200012207031,418.989990234375,419.2900085449219,394.9314270019531,56707700
2021-05-28,420.9700012207031,421.25,419.7900085449219,420.0400085449219,395.6379089355469,58520200
2021-06-01,422.57000732421875,422.7200012207031,419.20001220703125,419.6700134277344,395.28936767578125,54216600
2021-06-02,420.3699951171875,421.2300109863281,419.2900085449219,420.3299865722656,395.91107177734375,49097100
2021-06-03,417.8500061035156,419.989990234375,416.2799987792969,418.7699890136719,394.4416809082031,58138800
2021-06-04,420.75,422.9200134277344,418.8399963378906,422.6000061035156,398.04913330078125,55938800
2021-06-07,422.5899963378906,422.7799987792969,421.19000244140625,422.19000244140625,397.6629333496094,51555000
2021-06-08,423.1099853515625,423.2099914550781,420.32000732421875,422.2799987792969,397.7477111816406,47134300
2021-06-09,423.17999267578125,423.260009765625,421.4100036621094,421.6499938964844,397.1543273925781,48436300
2021-06-10,422.9599914550781,424.6300048828125,421.54998779296875,423.6099853515625,399.0004577636719,51020100
2021-06-11,424.20001220703125,424.42999267578125,422.82000732421875,424.30999755859375,399.6598205566406,45570800
2021-06-14,424.42999267578125,425.3699951171875,423.1000061035156,425.260009765625,400.5545349121094,42358500
2021-06-15,425.4200134277344,425.4599914550781,423.5400085449219,424.4800109863281,399.81988525390625,51508500
2021-06-16,424.6300048828125,424.8699951171875,419.9200134277344,422.1099853515625,397.58758544921875,80386100
2021-06-17,421.6700134277344,423.0199890136719,419.32000732421875,421.9700012207031,397.4557800292969,90949700
2021-06-18,417.0899963378906,417.8299865722656,414.70001220703125,414.9200134277344,392.0939025878906,118676300
2021-06-21,416.79998779296875,421.05999755859375,415.92999267578125,420.8599853515625,397.70709228515625,72822000
2021-06-22,420.8500061035156,424.0,420.0799865722656,423.1099853515625,399.83331298828125,57700300
2021-06-23,423.19000244140625,424.04998779296875,422.510009765625,422.6000061035156,399.3514099121094,49445400
2021-06-24,424.8900146484375,425.54998779296875,424.6199951171875,425.1000061035156,401.7138366699219,45110300
2021-06-25,425.8999938964844,427.0899963378906,425.54998779296875,426.6099853515625,403.1407775878906,58129500
2021-06-28,427.1700134277344,427.6499938964844,425.8900146484375,427.4700012207031,403.9535217285156,53159600
2021-06-29,427.8800048828125,428.55999755859375,427.1300048828125,427.70001220703125,404.17083740234375,35970500
2021-06-30,427.2099914550781,428.7799987792969,427.17999267578125,428.05999755859375,404.510986328125,64827900
2021-07-01,428.8699951171875,430.6000061035156,428.79998779296875,430.42999267578125,406.7506408691406,53441000
2021-07-02,431.6700134277344,434.1000061035156,430.5199890136719,433.7200012207031,409.859619140625,57697700
2021-07-06,433.7799987792969,434.010009765625,430.010009765625,432.92999267578125,409.1131286621094,68710400
2021-07-07,433.6600036621094,434.760009765625,431.510009765625,434.4599914550781,410.5589294433594,63549500
2021-07-08,428.7799987792969,431.7300109863281,427.5199890136719,430.9200134277344,407.2137145996094,97595200
2021-07-09,432.5299987792969,435.8399963378906,430.7099914550781,435.5199890136719,411.56060791015625,76238600
2021-07-12,435.42999267578125,437.3500061035156,434.9700012207031,437.0799865722656,413.0347900390625,52889600
2021-07-13,436.239990234375,437.8399963378906,435.30999755859375,435.5899963378906,411.6267395019531,52911300
2021-07-14,437.3999938964844,437.9200134277344,434.9100036621094,436.239990234375,412.2410888671875,64130400
2021-07-15,434.80999755859375,435.5299987792969,432.7200012207031,434.75,410.8329162597656,55126400
2021-07-16,436.010009765625,436.05999755859375,430.9200134277344,431.3399963378906,407.61053466796875,75874700
2021-07-19,426.19000244140625,431.4100036621094,421.9700012207031,424.9700012207031,401.59100341796875,147987000
2021-07-20,425.67999267578125,432.4200134277344,424.8299865722656,431.05999755859375,407.34600830078125,99608200
2021-07-21,432.3399963378906,434.70001220703125,431.010009765625,434.54998779296875,410.64398193359375,64724400
2021-07-22,434.739990234375,435.7200012207031,433.69000244140625,435.4599914550781,411.5039367675781,47878500
2021-07-23,437.5199890136719,440.29998779296875,436.7900085449219,439.94000244140625,415.7374572753906,63766600
2021-07-26,439.30999755859375,441.0299987792969,439.260009765625,441.0199890136719,416.7580261230469,43719200
2021-07-27,439.9100036621094,439.94000244140625,435.989990234375,439.010009765625,414.858642578125,67397100
2021-07-28,439.67999267578125,440.29998779296875,437.30999755859375,438.8299865722656,414.6885070800781,52472400
2021-07-29,439.82000732421875,441.79998779296875,439.80999755859375,440.6499938964844,416.4084167480469,47435300
2021-07-30,437.9100036621094,440.05999755859375,437.7699890136719,438.510009765625,414.3861389160156,68951200
2021-08-02,440.3399963378906,440.92999267578125,437.2099914550781,437.5899963378906,413.5167541503906,58783300
2021-08-03,438.44000244140625,441.2799987792969,436.1000061035156,441.1499938964844,416.8809509277344,58053900
2021-08-04,439.7799987792969,441.1199951171875,438.7300109863281,438.9800109863281,414.8302917480469,46732200
2021-08-05,440.2200012207031,441.8500061035156,439.8800048828125,441.760009765625,417.45733642578125,38969700
2021-08-06,442.1000061035156,442.94000244140625,441.79998779296875,442.489990234375,418.1470642089844,46930000
2021-08-09,442.4599914550781,442.79998779296875,441.30999755859375,442.1300048828125,417.8069763183594,41222600
2021-08-10,442.6099853515625,443.44000244140625,441.8800048828125,442.67999267578125,418.32666015625,43339300
2021-08-11,443.82000732421875,443.8800048828125,442.6199951171875,443.7799987792969,419.3662414550781,44034300
2021-08-12,443.6199951171875,445.260009765625,442.6600036621094,445.1099853515625,420.6230163574219,38909400
2021-08-13,445.5899963378906,445.94000244140625,445.07000732421875,445.9200134277344,421.388427734375,39470300
2021-08-16,444.5299987792969,447.1099853515625,442.8699951171875,446.9700012207031,422.3807373046875,73740000
2021-08-17,444.239990234375,444.9599914550781,440.8500061035156,444.0400085449219,419.61187744140625,92673900
2021-08-18,442.9599914550781,444.6300048828125,438.9200134277344,439.17999267578125,415.01922607421875,89351900
2021-08-19,436.2699890136719,441.1400146484375,436.1199951171875,439.8599853515625,415.6618347167969,92812200
2021-08-20,440.2300109863281,443.7099914550781,439.7099914550781,443.3599853515625,418.96929931640625,72008700
2021-08-23,445.1600036621094,448.2300109863281,443.44000244140625,447.260009765625,422.65478515625,54973000
2021-08-24,447.9700012207031,448.5400085449219,447.4200134277344,447.9700012207031,423.32562255859375,38744700
2021-08-25,448.1700134277344,449.4599914550781,447.7699890136719,448.9100036621094,424.2140197753906,40529700
2021-08-26,448.6099853515625,448.8599853515625,446.1600036621094,446.260009765625,421.70977783203125,57829600
2021-08-27,447.1199951171875,450.6499938964844,447.05999755859375,450.25,425.48028564453125,77235100
2021-08-30,450.9700012207031,453.07000732421875,450.7099914550781,452.2300109863281,427.351318359375,48357400
2021-08-31,452.1300048828125,452.489990234375,450.9200134277344,451.55999755859375,426.71820068359375,59300200
2021-09-01,452.55999755859375,453.1099853515625,451.54998779296875,451.79998779296875,426.9450378417969,48721400
2021-09-02,453.32000732421875,454.04998779296875,451.9100036621094,453.19000244140625,428.2585144042969,42501000
2021-09-03,451.9800109863281,453.6300048828125,451.54998779296875,453.0799865722656,428.154541015625,47170500
2021-09-07,452.7099914550781,452.80999755859375,450.739990234375,451.4599914550781,426.6236572265625,51671500
2021-09-08,450.8900146484375,451.6700134277344,448.8599853515625,450.9100036621094,426.10400390625,56181900
2021-09-09,450.70001220703125,452.57000732421875,448.7200012207031,448.9800109863281,424.2801208496094,57970400
2021-09-10,451.0400085449219,451.489990234375,445.30999755859375,445.44000244140625,420.9349060058594,89948200
2021-09-13,448.6400146484375,448.9200134277344,444.1099853515625,446.5799865722656,422.0121765136719,83738600
2021-09-14,448.1199951171875,448.3399963378906,443.2200012207031,444.1700134277344,419.73480224609375,78197100
2021-09-15,444.6199951171875,448.4100036621094,443.44000244140625,447.8800048828125,423.24066162109375,78792200
2021-09-16,447.32000732421875,448.3599853515625,444.0199890136719,447.1700134277344,422.5696716308594,77786700
2021-09-17,444.9200134277344,445.3699951171875,441.0199890136719,441.3999938964844,418.453369140625,118425000
2021-09-20,434.8800048828125,436.55999755859375,428.8599853515625,434.0400085449219,411.47607421875,166445500
2021-09-21,436.5299987792969,437.9100036621094,433.07000732421875,433.6300048828125,411.08734130859375,92526100
2021-09-22,436.04998779296875,440.0299987792969,433.75,437.8599853515625,415.0975036621094,102350100
2021-09-23,439.8500061035156,444.8900146484375,439.6000061035156,443.17999267578125,420.14093017578125,76396000
2021-09-24,441.44000244140625,444.6700134277344,441.2099914550781,443.9100036621094,420.8329772949219,62094800
2021-09-27,442.80999755859375,444.04998779296875,441.8999938964844,442.6400146484375,419.62896728515625,61371100
2021-09-28,439.69000244140625,440.0400085449219,432.94000244140625,433.7200012207031,411.17266845703125,130436300
2021-09-29,435.19000244140625,437.0400085449219,433.8500061035156,434.45001220703125,411.86480712890625,82329200
2021-09-30,436.0199890136719,436.7699890136719,428.7799987792969,429.1400146484375,406.8307800292969,140506000
2021-10-01,430.9800109863281,436.0299987792969,427.2300109863281,434.239990234375,411.6656799316406,129240100
2021-10-04,433.0,433.9599914550781,426.3599853515625,428.6400146484375,406.3568420410156,128570000
2021-10-05,430.239990234375,435.489990234375,429.3900146484375,433.1000061035156,410.5849609375,90682500
2021-10-06,429.2699890136719,435.1199951171875,427.5400085449219,434.8999938964844,412.2913513183594,113032200
2021-10-07,438.3900146484375,441.67999267578125,438.20001220703125,438.6600036621094,415.8558654785156,72437500
2021-10-08,439.4800109863281,439.8900146484375,437.19000244140625,437.8599853515625,415.0975036621094,74557400
2021-10-11,437.1600036621094,440.260009765625,434.6199951171875,434.69000244140625,412.09228515625,65233300
2021-10-12,435.6700134277344,436.1000061035156,432.7799987792969,433.6199951171875,411.077880859375,71181200
2021-10-13,434.7099914550781,436.04998779296875,431.5400085449219,435.17999267578125,412.5567626953125,72974000
2021-10-14,439.0799865722656,442.6600036621094,438.5799865722656,442.5,419.4962158203125,70236800
2021-10-15,444.75,446.260009765625,444.0899963378906,445.8699951171875,422.6910705566406,66260200
2021-10-18,443.9700012207031,447.54998779296875,443.2699890136719,447.19000244140625,423.94244384765625,62213200
2021-10-19,448.9200134277344,450.7099914550781,448.2699890136719,450.6400146484375,427.21307373046875,46996800
2021-10-20,451.1300048828125,452.7300109863281,451.010009765625,452.4100036621094,428.89111328125,49571600
2021-10-21,451.7699890136719,453.8299865722656,451.30999755859375,453.5899963378906,430.0097961425781,41305400
2021-10-22,453.1300048828125,454.6700134277344,451.04998779296875,453.1199951171875,429.5641784667969,58845100
2021-10-25,454.2799987792969,455.8999938964844,452.3900146484375,455.54998779296875,431.8678283691406,45214500
2021-10-26,457.20001220703125,458.489990234375,455.55999755859375,455.9599914550781,432.2564697265625,56075100
2021-10-27,456.45001220703125,457.1600036621094,453.8599853515625,453.94000244140625,430.341552734375,72438000
2021-10-28,455.4599914550781,458.3999938964844,455.45001220703125,458.32000732421875,434.4938659667969,51437900
2021-10-29,455.8699951171875,459.55999755859375,455.55999755859375,459.25,435.3755187988281,70162400
2021-11-01,460.29998779296875,460.70001220703125,458.20001220703125,460.0400085449219,436.1244201660156,48433600
2021-11-02,460.2200012207031,462.2300109863281,460.0799865722656,461.8999938964844,437.8877258300781,48908400
2021-11-03,461.29998779296875,465.1499938964844,460.8299865722656,464.7200012207031,440.5610656738281,52509800
2021-11-04,465.3599853515625,467.0,464.989990234375,466.9100036621094,442.63726806640625,52847100
2021-11-05,469.2799987792969,470.6499938964844,466.9200134277344,468.5299987792969,444.1730651855469,66390600
2021-11-08,469.70001220703125,470.2300109863281,468.20001220703125,468.92999267578125,444.5522766113281,50405200
2021-11-09,469.32000732421875,469.57000732421875,465.8800048828125,467.3800048828125,443.0828552246094,51149100
2021-11-10,465.5799865722656,467.3800048828125,462.0400085449219,463.6199951171875,439.5182800292969,69429700
2021-11-11,465.2099914550781,465.2900085449219,463.75,463.7699890136719,439.6605529785156,34848500
2021-11-12,465.1199951171875,467.8599853515625,464.1099853515625,467.2699890136719,442.978515625,53466700
2021-11-15,468.6400146484375,468.80999755859375,466.2300109863281,467.42999267578125,443.1302795410156,46980500
2021-11-16,467.1499938964844,470.489990234375,467.07000732421875,469.2799987792969,444.88409423828125,48857500
2021-11-17,469.0,469.19000244140625,467.4800109863281,468.1400146484375,443.8033447265625,47858300
2021-11-18,469.239990234375,470.010009765625,466.3399963378906,469.7300109863281,445.31072998046875,50625600
2021-11-19,469.6099853515625,470.94000244140625,468.5,468.8900146484375,444.5143737792969,57315600
2021-11-22,470.8900146484375,473.5400085449219,467.3500061035156,467.57000732421875,443.2630310058594,72762000
2021-11-23,467.2200012207031,469.1000061035156,464.45001220703125,468.19000244140625,443.8507385253906,73206500
2021-11-24,466.05999755859375,469.57000732421875,465.19000244140625,469.44000244140625,445.0357666015625,61858800
2021-11-26,462.3399963378906,463.8999938964844,457.7699890136719,458.9700012207031,435.11004638671875,112669600
2021-11-29,464.07000732421875,466.55999755859375,461.7300109863281,464.6000061035156,440.4473876953125,86268800
2021-11-30,462.0,464.0299987792969,455.29998779296875,455.55999755859375,431.8773193359375,148559600
2021-12-01,461.6400146484375,464.6700134277344,450.2900085449219,450.5,427.08038330078125,131939200
2021-12-02,450.7300109863281,459.07000732421875,450.30999755859375,457.3999938964844,433.6217041015625,127637800
2021-12-03,459.1700134277344,460.29998779296875,448.9200134277344,453.4200134277344,429.8486022949219,137331600
2021-12-06,456.1300048828125,460.7900085449219,453.55999755859375,458.7900085449219,434.939453125,98977500
2021-12-07,464.4100036621094,468.8800048828125,458.6499938964844,468.2799987792969,443.9360656738281,95484700
2021-12-08,468.70001220703125,470.0,466.8299865722656,469.5199890136719,445.1115417480469,72238800
2021-12-09,468.1499938964844,469.6300048828125,466.1400146484375,466.3500061035156,442.1063537597656,61272600
2021-12-10,469.2300109863281,470.8999938964844,466.510009765625,470.739990234375,446.26812744140625,77159800
2021-12-13,470.19000244140625,470.55999755859375,466.2699890136719,466.57000732421875,442.3149719238281,87724700
2021-12-14,463.0899963378906,465.739990234375,460.25,463.3599853515625,439.27178955078125,97264100
2021-12-15,463.4200134277344,470.8599853515625,460.739990234375,470.6000061035156,446.1354675292969,116899300
2021-12-16,472.57000732421875,472.8699951171875,464.79998779296875,466.45001220703125,442.2012023925781,116568600
2021-12-17,461.54998779296875,464.739990234375,458.05999755859375,459.8699951171875,437.4948425292969,135511600
2021-12-20,454.4800109863281,455.3999938964844,451.1400146484375,454.9800109863281,432.8428649902344,107134800
2021-12-21,458.6099853515625,463.2099914550781,456.30999755859375,463.05999755859375,440.52972412109375,69806300
2021-12-22,462.7900085449219,467.80999755859375,462.5799865722656,467.69000244140625,444.9344177246094,58890200
2021-12-23,468.75,472.19000244140625,468.6400146484375,470.6000061035156,447.7027893066406,56439700
2021-12-27,472.05999755859375,477.30999755859375,472.010009765625,477.260009765625,454.0387878417969,56808600
2021-12-28,477.7200012207031,478.80999755859375,476.05999755859375,476.8699951171875,453.66778564453125,47274600
2021-12-29,476.9800109863281,478.55999755859375,475.9200134277344,477.4800109863281,454.24810791015625,54503000
2021-12-30,477.92999267578125,479.0,475.6700134277344,476.1600036621094,452.9923095703125,55329000
2021-12-31,475.6400146484375,476.8599853515625,474.6700134277344,474.9599914550781,451.8506774902344,65237400
2022-01-03,476.29998779296875,477.8500061035156,473.8500061035156,477.7099914550781,454.4669189453125,72668200
2022-01-04,479.2200012207031,479.9800109863281,475.5799865722656,477.54998779296875,454.31463623046875,71178700
2022-01-05,477.1600036621094,477.9800109863281,468.2799987792969,468.3800048828125,445.5908203125,104538900
2022-01-06,467.8900146484375,470.82000732421875,465.42999267578125,467.94000244140625,445.17230224609375,86858900
2022-01-07,467.95001220703125,469.20001220703125,464.6499938964844,466.0899963378906,443.412353515625,85111600
2022-01-10,462.70001220703125,465.739990234375,456.6000061035156,465.510009765625,442.8605041503906,119362000
2022-01-11,465.2300109863281,469.8500061035156,462.04998779296875,469.75,446.89422607421875,74303100
2022-01-12,471.5899963378906,473.20001220703125,468.94000244140625,471.0199890136719,448.1024169921875,67605400
2022-01-13,472.19000244140625,472.8800048828125,463.44000244140625,464.5299987792969,441.9280700683594,91173100
2022-01-14,461.19000244140625,465.0899963378906,459.8999938964844,464.7200012207031,442.10894775390625,95890900
2022-01-18,459.739990234375,459.9599914550781,455.30999755859375,456.489990234375,434.2793884277344,109709100
2022-01-19,458.1300048828125,459.6099853515625,451.4599914550781,451.75,429.7699890136719,109357600
2022-01-20,453.75,458.739990234375,444.5,446.75,425.0132751464844,122379700
2022-01-21,445.55999755859375,448.05999755859375,437.95001220703125,437.9800109863281,416.66998291015625,202271200
2022-01-24,432.0299987792969,440.3800048828125,420.760009765625,439.8399963378906,418.439453125,251783900
2022-01-25,433.05999755859375,439.7200012207031,427.1499938964844,434.4700012207031,413.3307189941406,167997300
2022-01-26,440.7200012207031,444.0400085449219,428.8599853515625,433.3800048828125,412.2937927246094,186391100
2022-01-27,438.260009765625,441.5899963378906,429.45001220703125,431.239990234375,410.25787353515625,149878300
2022-01-28,432.67999267578125,442.0,427.82000732421875,441.95001220703125,420.4468078613281,164457400
2022-01-31,441.239990234375,450.2799987792969,439.80999755859375,449.9100036621094,428.0195007324219,152251400
2022-02-01,450.67999267578125,453.6300048828125,446.94000244140625,452.95001220703125,430.91162109375,123155400
2022-02-02,455.5,458.1199951171875,453.04998779296875,457.3500061035156,435.09747314453125,117361000
2022-02-03,450.95001220703125,452.9700012207031,445.7099914550781,446.6000061035156,424.87060546875,118024400
2022-02-04,446.3500061035156,452.7799987792969,443.8299865722656,448.70001220703125,426.86834716796875,118454400
2022-02-07,449.510009765625,450.989990234375,445.8500061035156,447.260009765625,425.4984130859375,84472900
2022-02-08,446.7300109863281,451.9200134277344,445.2200012207031,450.94000244140625,428.9994201660156,81012000
2022-02-09,455.2200012207031,457.8800048828125,455.010009765625,457.5400085449219,435.2782287597656,92589900
2022-02-10,451.3399963378906,457.7099914550781,447.20001220703125,449.32000732421875,427.458251953125,140103700
2022-02-11,449.4100036621094,451.6099853515625,438.94000244140625,440.4599914550781,419.029296875,153214600
2022-02-14,439.9200134277344,441.6000061035156,435.3399963378906,439.0199890136719,417.6593322753906,123006300
2022-02-15,443.7300109863281,446.2799987792969,443.17999267578125,446.1000061035156,424.3948669433594,88482700
2022-02-16,443.92999267578125,448.05999755859375,441.94000244140625,446.6000061035156,424.87060546875,84863600
2022-02-17,443.2200012207031,446.57000732421875,436.4200134277344,437.05999755859375,415.79473876953125,102259100
2022-02-18,437.3299865722656,438.6600036621094,431.82000732421875,434.2300109863281,413.1024169921875,132642900
2022-02-22,431.8900146484375,435.5,425.8599853515625,429.57000732421875,408.669189453125,124391800
2022-02-23,432.6600036621094,433.260009765625,421.3500061035156,421.95001220703125,401.4199523925781,132578000
2022-02-24,411.0199890136719,428.760009765625,410.6400146484375,428.29998779296875,407.46099853515625,213942900
2022-02-25,429.6099853515625,437.8399963378906,427.8599853515625,437.75,416.451171875,121804500
2022-02-28,432.0299987792969,438.20001220703125,430.70001220703125,436.6300048828125,415.3855895996094,145615000
2022-03-01,435.0400085449219,437.1700134277344,427.1099853515625,429.9800109863281,409.05926513671875,137785900
2022-03-02,432.3699951171875,439.7200012207031,431.57000732421875,437.8900146484375,416.5843811035156,117726500
2022-03-03,440.4700012207031,441.1099853515625,433.79998779296875,435.7099914550781,414.5103759765625,105501700
2022-03-04,431.75,433.3699951171875,427.8800048828125,432.1700134277344,411.1427001953125,113978200
2022-03-07,431.54998779296875,432.29998779296875,419.3599853515625,419.42999267578125,399.0224914550781,137896600
2022-03-08,419.6199951171875,427.2099914550781,415.1199951171875,416.25,395.9972839355469,164772700
2022-03-09,425.1400146484375,429.510009765625,422.82000732421875,427.4100036621094,406.6142883300781,116990800
2022-03-10,422.5199890136719,426.42999267578125,420.44000244140625,425.4800109863281,404.77813720703125,93972700
2022-03-11,428.1199951171875,428.7699890136719,419.5299987792969,420.07000732421875,399.6314392089844,95636300
2022-03-14,420.8900146484375,424.54998779296875,415.7900085449219,417.0,396.71075439453125,95729200
2022-03-15,419.7699890136719,426.8399963378906,418.4200134277344,426.1700134277344,405.4346008300781,106219100
2022-03-16,429.8900146484375,435.67999267578125,424.79998779296875,435.6199951171875,414.42486572265625,144954800
2022-03-17,433.5899963378906,441.07000732421875,433.19000244140625,441.07000732421875,419.6096496582031,102676900
2022-03-18,438.0,444.8599853515625,437.2200012207031,444.5199890136719,424.2055358886719,106345500
2022-03-21,444.3399963378906,446.4599914550781,440.67999267578125,444.3900146484375,424.0815124511719,88349800
2022-03-22,445.8599853515625,450.5799865722656,445.8599853515625,449.5899963378906,429.0438537597656,74650400
2022-03-23,446.9100036621094,448.489990234375,443.7099914550781,443.79998779296875,423.5184020996094,79426100
2022-03-24,445.94000244140625,450.5,444.760009765625,450.489990234375,429.9027099609375,64736900
2022-03-25,451.1600036621094,452.9800109863281,448.42999267578125,452.69000244140625,432.00213623046875,77101300
2022-03-28,452.05999755859375,455.9100036621094,450.05999755859375,455.9100036621094,435.0749816894531,68529800
2022-03-29,460.0199890136719,462.07000732421875,457.17999267578125,461.54998779296875,440.4572448730469,86581500
2022-03-30,460.3399963378906,461.20001220703125,456.4700012207031,458.70001220703125,437.737548828125,79666900
2022-03-31,457.8900146484375,458.760009765625,451.1600036621094,451.6400146484375,431.00018310546875,121699900
2022-04-01,453.30999755859375,453.4599914550781,449.1400146484375,452.9200134277344,432.2217102050781,89048800
2022-04-04,453.1300048828125,456.9100036621094,452.260009765625,456.79998779296875,435.92431640625,59601000
2022-04-05,455.2200012207031,457.8299865722656,449.82000732421875,451.0299987792969,430.4179992675781,74214500
2022-04-06,446.8900146484375,448.92999267578125,443.4700012207031,446.5199890136719,426.1141662597656,106898000
2022-04-07,445.5899963378906,450.69000244140625,443.5299987792969,448.7699890136719,428.2613220214844,78097200
2022-04-08,447.9700012207031,450.6300048828125,445.94000244140625,447.57000732421875,427.1161804199219,79272700
2022-04-11,444.1099853515625,445.0,439.3900146484375,439.9200134277344,419.8157958984375,89770500
2022-04-12,443.0799865722656,445.75,436.6499938964844,438.2900085449219,418.26031494140625,84363600
2022-04-13,438.0299987792969,444.1099853515625,437.8399963378906,443.30999755859375,423.0508117675781,74070400
2022-04-14,443.54998779296875,444.7300109863281,437.67999267578125,437.7900085449219,417.7831115722656,97869500
2022-04-18,436.80999755859375,439.75,435.6099853515625,437.9700012207031,417.95489501953125,66002500
2022-04-19,437.8599853515625,445.79998779296875,437.67999267578125,445.0400085449219,424.7017517089844,77821000
2022-04-20,446.9200134277344,447.57000732421875,443.4800109863281,444.7099914550781,424.38677978515625,65224400
2022-04-21,448.5400085449219,450.010009765625,437.1000061035156,438.05999755859375,418.0407409667969,85417300
2022-04-22,436.9100036621094,438.0799865722656,425.44000244140625,426.0400085449219,406.570068359375,132471800
2022-04-25,423.6700134277344,428.69000244140625,418.8399963378906,428.510009765625,408.9271240234375,119647700
2022-04-26,425.8299865722656,426.0400085449219,416.07000732421875,416.1000061035156,397.0842590332031,103996300
2022-04-27,417.239990234375,422.9200134277344,415.010009765625,417.2699890136719,398.2008056640625,122030000
2022-04-28,422.2900085449219,429.6400146484375,417.6000061035156,427.80999755859375,408.2591857910156,105449100
2022-04-29,423.5899963378906,425.8699951171875,411.2099914550781,412.0,393.1717224121094,145491100
2022-05-02,412.07000732421875,415.9200134277344,405.0199890136719,414.4800109863281,395.5384216308594,158312500
2022-05-03,415.010009765625,418.92999267578125,413.3599853515625,416.3800048828125,397.35150146484375,100028200
2022-05-04,417.0799865722656,429.6600036621094,413.7099914550781,429.05999755859375,409.4519958496094,144247900
2022-05-05,424.54998779296875,425.0,409.44000244140625,413.80999755859375,394.89898681640625,172929100
2022-05-06,411.1000061035156,414.79998779296875,405.7300109863281,411.3399963378906,392.5418701171875,151770800
2022-05-09,405.1000061035156,406.4100036621094,396.5,398.1700134277344,379.97369384765625,155586100
2022-05-10,404.489990234375,406.0799865722656,394.82000732421875,399.0899963378906,380.8516540527344,132497200
2022-05-11,398.07000732421875,404.0400085449219,391.9599914550781,392.75,374.8014221191406,142361000
2022-05-12,389.3699951171875,395.79998779296875,385.1499938964844,392.3399963378906,374.41015625,125090800
2022-05-13,396.7099914550781,403.17999267578125,395.6099853515625,401.7200012207031,383.3615417480469,104174400
2022-05-16,399.9800109863281,403.9700012207031,397.6000061035156,400.0899963378906,381.8060302734375,78622400
2022-05-17,406.5299987792969,408.57000732421875,402.5799865722656,408.32000732421875,389.6598815917969,83029700
2022-05-18,403.5,403.79998779296875,390.54998779296875,391.8599853515625,373.9519958496094,117674500
2022-05-19,388.6199951171875,394.1400146484375,387.1099853515625,389.4599914550781,371.6617736816406,98510700
2022-05-20,393.25,397.0299987792969,380.5400085449219,389.6300048828125,371.8240051269531,131432200
2022-05-23,392.8299865722656,397.7300109863281,390.3800048828125,396.9200134277344,378.7808532714844,76414900
2022-05-24,392.55999755859375,395.1499938964844,386.9599914550781,393.8900146484375,375.88934326171875,91448800
2022-05-25,392.30999755859375,399.45001220703125,391.8900146484375,397.3699951171875,379.2102966308594,91472900
2022-05-26,398.6700134277344,407.0400085449219,398.45001220703125,405.30999755859375,386.78741455078125,82168300
2022-05-27,407.9100036621094,415.3800048828125,407.70001220703125,415.260009765625,396.28271484375,84768700
2022-05-31,413.54998779296875,416.4599914550781,410.0299987792969,412.92999267578125,394.05914306640625,95937000
2022-06-01,415.1700134277344,416.239990234375,406.92999267578125,409.5899963378906,390.871826171875,86585800
2022-06-02,409.4200134277344,417.44000244140625,407.0400085449219,417.3900146484375,398.3153991699219,79609600
2022-06-03,412.3999938964844,414.0400085449219,409.510009765625,410.5400085449219,391.7784118652344,71874300
2022-06-06,414.7799987792969,416.6099853515625,410.54998779296875,411.7900085449219,392.9713134765625,57508900
2022-06-07,408.1000061035156,416.2200012207031,407.6099853515625,415.739990234375,396.74078369140625,59272400
2022-06-08,413.92999267578125,415.82000732421875,410.3800048828125,411.2200012207031,392.42730712890625,64350000
2022-06-09,409.3399963378906,411.739990234375,401.44000244140625,401.44000244140625,383.09429931640625,86289800
2022-06-10,394.8800048828125,395.7799987792969,389.75,389.79998779296875,371.9862365722656,132893900
2022-06-13,379.8500061035156,381.80999755859375,373.29998779296875,375.0,357.86260986328125,170004900
2022-06-14,376.8500061035156,377.94000244140625,370.5899963378906,373.8699951171875,356.7842102050781,104011800
2022-06-15,377.3599853515625,383.8999938964844,372.1199951171875,379.20001220703125,361.8706970214844,125666800
2022-06-16,370.510009765625,370.94000244140625,364.0799865722656,366.6499938964844,349.8941955566406,134473300
2022-06-17,365.510009765625,369.3800048828125,362.1700134277344,365.8599853515625,350.6484375,111113900
2022-06-21,371.8900146484375,376.5299987792969,371.80999755859375,375.07000732421875,359.4754943847656,76811900
2022-06-22,370.6199951171875,378.7200012207031,370.17999267578125,374.3900146484375,358.8238525390625,90059400
2022-06-23,376.6400146484375,378.8299865722656,372.8900146484375,378.05999755859375,362.3412170410156,79292100
2022-06-24,381.3999938964844,390.0899963378906,381.3699951171875,390.0799865722656,373.8614196777344,98050300
2022-06-27,391.04998779296875,391.3599853515625,387.44000244140625,388.5899963378906,372.4333801269531,66009600
2022-06-28,390.2300109863281,393.1600036621094,380.5299987792969,380.6499938964844,364.82354736328125,86548900
2022-06-29,381.2300109863281,382.2699890136719,378.4200134277344,380.3399963378906,364.5263977050781,65676000
2022-06-30,376.239990234375,380.6600036621094,372.55999755859375,377.25,361.56488037109375,112508300
2022-07-01,376.55999755859375,381.70001220703125,373.79998779296875,381.239990234375,365.3890075683594,74839700
2022-07-05,375.8800048828125,381.9800109863281,372.8999938964844,381.9599914550781,366.07904052734375,81438000
2022-07-06,382.1099853515625,385.8699951171875,379.6000061035156,383.25,367.3154296875,70426200
2022-07-07,385.1199951171875,389.8299865722656,383.2699890136719,388.989990234375,372.8167419433594,64525900
2022-07-08,387.2699890136719,390.6400146484375,385.6600036621094,388.6700134277344,372.5101013183594,72397800
2022-07-11,385.8500061035156,386.8699951171875,383.5,384.2300109863281,368.2546691894531,58366900
2022-07-12,383.6499938964844,386.1600036621094,378.989990234375,380.8299865722656,364.99603271484375,62219200
2022-07-13,375.1000061035156,381.9200134277344,374.6600036621094,378.8299865722656,363.0791931152344,84224600
2022-07-14,373.6099853515625,379.04998779296875,371.0400085449219,377.9100036621094,362.1974182128906,89704800
2022-07-15,382.54998779296875,385.25,380.5400085449219,385.1300048828125,369.1172790527344,79060400
2022-07-18,388.3800048828125,389.0899963378906,380.6600036621094,381.95001220703125,366.0694885253906,63203600
2022-07-19,386.0799865722656,392.8699951171875,385.3900146484375,392.2699890136719,375.9603271484375,78506000
2022-07-20,392.4700012207031,396.260009765625,391.0299987792969,394.7699890136719,378.3564453125,71843800
2022-07-21,394.1600036621094,398.8399963378906,391.6300048828125,398.7900085449219,382.2093200683594,64903900
2022-07-22,398.9200134277344,400.17999267578125,392.75,395.0899963378906,378.66314697265625,72197300
2022-07-25,395.75,396.4700012207031,393.2099914550781,395.57000732421875,379.1231384277344,53631500
2022-07-26,393.8399963378906,394.05999755859375,389.95001220703125,390.8900146484375,374.6377868652344,52946400
2022-07-27,394.3599853515625,402.8800048828125,394.04998779296875,401.0400085449219,384.36578369140625,82342100
2022-07-28,401.8900146484375,406.79998779296875,398.1499938964844,406.07000732421875,389.1866455078125,73966600
2022-07-29,407.5799865722656,413.0299987792969,406.7699890136719,411.989990234375,394.8604736328125,87003700
2022-08-01,409.1499938964844,413.4100036621094,408.3999938964844,410.7699890136719,393.691162109375,69997500
2022-08-02,409.1199951171875,413.0,406.82000732421875,408.05999755859375,391.0938720703125,63435400
2022-08-03,410.29998779296875,415.67999267578125,410.0,414.45001220703125,397.21820068359375,67820600
2022-08-04,414.3699951171875,415.0899963378906,412.44000244140625,414.1700134277344,396.9498291015625,45656600
2022-08-05,409.6600036621094,414.1499938964844,409.6000061035156,413.4700012207031,396.2789611816406,56814900
2022-08-08,415.25,417.6199951171875,411.8299865722656,412.989990234375,395.81890869140625,53886100
2022-08-09,412.2200012207031,412.75,410.2200012207031,411.3500061035156,394.2470703125,44931800
2022-08-10,418.7799987792969,420.1400146484375,416.7200012207031,419.989990234375,402.52789306640625,68665700
2022-08-11,422.989990234375,424.95001220703125,419.2099914550781,419.989990234375,402.52789306640625,59489700
2022-08-12,422.0299987792969,427.2099914550781,421.0299987792969,427.1000061035156,409.34222412109375,61694500
2022-08-15,424.7699890136719,429.4100036621094,424.7099914550781,428.8599853515625,411.0290222167969,54048300
2022-08-16,427.7300109863281,431.7300109863281,426.8800048828125,429.70001220703125,411.8341369628906,59289000
2022-08-17,425.9100036621094,429.5,424.5400085449219,426.6499938964844,408.9109191894531,63563400
2022-08-18,426.8599853515625,428.6099853515625,425.5,427.8900146484375,410.0993957519531,49023200
2022-08-19,424.9800109863281,425.260009765625,421.2200012207031,422.1400146484375,404.5885009765625,68016900
2022-08-22,417.04998779296875,417.2300109863281,412.3999938964844,413.3500061035156,396.1639404296875,77695600
2022-08-23,412.8999938964844,415.4200134277344,411.7699890136719,412.3500061035156,395.2055358886719,49105200
2022-08-24,412.1099853515625,415.1099853515625,411.3900146484375,413.6700134277344,396.470703125,49177800
2022-08-25,415.239990234375,419.55999755859375,414.0899963378906,419.510009765625,402.0677795410156,50942300
2022-08-26,419.3900146484375,419.9599914550781,405.25,405.30999755859375,388.45819091796875,103087000
2022-08-29,402.20001220703125,405.8399963378906,401.20001220703125,402.6300048828125,385.8896789550781,65370800
2022-08-30,403.8500061035156,404.1000061035156,396.0,398.2099914550781,381.6534423828125,85652400
2022-08-31,399.92999267578125,401.239990234375,395.0400085449219,395.17999267578125,378.7493896484375,76029700
2022-09-01,392.8900146484375,396.7799987792969,390.0400085449219,396.4200134277344,379.9378356933594,78740100
2022-09-02,400.2799987792969,401.55999755859375,390.3299865722656,392.239990234375,375.9316101074219,99632100
2022-09-06,393.1300048828125,394.1199951171875,388.4200134277344,390.760009765625,374.5132141113281,76637400
2022-09-07,390.42999267578125,398.5899963378906,390.20001220703125,397.7799987792969,381.2413330078125,70964200
2022-09-08,395.3900146484375,400.8599853515625,394.1199951171875,400.3800048828125,383.73321533203125,80821700
2022-09-09,402.739990234375,407.510009765625,402.4599914550781,406.6000061035156,389.6945495605469,76706900
2022-09-12,408.7799987792969,411.7300109863281,408.4599914550781,410.9700012207031,393.88287353515625,69256300
2022-09-13,401.8299865722656,403.1000061035156,391.9200134277344,393.1000061035156,376.7558898925781,122947100
2022-09-14,394.4700012207031,396.20001220703125,391.1199951171875,394.6000061035156,378.19354248046875,85023700
2022-09-15,392.9599914550781,395.9599914550781,388.7799987792969,390.1199951171875,373.8997802734375,87633800
2022-09-16,384.1400146484375,386.25,382.1099853515625,385.55999755859375,371.0473937988281,103084800
2022-09-19,382.260009765625,388.54998779296875,382.17999267578125,388.54998779296875,373.9248046875,73278500
2022-09-20,385.05999755859375,386.1199951171875,381.20001220703125,384.0899963378906,369.6326599121094,77274900
2022-09-21,386.1099853515625,389.30999755859375,377.3800048828125,377.3900146484375,363.1848449707031,106746600
2022-09-22,376.5799865722656,378.29998779296875,373.44000244140625,374.2200012207031,360.1341857910156,89472600
2022-09-23,370.5799865722656,370.6199951171875,363.2900085449219,367.95001220703125,354.1001892089844,122346900
2022-09-26,366.4100036621094,370.2099914550781,363.0299987792969,364.30999755859375,350.5971984863281,92581200
2022-09-27,368.0199890136719,370.3999938964844,360.8699951171875,363.3800048828125,349.7022705078125,108294100
2022-09-28,364.3800048828125,372.29998779296875,362.6000061035156,370.5299987792969,356.58306884765625,110802200
2022-09-29,366.80999755859375,367.1099853515625,359.70001220703125,362.7900085449219,349.1343994140625,112952300
2022-09-30,361.79998779296875,365.9100036621094,357.0400085449219,357.17999267578125,343.735595703125,153711200
2022-10-03,361.0799865722656,368.54998779296875,359.2099914550781,366.6099853515625,352.81060791015625,89756500
2022-10-04,372.3999938964844,378.0,366.57000732421875,377.9700012207031,363.7430114746094,103602800
2022-10-05,373.3900146484375,379.4599914550781,370.95001220703125,377.0899963378906,362.89617919921875,88065700
2022-10-06,375.6199951171875,378.7200012207031,372.67999267578125,373.20001220703125,359.1526184082031,82333500
2022-10-07,368.9700012207031,373.2900085449219,360.94000244140625,362.7900085449219,349.1343994140625,107789500
2022-10-10,363.9599914550781,364.2099914550781,357.6700134277344,360.0199890136719,346.4686584472656,76042800
2022-10-11,358.239990234375,363.0299987792969,355.7099914550781,357.739990234375,344.2745056152344,92482800
2022-10-12,358.1700134277344,359.82000732421875,356.29998779296875,356.55999755859375,343.1389465332031,76991800
2022-10-13,349.2099914550781,367.510009765625,348.1099853515625,365.9700012207031,352.1947326660156,147254500
2022-10-14,368.54998779296875,370.260009765625,356.9599914550781,357.6300048828125,344.16864013671875,123737000
2022-10-17,364.010009765625,367.9800109863281,357.2799987792969,366.82000732421875,353.01275634765625,93168200
2022-10-18,375.1300048828125,375.45001220703125,367.5199890136719,371.1300048828125,357.1604919433594,97162900
2022-10-19,368.989990234375,371.8500061035156,365.54998779296875,368.5,354.6295166015625,79746900
2022-10-20,368.0299987792969,372.6700134277344,364.6099853515625,365.4100036621094,351.65582275390625,88283100
2022-10-21,365.1199951171875,374.79998779296875,363.5400085449219,374.2900085449219,360.2015686035156,131038400
2022-10-24,375.8900146484375,380.05999755859375,373.1099853515625,378.8699951171875,364.6091613769531,85436900
2022-10-25,378.7900085449219,385.25,378.6700134277344,384.9200134277344,370.4314270019531,78846300
2022-10-26,381.6199951171875,387.5799865722656,381.3500061035156,382.0199890136719,367.64056396484375,104087300
2022-10-27,383.07000732421875,385.0,379.3299865722656,379.9800109863281,365.6773376464844,81971800
2022-10-28,379.8699951171875,389.5199890136719,379.67999267578125,389.0199890136719,374.3770446777344,100302000
2022-10-31,386.44000244140625,388.3999938964844,385.260009765625,386.2099914550781,371.6728515625,96631300
2022-11-01,390.1400146484375,390.3900146484375,383.2900085449219,384.5199890136719,370.0464782714844,85407600
2022-11-02,383.8999938964844,388.6300048828125,374.760009765625,374.8699951171875,360.75970458984375,126990400
2022-11-03,371.4700012207031,374.20001220703125,368.7900085449219,371.010009765625,357.0450439453125,87100100
2022-11-04,377.0,378.8699951171875,370.0,376.3500061035156,362.1839904785156,103505200
2022-11-07,377.7099914550781,380.57000732421875,375.5299987792969,379.95001220703125,365.6485290527344,68286900
2022-11-08,381.1099853515625,385.1199951171875,377.7200012207031,382.0,367.621337890625,84641100
2022-11-09,379.92999267578125,381.1400146484375,373.6099853515625,374.1300048828125,360.0475769042969,78495500
2022-11-10,388.04998779296875,395.0400085449219,385.6400146484375,394.69000244140625,379.8336486816406,141455800
2022-11-11,395.5899963378906,399.3500061035156,393.6099853515625,398.510009765625,383.5098876953125,93839900
2022-11-14,396.6600036621094,400.17999267578125,394.8299865722656,395.1199951171875,380.2474670410156,71903500
2022-11-15,401.1499938964844,402.30999755859375,394.489990234375,398.489990234375,383.49066162109375,93194500
2022-11-16,396.7799987792969,397.7799987792969,394.7900085449219,395.45001220703125,380.56512451171875,68508500
2022-11-17,390.4599914550781,394.95001220703125,390.1400146484375,394.239990234375,379.4006042480469,74496300
2022-11-18,397.739990234375,397.80999755859375,393.0400085449219,396.0299987792969,381.1232604980469,92922500
2022-11-21,394.6400146484375,395.82000732421875,392.6600036621094,394.5899963378906,379.7374572753906,51243200
2022-11-22,396.6300048828125,400.07000732421875,395.1499938964844,399.8999938964844,384.84759521484375,60429000
2022-11-23,399.54998779296875,402.92999267578125,399.30999755859375,402.4200134277344,387.27276611328125,68261600
2022-11-25,401.8299865722656,402.9100036621094,401.5400085449219,402.3299865722656,387.1860656738281,30545400
2022-11-28,399.0899963378906,400.80999755859375,395.1099853515625,395.9100036621094,381.00775146484375,67881600
2022-11-29,396.04998779296875,397.29998779296875,393.29998779296875,395.2300109863281,380.3533935546875,52310000
2022-11-30,395.489990234375,407.67999267578125,393.4800109863281,407.67999267578125,392.33477783203125,144566700
2022-12-01,408.7699890136719,410.0,404.75,407.3800048828125,392.0460205078125,76398200
2022-12-02,402.25,407.8599853515625,402.1400146484375,406.9100036621094,391.59375,85342700
2022-12-05,403.95001220703125,404.92999267578125,398.1700134277344,399.5899963378906,384.54925537109375,77289800
2022-12-06,399.4200134277344,399.989990234375,391.6400146484375,393.8299865722656,379.0060729980469,77972200
2022-12-07,392.94000244140625,395.6400146484375,391.9700012207031,393.1600036621094,378.361328125,65927900
2022-12-08,395.1400146484375,397.3599853515625,393.2699890136719,396.239990234375,381.3252868652344,60737900
2022-12-09,394.94000244140625,397.6199951171875,393.1499938964844,393.2799987792969,378.47674560546875,81447700
2022-12-12,394.1099853515625,398.95001220703125,393.4100036621094,398.95001220703125,383.933349609375,75405800
2022-12-13,410.2200012207031,410.489990234375,399.07000732421875,401.9700012207031,386.8396911621094,123782500
2022-12-14,401.6099853515625,405.5,396.30999755859375,399.3999938964844,384.3664245605469,108111300
2022-12-15,394.29998779296875,395.25,387.8900146484375,389.6300048828125,374.9641418457031,117705900
2022-12-16,385.17999267578125,386.5799865722656,381.0400085449219,383.2699890136719,370.5372619628906,119858000
2022-12-19,383.4700012207031,383.82000732421875,378.2799987792969,380.0199890136719,367.39520263671875,79878100
2022-12-20,379.2300109863281,382.2300109863281,377.8500061035156,380.5400085449219,367.89794921875,74427200
2022-12-21,383.25,387.4100036621094,382.69000244140625,386.2300109863281,373.3989562988281,78167400
2022-12-22,383.04998779296875,386.2099914550781,374.7699890136719,380.7200012207031,368.0719909667969,100120900
2022-12-23,379.6499938964844,383.05999755859375,378.0299987792969,382.9100036621094,370.1892395019531,59857300
2022-12-27,382.7900085449219,383.1499938964844,379.6499938964844,381.3999938964844,368.72943115234375,51638200
2022-12-28,381.3299865722656,383.3900146484375,376.4200134277344,376.6600036621094,364.1469421386719,70911500
2022-12-29,379.6300048828125,384.3500061035156,379.0799865722656,383.44000244140625,370.70166015625,66970900
2022-12-30,380.6400146484375,382.5799865722656,378.42999267578125,382.42999267578125,369.7252197265625,84022200
2023-01-03,384.3699951171875,386.42999267578125,377.8299865722656,380.82000732421875,368.1686706542969,74850700
2023-01-04,383.17999267578125,385.8800048828125,380.0,383.760009765625,371.0110168457031,85934100
2023-01-05,381.7200012207031,381.8399963378906,378.760009765625,379.3800048828125,366.7764892578125,76970500
2023-01-06,382.6099853515625,389.25,379.4100036621094,388.0799865722656,375.18743896484375,104189600
2023-01-09,390.3699951171875,393.70001220703125,387.6700134277344,387.8599853515625,374.97479248046875,73978100
2023-01-10,387.25,390.6499938964844,386.2699890136719,390.5799865722656,377.60443115234375,65358100
2023-01-11,392.2300109863281,395.6000061035156,391.3800048828125,395.5199890136719,382.3802795410156,68881100
2023-01-12,396.6700134277344,398.489990234375,392.4200134277344,396.9599914550781,383.7724609375,90157700
2023-01-13,393.6199951171875,399.1000061035156,393.3399963378906,398.5,385.2613220214844,63903900
2023-01-17,398.4800109863281,400.2300109863281,397.05999755859375,397.7699890136719,384.5555725097656,62677300
2023-01-18,399.010009765625,400.1199951171875,391.2799987792969,391.489990234375,378.4842529296875,99632300
2023-01-19,389.3599853515625,391.0799865722656,387.260009765625,388.6400146484375,375.7288513183594,86958900
2023-01-20,390.1000061035156,396.0400085449219,388.3800048828125,395.8800048828125,382.72833251953125,91806400
2023-01-23,396.7200012207031,402.6499938964844,395.7200012207031,400.6300048828125,387.320556640625,84178800
2023-01-24,398.8800048828125,401.1499938964844,397.6400146484375,400.20001220703125,386.90484619140625,59524900
2023-01-25,395.95001220703125,400.70001220703125,393.55999755859375,400.3500061035156,387.04986572265625,84800300
2023-01-26,403.1300048828125,404.9200134277344,400.0299987792969,404.75,391.3036804199219,72287400
2023-01-27,403.6600036621094,408.1600036621094,403.44000244140625,405.67999267578125,392.2027587890625,68346200
2023-01-30,402.79998779296875,405.1300048828125,400.2799987792969,400.5899963378906,387.2818908691406,74202000
2023-01-31,401.1300048828125,406.5299987792969,400.7699890136719,406.4800109863281,392.9761962890625,86811800
2023-02-01,405.2099914550781,413.6700134277344,402.3500061035156,410.79998779296875,397.1526794433594,101459200
2023-02-02,414.8599853515625,418.30999755859375,412.8800048828125,416.7799987792969,402.93408203125,101654500
2023-02-03,411.5899963378906,416.9700012207031,411.0899963378906,412.3500061035156,398.6512145996094,94736800
2023-02-06,409.7900085449219,411.2900085449219,408.1000061035156,409.8299865722656,396.2149353027344,60295300
2023-02-07,408.8699951171875,416.489990234375,407.57000732421875,415.19000244140625,401.3968505859375,90990700
2023-02-08,413.1300048828125,414.5299987792969,409.92999267578125,410.6499938964844,397.0076904296875,76227500
2023-02-09,414.4100036621094,414.57000732421875,405.80999755859375,407.0899963378906,393.5659484863281,78694900
2023-02-10,405.8599853515625,408.44000244140625,405.010009765625,408.0400085449219,394.48443603515625,70769700
2023-02-13,408.7200012207031,412.9700012207031,408.239990234375,412.8299865722656,399.11529541015625,64913500
2023-02-14,411.239990234375,415.04998779296875,408.510009765625,412.6400146484375,398.93157958984375,88389300
2023-02-15,410.3500061035156,414.05999755859375,409.4700012207031,413.9800109863281,400.2270812988281,61555700
2023-02-16,408.7900085449219,412.9100036621094,408.1400146484375,408.2799987792969,394.7164001464844,76431500
2023-02-17,406.05999755859375,407.510009765625,404.04998779296875,407.260009765625,393.7303161621094,89257800
2023-02-21,403.05999755859375,404.1600036621094,398.82000732421875,399.0899963378906,385.83172607421875,82655900
2023-02-22,399.5199890136719,401.1300048828125,397.0199890136719,398.5400085449219,385.29998779296875,83742300
2023-02-23,401.55999755859375,402.20001220703125,396.25,400.6600036621094,387.3495178222656,96242400
2023-02-24,395.4200134277344,397.25,393.6400146484375,396.3800048828125,383.21173095703125,108194400
2023-02-27,399.8699951171875,401.2900085449219,396.75,397.7300109863281,384.51690673828125,80444700
2023-02-28,397.2300109863281,399.2799987792969,396.1499938964844,396.260009765625,383.09576416015625,96438600
2023-03-01,395.4100036621094,396.69000244140625,393.3800048828125,394.739990234375,381.626220703125,99706800
2023-03-02,392.67999267578125,398.69000244140625,392.3299865722656,397.80999755859375,384.59423828125,85127800
2023-03-03,399.7099914550781,404.45001220703125,399.0299987792969,404.19000244140625,390.7622375488281,90120000
2023-03-06,405.04998779296875,407.45001220703125,404.010009765625,404.4700012207031,391.0330505371094,72795900
2023-03-07,404.4200134277344,404.6700134277344,397.6300048828125,398.2699890136719,385.0389404296875,108310600
2023-03-08,398.3900146484375,399.7099914550781,396.5899963378906,398.9200134277344,385.6673583984375,74746600
2023-03-09,399.739990234375,401.4800109863281,390.5299987792969,391.55999755859375,378.5518493652344,111945300
2023-03-10,390.989990234375,393.1600036621094,384.32000732421875,385.9100036621094,373.0895690917969,189253000
2023-03-13,381.80999755859375,390.3900146484375,380.6499938964844,385.3599853515625,372.55780029296875,157790000
2023-03-14,390.5,393.45001220703125,387.04998779296875,391.7300109863281,378.7162780761719,149752400
2023-03-15,385.8900146484375,389.489990234375,383.7099914550781,389.2799987792969,376.3476257324219,172996900
2023-03-16,386.82000732421875,396.4700012207031,386.2900085449219,396.1099853515625,382.95074462890625,143254200
2023-03-17,393.2200012207031,394.3999938964844,388.54998779296875,389.989990234375,378.47296142578125,140553400
2023-03-20,390.79998779296875,394.1700134277344,390.07000732421875,393.739990234375,382.1121826171875,93055800
2023-03-21,397.239990234375,399.4100036621094,395.5799865722656,398.9100036621094,387.1295471191406,91524200
2023-03-22,398.7300109863281,402.489990234375,392.07000732421875,392.1099853515625,380.5303649902344,111746600
2023-03-23,395.0899963378906,399.2900085449219,390.3500061035156,393.1700134277344,381.5590515136719,119351300
2023-03-24,391.8399963378906,395.8399963378906,389.3999938964844,395.75,384.0628662109375,107682400
2023-03-27,398.1199951171875,398.9200134277344,395.55999755859375,396.489990234375,384.7810363769531,74010400
2023-03-28,395.7699890136719,396.489990234375,393.69000244140625,395.6000061035156,383.91729736328125,62871700
2023-03-29,399.92999267578125,401.6000061035156,398.67999267578125,401.3500061035156,389.4975280761719,77497900
2023-03-30,404.0899963378906,404.3500061035156,401.760009765625,403.70001220703125,391.7780456542969,69840000
2023-03-31,404.6600036621094,409.70001220703125,404.54998779296875,409.3900146484375,397.3000793457031,112062600
2023-04-03,408.8500061035156,411.3699951171875,408.44000244140625,410.95001220703125,398.8139953613281,67391100
2023-04-04,411.6199951171875,411.9200134277344,407.239990234375,408.6700134277344,396.6013488769531,66601500
2023-04-05,407.9100036621094,408.70001220703125,405.8800048828125,407.6000061035156,395.56292724609375,65200200
2023-04-06,406.7699890136719,409.4800109863281,405.67999267578125,409.19000244140625,397.1059875488281,63743300
2023-04-10,406.6099853515625,409.69000244140625,405.9700012207031,409.6099853515625,397.5135498046875,63681000
2023-04-11,410.260009765625,411.17999267578125,408.9200134277344,409.7200012207031,397.6203308105469,59297900
2023-04-12,411.8699951171875,412.1700134277344,407.44000244140625,408.04998779296875,395.9996643066406,86420400
2023-04-13,409.17999267578125,413.8399963378906,407.989990234375,413.4700012207031,401.2595520019531,85814800
2023-04-14,412.80999755859375,415.0899963378906,410.05999755859375,412.4599914550781,400.2794189453125,78161500
2023-04-17,412.3699951171875,413.9599914550781,411.0899963378906,413.94000244140625,401.7156982421875,66436400
2023-04-18,415.5799865722656,415.7200012207031,412.7799987792969,414.2099914550781,401.9776916503906,63560000
2023-04-19,412.2200012207031,415.0799865722656,412.1600036621094,414.1400146484375,401.9097900390625,55227300
2023-04-20,411.2099914550781,413.70001220703125,410.2699890136719,411.8800048828125,399.716552734375,75840400
2023-04-21,412.19000244140625,412.67999267578125,410.1700134277344,412.20001220703125,400.027099609375,73457400
2023-04-24,411.989990234375,413.07000732421875,410.6000061035156,412.6300048828125,400.4444274902344,64332100
2023-04-25,410.5799865722656,411.1600036621094,406.0199890136719,406.0799865722656,394.0877685546875,97766700
2023-04-26,406.7200012207031,407.8399963378906,403.7799987792969,404.3599853515625,392.4185791015625,80447000
2023-04-27,407.0,412.69000244140625,406.739990234375,412.4100036621094,400.23089599609375,92968400
2023-04-28,411.489990234375,415.94000244140625,411.42999267578125,415.92999267578125,403.6469421386719,89433100
2023-05-01,415.4700012207031,417.6199951171875,415.2699890136719,415.510009765625,403.23931884765625,62122300
2023-05-02,414.7699890136719,414.82000732421875,407.82000732421875,410.8399963378906,398.707275390625,103998500
2023-05-03,411.3599853515625,413.8699951171875,407.7699890136719,408.0199890136719,395.9705505371094,91531800
2023-05-04,406.92999267578125,407.2699890136719,403.739990234375,405.1300048828125,393.16583251953125,94901900
2023-05-05,408.9100036621094,413.7200012207031,408.6400146484375,412.6300048828125,400.4444274902344,87891800
2023-05-08,412.9700012207031,413.239990234375,411.2799987792969,412.739990234375,400.55108642578125,50046800
2023-05-09,411.1300048828125,412.0899963378906,410.69000244140625,410.92999267578125,398.79461669921875,49220100
2023-05-10,413.8800048828125,414.5400085449219,408.8699951171875,412.8500061035156,400.65789794921875,96142900
2023-05-11,411.95001220703125,412.42999267578125,409.9700012207031,412.1300048828125,399.9591979980469,70157100
2023-05-12,413.4200134277344,413.6400146484375,409.07000732421875,411.5899963378906,399.4350891113281,70481500
2023-05-15,412.2200012207031,413.42999267578125,410.2300109863281,413.010009765625,400.8131408691406,54289400
2023-05-16,411.8599853515625,412.82000732421875,410.239990234375,410.25,398.1346435546875,57705500
2023-05-17,412.3500061035156,415.8599853515625,410.6400146484375,415.2300109863281,402.9676208496094,87287000
2023-05-18,414.8999938964844,419.6700134277344,414.6700134277344,419.2300109863281,406.8494567871094,97177200
2023-05-19,420.1700134277344,420.7200012207031,417.3500061035156,418.6199951171875,406.25750732421875,103793300
2023-05-22,418.6400146484375,420.3900146484375,417.3500061035156,418.7900085449219,406.4224853515625,60745400
2023-05-23,417.0799865722656,418.7200012207031,413.67999267578125,414.0899963378906,401.8612365722656,86383500
2023-05-24,412.4200134277344,412.82000732421875,409.8800048828125,411.0899963378906,398.9498596191406,89213700
2023-05-25,414.739990234375,416.1600036621094,412.4100036621094,414.6499938964844,402.4046936035156,90961600
2023-05-26,415.3299865722656,420.7699890136719,415.25,420.0199890136719,407.61614990234375,93830000
2023-05-30,422.0299987792969,422.5799865722656,418.739990234375,420.17999267578125,407.77142333984375,72216000
2023-05-31,418.2799987792969,419.2200012207031,416.2200012207031,417.8500061035156,405.51025390625,110811800
2023-06-01,418.0899963378906,422.9200134277344,416.7900085449219,421.82000732421875,409.3630065917969,88865000
2023-06-02,424.5,428.739990234375,423.95001220703125,427.9200134277344,415.2828369140625,91426200
2023-06-05,428.2799987792969,429.6199951171875,426.3699951171875,427.1000061035156,414.487060546875,65460200
2023-06-06,426.6700134277344,428.5799865722656,425.989990234375,428.0299987792969,415.38958740234375,64022200
2023-06-07,428.44000244140625,429.6199951171875,426.1099853515625,426.54998779296875,413.9533386230469,85373300
2023-06-08,426.6199951171875,429.6000061035156,425.82000732421875,429.1300048828125,416.4571228027344,61952800
2023-06-09,429.9599914550781,431.989990234375,428.8699951171875,429.8999938964844,417.204345703125,85742800
2023-06-12,430.9200134277344,433.8800048828125,430.1700134277344,433.79998779296875,420.9891662597656,76104300
2023-06-13,435.32000732421875,437.3299865722656,434.6300048828125,436.6600036621094,423.7647399902344,95899700
2023-06-14,437.010009765625,439.05999755859375,433.5899963378906,437.17999267578125,424.2693786621094,100612100
2023-06-15,436.3299865722656,443.8999938964844,436.2300109863281,442.6000061035156,429.5293273925781,110303100
2023-06-16,443.0199890136719,443.6099853515625,438.9700012207031,439.4599914550781,428.0662536621094,114165800
2023-06-20,437.45001220703125,438.3699951171875,435.0299987792969,437.17999267578125,425.8453674316406,76160400
2023-06-21,436.1600036621094,436.989990234375,434.3299865722656,434.94000244140625,423.6634521484375,76982300
2023-06-22,433.95001220703125,436.6199951171875,433.6000061035156,436.510009765625,425.1927795410156,70637200
2023-06-23,432.92999267578125,435.05999755859375,432.4700012207031,433.2099914550781,421.9783020019531,92074500
2023-06-26,432.6199951171875,434.6099853515625,431.19000244140625,431.44000244140625,420.2542419433594,72823600
2023-06-27,432.3500061035156,436.80999755859375,431.8800048828125,436.1700134277344,424.861572265625,72813700
2023-06-28,435.04998779296875,437.44000244140625,434.4100036621094,436.3900146484375,425.0758972167969,75636000
2023-06-29,435.9599914550781,438.2799987792969,435.5400085449219,438.1099853515625,426.7512512207031,67882300
2023-06-30,441.44000244140625,444.29998779296875,441.1099853515625,443.2799987792969,431.7872314453125,104964000
2023-07-03,442.9200134277344,444.0799865722656,442.6300048828125,443.7900085449219,432.28399658203125,32793400
2023-07-05,441.9100036621094,443.8900146484375,441.8999938964844,443.1300048828125,431.6410827636719,58418400
2023-07-06,439.4200134277344,440.1000061035156,437.05999755859375,439.6600036621094,428.2610778808594,80658300
2023-07-07,438.6300048828125,442.6400146484375,438.29998779296875,438.54998779296875,427.1798400878906,86134200
2023-07-10,438.17999267578125,439.8399963378906,437.5899963378906,439.6600036621094,428.2610778808594,62443500
2023-07-11,440.45001220703125,442.9700012207031,439.44000244140625,442.4599914550781,430.9884948730469,64463800
2023-07-12,446.3900146484375,447.4800109863281,444.9100036621094,446.0199890136719,434.45623779296875,91924500
2023-07-13,447.8999938964844,450.3800048828125,447.45001220703125,449.55999755859375,437.9044189453125,72425200
2023-07-14,450.4800109863281,451.3599853515625,448.489990234375,449.2799987792969,437.6316833496094,69815800
2023-07-17,449.1300048828125,451.92999267578125,449.0799865722656,450.8399963378906,439.1512145996094,52680200
2023-07-18,450.5,454.8599853515625,450.04998779296875,454.19000244140625,442.4143981933594,80668200
2023-07-19,455.010009765625,456.42999267578125,454.1099853515625,455.20001220703125,443.398193359375,65891700
2023-07-20,454.1700134277344,455.1000061035156,451.44000244140625,452.17999267578125,440.4564514160156,70591600
2023-07-21,453.9599914550781,454.1700134277344,452.1700134277344,452.17999267578125,440.4564514160156,71275600
2023-07-24,453.3699951171875,455.0400085449219,452.29998779296875,454.20001220703125,442.4241638183594,54023400
2023-07-25,453.9200134277344,456.739990234375,453.8699951171875,455.44000244140625,443.6319580078125,55191200
2023-07-26,454.4700012207031,456.989990234375,453.3800048828125,455.510009765625,443.7001647949219,71052900
2023-07-27,459.0199890136719,459.44000244140625,451.54998779296875,452.489990234375,440.7584533691406,92194400
2023-07-28,455.8800048828125,457.7799987792969,452.489990234375,456.9200134277344,445.0736389160156,80011800
2023-07-31,457.4100036621094,458.1600036621094,456.04998779296875,457.7900085449219,445.9209899902344,62040400
2023-08-01,456.2699890136719,457.25,455.489990234375,456.4800109863281,444.64501953125,55291500
2023-08-02,453.25,453.5199890136719,449.3500061035156,450.1300048828125,438.4596252441406,93933400
2023-08-03,448.0400085449219,450.7900085449219,447.3699951171875,448.8399963378906,437.20306396484375,64276100
2023-08-04,450.7200012207031,452.8999938964844,446.2699890136719,446.80999755859375,435.2257080078125,100128900
2023-08-07,448.7099914550781,450.8699951171875,447.989990234375,450.7099914550781,439.02459716796875,58357500
2023-08-08,448.0799865722656,450.70001220703125,445.2699890136719,448.75,437.1153564453125,71361300
2023-08-09,449.0299987792969,449.20001220703125,444.9599914550781,445.75,434.19317626953125,78789600
2023-08-10,448.19000244140625,451.70001220703125,444.70001220703125,445.9100036621094,434.3490295410156,93005500
2023-08-11,443.9700012207031,446.70001220703125,443.3500061035156,445.6499938964844,434.0957946777344,68690900
2023-08-14,444.70001220703125,448.1099853515625,444.3800048828125,448.1099853515625,436.4920349121094,47867400
2023-08-15,446.2699890136719,446.6400146484375,442.29998779296875,442.8900146484375,431.4073181152344,75707500
2023-08-16,442.4599914550781,444.17999267578125,439.5299987792969,439.6400146484375,428.2416076660156,80107200
2023-08-17,441.1600036621094,441.42999267578125,435.75,436.2900085449219,424.9784851074219,95711300
2023-08-18,433.3699951171875,437.57000732421875,433.010009765625,436.5,425.1830139160156,98852000
2023-08-21,437.54998779296875,440.1099853515625,435.32000732421875,439.3399963378906,427.9493408203125,68719000
2023-08-22,441.17999267578125,441.17999267578125,437.57000732421875,438.1499938964844,426.79022216796875,64994200
2023-08-23,439.25,443.6700134277344,439.1000061035156,443.0299987792969,431.5437316894531,68441000
2023-08-24,444.69000244140625,445.2200012207031,436.8599853515625,436.8900146484375,425.56292724609375,88517300
2023-08-25,438.67999267578125,441.29998779296875,435.0,439.9700012207031,428.56304931640625,102325100
2023-08-28,442.239990234375,443.3999938964844,439.9700012207031,442.760009765625,431.2807312011719,61595400
2023-08-29,442.6499938964844,449.45001220703125,442.4599914550781,449.1600036621094,437.5148010253906,83081900
2023-08-30,449.510009765625,451.6700134277344,448.7799987792969,451.010009765625,439.31683349609375,69053900
2023-08-31,451.6499938964844,452.8299865722656,450.1600036621094,450.3500061035156,438.6739196777344,66084600
2023-09-01,453.1700134277344,453.6700134277344,449.67999267578125,451.19000244140625,439.4921569824219,58944100
2023-09-05,450.7300109863281,451.05999755859375,449.1700134277344,449.239990234375,437.59271240234375,55166200
2023-09-06,448.3999938964844,448.510009765625,443.80999755859375,446.2200012207031,434.6510009765625,70758500
2023-09-07,443.1099853515625,445.54998779296875,442.75,444.8500061035156,433.3165283203125,70355400
2023-09-08,444.8999938964844,447.1099853515625,444.5299987792969,445.5199890136719,433.9691162109375,61659700
2023-09-11,448.239990234375,448.7699890136719,446.4700012207031,448.45001220703125,436.82318115234375,60180100
2023-09-12,446.95001220703125,448.5299987792969,445.3900146484375,445.989990234375,434.427001953125,67565400
2023-09-13,446.2200012207031,447.7099914550781,445.0799865722656,446.510009765625,434.9334716796875,60199300
2023-09-14,449.07000732421875,451.0799865722656,447.7200012207031,450.3599853515625,438.6836242675781,83430800
2023-09-15,447.1400146484375,447.4800109863281,442.9200134277344,443.3699951171875,433.39825439453125,111848900
2023-09-18,443.04998779296875,444.9700012207031,442.55999755859375,443.6300048828125,433.6523742675781,55752200
2023-09-19,442.67999267578125,443.2900085449219,439.94000244140625,442.7099914550781,432.7530517578125,66514600
2023-09-20,444.010009765625,444.44000244140625,438.42999267578125,438.6400146484375,428.7746276855469,82562600
2023-09-21,435.70001220703125,435.9700012207031,431.2300109863281,431.3900146484375,421.6877136230469,104095800
2023-09-22,432.45001220703125,434.1000061035156,429.989990234375,430.4200134277344,420.739501953125,100829700
2023-09-25,429.1700134277344,432.2699890136719,428.7200012207031,432.2300109863281,422.50885009765625,70874500
2023-09-26,429.0899963378906,429.82000732421875,425.0199890136719,425.8800048828125,416.3016357421875,96168400
2023-09-27,427.0899963378906,427.6700134277344,422.2900085449219,426.04998779296875,416.4678039550781,104705800
2023-09-28,425.4800109863281,430.25,424.8699951171875,428.5199890136719,418.88226318359375,92258300
2023-09-29,431.6700134277344,431.8500061035156,425.9100036621094,427.4800109863281,417.86566162109375,115111300
2023-10-02,426.6199951171875,428.6000061035156,424.4599914550781,427.30999755859375,417.6994934082031,83798600
2023-10-03,425.05999755859375,427.3699951171875,420.17999267578125,421.5899963378906,412.10809326171875,103760600
2023-10-04,422.07000732421875,425.42999267578125,420.55999755859375,424.6600036621094,415.10906982421875,87453000
2023-10-05,424.3599853515625,425.3699951171875,421.1700134277344,424.5,414.9526672363281,70142700
2023-10-06,421.9700012207031,431.1300048828125,420.6000061035156,429.5400085449219,419.87933349609375,113273300
2023-10-09,427.5799865722656,432.8800048828125,427.010009765625,432.2900085449219,422.5674743652344,80374400
2023-10-10,432.94000244140625,437.2200012207031,432.5299987792969,434.5400085449219,424.7668762207031,78607300
2023-10-11,435.6400146484375,436.5799865722656,433.17999267578125,436.32000732421875,426.5068664550781,62451700
2023-10-12,436.95001220703125,437.3399963378906,431.2300109863281,433.6600036621094,423.9066162109375,81154200
2023-10-13,435.2099914550781,436.45001220703125,429.8800048828125,431.5,421.7952575683594,95143100
2023-10-16,433.82000732421875,437.1400146484375,433.57000732421875,436.0400085449219,426.23309326171875,75433200
2023-10-17,432.80999755859375,438.1400146484375,432.45001220703125,436.0199890136719,426.21356201171875,75324700
2023-10-18,434.19000244140625,435.17999267578125,429.0899963378906,430.2099914550781,420.53424072265625,93559800
2023-10-19,430.95001220703125,432.82000732421875,425.7300109863281,426.42999267578125,416.8392639160156,121323000
2023-10-20,425.9800109863281,426.5400085449219,421.0799865722656,421.19000244140625,411.71710205078125,123919900
2023-10-23,419.6099853515625,424.45001220703125,417.79998779296875,420.4599914550781,411.0035095214844,92035100
2023-10-24,422.6499938964844,424.82000732421875,420.739990234375,423.6300048828125,414.10223388671875,78564200
2023-10-25,421.8900146484375,421.9200134277344,417.0199890136719,417.54998779296875,408.1589660644531,94223200
2023-10-26,416.45001220703125,417.3299865722656,411.6000061035156,412.54998779296875,403.2713928222656,115156800
2023-10-27,414.19000244140625,414.6000061035156,409.2099914550781,410.67999267578125,401.4434509277344,107367700
2023-10-30,413.55999755859375,416.67999267578125,412.2200012207031,415.5899963378906,406.2430419921875,86562700
2023-10-31,416.17999267578125,418.5299987792969,414.2099914550781,418.20001220703125,408.7944030761719,79665200
2023-11-01,419.20001220703125,423.5,418.6499938964844,422.6600036621094,413.1540832519531,98068100
2023-11-02,426.5799865722656,430.9200134277344,426.55999755859375,430.760009765625,421.0718994140625,94938900
2023-11-03,433.1400146484375,436.2900085449219,433.010009765625,434.69000244140625,424.9134521484375,100167800
2023-11-06,435.4700012207031,436.1499938964844,433.67999267578125,435.69000244140625,425.8909912109375,67831700
2023-11-07,435.69000244140625,437.5899963378906,434.510009765625,436.92999267578125,427.1030578613281,64256100
2023-11-08,437.54998779296875,438.0899963378906,434.8699951171875,437.25,427.4159240722656,61746000
2023-11-09,438.42999267578125,438.4700012207031,433.3999938964844,433.8399963378906,424.08258056640625,83174400
2023-11-10,435.9800109863281,440.92999267578125,433.8299865722656,440.6099853515625,430.7003173828125,89462200
2023-11-13,439.2300109863281,441.3299865722656,438.4200134277344,440.19000244140625,430.2898254394531,52236100
2023-11-14,446.32000732421875,450.05999755859375,446.0899963378906,448.7300109863281,438.6376953125,97176900
2023-11-15,450.1099853515625,451.3800048828125,448.79998779296875,449.67999267578125,439.5663146972656,77327600
2023-11-16,449.2200012207031,450.55999755859375,448.1199951171875,450.2300109863281,440.10400390625,66665800
2023-11-17,450.239990234375,451.4200134277344,449.2900085449219,450.7900085449219,440.6513671875,83133200
2023-11-20,450.5299987792969,455.1300048828125,450.5199890136719,454.260009765625,444.0433044433594,69936200
2023-11-21,453.17999267578125,454.1300048828125,451.9599914550781,453.2699890136719,443.0755920410156,49244600
2023-11-22,454.9800109863281,456.3800048828125,453.8900146484375,455.0199890136719,444.7862243652344,59394900
2023-11-24,455.07000732421875,455.5,454.7300109863281,455.29998779296875,445.0599670410156,29737400
2023-11-27,454.6499938964844,455.489990234375,454.0799865722656,454.4800109863281,444.2583923339844,50506000
2023-11-28,454.0799865722656,456.2699890136719,453.5,454.92999267578125,444.6982727050781,62115000
2023-11-29,457.1499938964844,458.32000732421875,454.20001220703125,454.6099853515625,444.3854675292969,63146000
2023-11-30,455.4800109863281,456.760009765625,453.3399963378906,456.3999938964844,446.13519287109375,79752700
2023-12-01,455.7699890136719,459.6499938964844,455.1600036621094,459.1000061035156,448.7744445800781,89183400
2023-12-04,455.6000061035156,459.1199951171875,454.3399963378906,456.69000244140625,446.418701171875,72430900
2023-12-05,455.260009765625,457.5899963378906,454.8699951171875,456.6000061035156,446.3306884765625,69793500
2023-12-06,458.80999755859375,458.8399963378906,454.30999755859375,454.760009765625,444.5321044921875,69124700
2023-12-07,456.9100036621094,458.8999938964844,456.2900085449219,458.2300109863281,447.9240417480469,66995400
2023-12-08,457.4599914550781,460.75,457.2099914550781,460.20001220703125,449.8497314453125,83194400
2023-12-11,459.69000244140625,462.1700134277344,459.4700012207031,461.989990234375,451.5995178222656,65002200
2023-12-12,461.6300048828125,464.20001220703125,460.6000061035156,464.1000061035156,453.6620178222656,68327600
2023-12-13,464.489990234375,470.760009765625,464.1199951171875,470.5,459.9180603027344,93278000
2023-12-14,472.5,473.7300109863281,469.25,472.010009765625,461.3941345214844,119026000
2023-12-15,469.489990234375,470.70001220703125,467.42999267578125,469.3299865722656,460.6343994140625,141553700
2023-12-18,470.9800109863281,472.9800109863281,469.8900146484375,471.9700012207031,463.2255554199219,70375300
2023-12-19,472.5299987792969,474.9200134277344,472.45001220703125,474.8399963378906,466.0423889160156,55761800
2023-12-20,473.9599914550781,475.8999938964844,467.82000732421875,468.260009765625,459.58428955078125,102921000
2023-12-21,471.3299865722656,472.9800109863281,468.8399963378906,472.70001220703125,463.94207763671875,86667500
2023-12-22,473.8599853515625,475.3800048828125,471.70001220703125,473.6499938964844,464.87445068359375,67160400
2023-12-26,474.07000732421875,476.5799865722656,473.989990234375,475.6499938964844,466.83734130859375,55387000
2023-12-27,475.44000244140625,476.6600036621094,474.8900146484375,476.510009765625,467.6814270019531,68000300
2023-12-28,476.8800048828125,477.54998779296875,476.260009765625,476.69000244140625,467.8581237792969,77158100
2023-12-29,476.489990234375,477.0299987792969,473.29998779296875,475.30999755859375,466.503662109375,122283100
2024-01-02,472.1600036621094,473.6700134277344,470.489990234375,472.6499938964844,463.8929443359375,123623700
2024-01-03,470.42999267578125,471.19000244140625,468.1700134277344,468.7900085449219,460.1044921875,103585900
2024-01-04,468.29998779296875,470.9599914550781,467.04998779296875,467.2799987792969,458.6224060058594,84232200
2024-01-05,467.489990234375,470.44000244140625,466.42999267578125,467.9200134277344,459.2506103515625,86118900
2024-01-08,468.42999267578125,474.75,468.29998779296875,474.6000061035156,465.8068542480469,74879100
2024-01-09,471.8699951171875,474.92999267578125,471.3500061035156,473.8800048828125,465.10015869140625,65931400
2024-01-10,474.1600036621094,477.45001220703125,473.8699951171875,476.55999755859375,467.7304992675781,67310600
2024-01-11,477.5899963378906,478.1199951171875,472.260009765625,476.3500061035156,467.5244140625,77940700
2024-01-12,477.8399963378906,478.6000061035156,475.2300109863281,476.67999267578125,467.8482971191406,58026400
2024-01-16,475.260009765625,476.6099853515625,473.05999755859375,474.92999267578125,466.13067626953125,85014900
2024-01-17,471.82000732421875,472.7900085449219,469.8699951171875,472.2900085449219,463.5396423339844,68843900
2024-01-18,474.010009765625,477.05999755859375,472.4200134277344,476.489990234375,467.6617736816406,91856200
2024-01-19,477.6499938964844,482.7200012207031,476.5400085449219,482.42999267578125,473.4917907714844,110834500
2024-01-22,484.010009765625,485.2200012207031,482.7799987792969,483.45001220703125,474.49285888671875,75844900
2024-01-23,484.010009765625,485.1099853515625,482.8900146484375,484.8599853515625,475.8766784667969,49945300
2024-01-24,487.80999755859375,488.7699890136719,484.8800048828125,485.3900146484375,476.3969421386719,81765000
2024-01-25,487.5799865722656,488.30999755859375,485.3900146484375,488.0299987792969,478.9880065917969,72525000
2024-01-26,487.5899963378906,489.1199951171875,486.5400085449219,487.4100036621094,478.3794860839844,76641600
2024-01-29,487.7300109863281,491.4200134277344,487.1700134277344,491.2699890136719,482.16796875,61322800
2024-01-30,490.55999755859375,491.6199951171875,490.1099853515625,490.8900146484375,481.7950439453125,58618400
2024-01-31,488.6199951171875,489.0799865722656,482.8599853515625,482.8800048828125,473.93341064453125,126011100
2024-02-01,484.6300048828125,489.2300109863281,483.79998779296875,489.20001220703125,480.1363525390625,91891600
2024-02-02,489.6499938964844,496.04998779296875,489.29998779296875,494.3500061035156,485.19091796875,99228200
2024-02-05,493.70001220703125,494.3800048828125,490.2300109863281,492.54998779296875,483.4242248535156,75757100
2024-02-06,493.5199890136719,494.32000732421875,492.04998779296875,493.9800109863281,484.8277587890625,55918600
2024-02-07,496.2900085449219,498.5299987792969,495.3599853515625,498.1000061035156,488.8714294433594,70556500
2024-02-08,498.1000061035156,498.7099914550781,497.260009765625,498.32000732421875,489.0873718261719,52343600
2024-02-09,498.8399963378906,501.6499938964844,498.489990234375,501.20001220703125,491.9140319824219,63979400
2024-02-12,501.1700134277344,503.5,500.239990234375,500.9800109863281,491.6980895996094,56502300
2024-02-13,494.5299987792969,497.0899963378906,490.7200012207031,494.0799865722656,484.9258728027344,113099200
2024-02-14,496.7900085449219,499.07000732421875,494.3999938964844,498.57000732421875,489.3326721191406,68387800
2024-02-15,499.2900085449219,502.20001220703125,498.79998779296875,502.010009765625,492.708984375,61683000
2024-02-16,501.70001220703125,502.8699951171875,498.75,499.510009765625,490.2552795410156,75532900
2024-02-20,497.7200012207031,498.4100036621094,494.45001220703125,496.760009765625,487.5562744140625,71736700
2024-02-21,495.4200134277344,497.3699951171875,493.55999755859375,497.2099914550781,487.9978942871094,59293400
2024-02-22,504.010009765625,508.489990234375,503.0199890136719,507.5,498.0972595214844,76402500
2024-02-23,509.2699890136719,510.1300048828125,507.1000061035156,507.8500061035156,498.4407653808594,61321800
2024-02-26,508.29998779296875,508.75,505.8599853515625,505.989990234375,496.615234375,50386700
2024-02-27,506.70001220703125,507.1600036621094,504.75,506.92999267578125,497.5378112792969,48854500
2024-02-28,505.3299865722656,506.8599853515625,504.9599914550781,506.260009765625,496.8802185058594,56506600
2024-02-29,508.07000732421875,509.739990234375,505.3500061035156,508.0799865722656,498.66650390625,83924800
2024-03-01,508.9800109863281,513.2899780273438,508.55999755859375,512.8499755859375,503.34814453125,76844800
2024-03-04,512.030029296875,514.2000122070312,512.0,512.2999877929688,502.8082580566406,49799300
2024-03-05,510.239990234375,510.70001220703125,504.9100036621094,507.17999267578125,497.783203125,72855600
2024-03-06,510.54998779296875,512.0700073242188,508.4200134277344,509.75,500.3055419921875,68382400
2024-03-07,513.1400146484375,515.8900146484375,509.80999755859375,514.8099975585938,505.2718200683594,58652100
2024-03-08,515.4600219726562,518.219970703125,511.1300048828125,511.7200012207031,502.2391052246094,86532500
2024-03-11,510.4800109863281,511.8800048828125,508.5,511.2799987792969,501.8072204589844,62557200
2024-03-12,513.4500122070312,517.3800048828125,510.8599853515625,516.780029296875,507.20538330078125,73114400
2024-03-13,517.1099853515625,517.2899780273438,514.489990234375,515.969970703125,506.4102478027344,55104100
2024-03-14,516.969970703125,517.1300048828125,511.82000732421875,514.9500122070312,505.40924072265625,110171800
2024-03-15,510.2099914550781,511.70001220703125,508.1199951171875,509.8299865722656,501.93878173828125,107646300
2024-03-18,514.0,515.47998046875,512.4400024414062,512.8599853515625,504.921875,88893300
2024-03-19,512.1500244140625,516.0,511.1199951171875,515.7100219726562,507.7278137207031,60755300
2024-03-20,515.77001953125,520.6199951171875,515.0800170898438,520.47998046875,512.4239501953125,69594600
2024-03-21,523.3900146484375,524.1099853515625,521.9099731445312,522.2000122070312,514.1173095703125,60256100
2024-03-22,522.1099853515625,522.6099853515625,520.969970703125,521.2100219726562,513.1427001953125,79070800
2024-03-25,519.7999877929688,520.9500122070312,519.6099853515625,519.77001953125,511.7249755859375,48512100
2024-03-26,521.22998046875,521.5800170898438,518.4000244140625,518.8099975585938,510.77984619140625,65463700
2024-03-27,521.7100219726562,523.2100219726562,519.489990234375,523.1699829101562,515.072265625,82999800
2024-03-28,523.2100219726562,524.6099853515625,522.780029296875,523.0700073242188,514.973876953125,96294900
2024-04-01,523.8300170898438,524.3800048828125,520.969970703125,522.1599731445312,514.077880859375,62477500
2024-04-02,518.239990234375,518.97998046875,516.47998046875,518.8400268554688,510.8093566894531,74230300
2024-04-03,517.719970703125,520.9500122070312,517.6699829101562,519.4099731445312,511.3705139160156,59155800
2024-04-04,523.52001953125,523.8699951171875,512.760009765625,513.0700073242188,505.1286315917969,96858100
2024-04-05,514.4600219726562,520.4400024414062,514.010009765625,518.4299926757812,510.4057312011719,74546500
2024-04-08,519.1500244140625,520.1799926757812,517.8900146484375,518.719970703125,510.691162109375,48401800
2024-04-09,520.5,520.75,514.3499755859375,519.3200073242188,511.2818908691406,68049200
2024-04-10,513.47998046875,516.1599731445312,512.0900268554688,514.1199951171875,506.1623840332031,82652800
2024-04-11,515.6799926757812,519.47998046875,512.0800170898438,518.0,509.9822998046875,70099000
2024-04-12,514.3699951171875,515.8200073242188,509.0799865722656,510.8500061035156,502.9429931640625,92561100
2024-04-15,515.1300048828125,515.2999877929688,503.5799865722656,504.45001220703125,496.64208984375,92101400
2024-04-16,504.94000244140625,506.5,502.2099914550781,503.5299987792969,495.7363586425781,73484000
2024-04-17,506.04998779296875,506.2200012207031,499.1199951171875,500.54998779296875,492.80242919921875,75910300
2024-04-18,501.9800109863281,504.1300048828125,498.55999755859375,499.5199890136719,491.78839111328125,74548100
2024-04-19,499.44000244140625,500.4599914550781,493.8599853515625,495.1600036621094,487.495849609375,102212600
2024-04-22,497.8299865722656,502.3800048828125,495.42999267578125,499.7200012207031,491.9853210449219,67961000
2024-04-23,501.7799987792969,506.0899963378906,499.5299987792969,505.6499938964844,497.823486328125,64633600
2024-04-24,506.55999755859375,507.3699951171875,503.1300048828125,505.4100036621094,497.5871887207031,55928100
2024-04-25,499.17999267578125,504.2699890136719,497.489990234375,503.489990234375,495.69696044921875,69122400
2024-04-26,506.3500061035156,509.8800048828125,505.70001220703125,508.260009765625,500.39312744140625,64306100
2024-04-29,510.0899963378906,510.75,507.25,510.05999755859375,502.16522216796875,46415400
2024-04-30,508.55999755859375,509.55999755859375,501.9800109863281,501.9800109863281,494.2103271484375,77483600
2024-05-01,501.3800048828125,508.19000244140625,499.8699951171875,500.3500061035156,492.6055603027344,80242800
2024-05-02,504.1499938964844,505.8900146484375,499.54998779296875,505.0299987792969,497.2131042480469,62550200
2024-05-03,511.1600036621094,512.5499877929688,508.55999755859375,511.2900085449219,503.376220703125,72756700
2024-05-06,513.75,516.6099853515625,513.2999877929688,516.5700073242188,508.5744934082031,47264700
2024-05-07,517.5599975585938,518.5700073242188,516.4500122070312,517.1400146484375,509.13568115234375,52561300
2024-05-08,515.260009765625,517.739990234375,515.1400146484375,517.1900024414062,509.18487548828125,42047200
2024-05-09,517.3800048828125,520.2100219726562,516.7100219726562,520.1699829101562,512.1187133789062,43643700
2024-05-10,521.8099975585938,522.6400146484375,519.5900268554688,520.8400268554688,512.7784423828125,52233200
2024-05-13,522.5599975585938,522.6699829101562,519.739990234375,520.9099731445312,512.8472290039062,36716400
2024-05-14,521.1099853515625,523.8300170898438,520.5599975585938,523.2999877929688,515.2002563476562,57535900
2024-05-15,525.8300170898438,530.0800170898438,525.1799926757812,529.780029296875,521.580078125,59504900
2024-05-16,529.8800048828125,531.52001953125,528.5399780273438,528.6900024414062,520.5068359375,50244800
2024-05-17,528.8099975585938,529.52001953125,527.3200073242188,529.4500122070312,521.255126953125,59187600
2024-05-20,529.5700073242188,531.5599975585938,529.1699829101562,530.0599975585938,521.8556518554688,37764200
2024-05-21,529.280029296875,531.52001953125,529.0700073242188,531.3599853515625,523.1355590820312,33437000
2024-05-22,530.6500244140625,531.3800048828125,527.5999755859375,529.8300170898438,521.6293334960938,48390000
2024-05-23,532.9600219726562,533.0700073242188,524.719970703125,525.9600219726562,517.8191528320312,57211200
2024-05-24,527.8499755859375,530.27001953125,526.8800048828125,529.4400024414062,521.2453002929688,41291100
2024-05-28,530.27001953125,530.510009765625,527.1099853515625,529.8099975585938,521.609619140625,36269600
2024-05-29,525.6799926757812,527.3099975585938,525.3699951171875,526.0999755859375,517.9569702148438,45190300
2024-05-30,524.52001953125,525.2000122070312,521.3300170898438,522.6099853515625,514.5209350585938,46377600
2024-05-31,523.5900268554688,527.5,518.3599853515625,527.3699951171875,519.2073364257812,90785800
2024-06-03,529.02001953125,529.3099975585938,522.5999755859375,527.7999877929688,519.630615234375,46835700
2024-06-04,526.4600219726562,529.1500244140625,524.9600219726562,528.3900146484375,520.2115478515625,34632700
2024-06-05,530.77001953125,534.6900024414062,528.72998046875,534.6699829101562,526.394287109375,47610400
2024-06-06,534.97998046875,535.4199829101562,532.6799926757812,534.6599731445312,526.384521484375,30808500
2024-06-07,533.6599731445312,536.8900146484375,532.5399780273438,534.010009765625,525.7445678710938,43224500
2024-06-10,533.1799926757812,535.989990234375,532.5700073242188,535.6599731445312,527.3689575195312,35686100
2024-06-11,534.0700073242188,537.010009765625,532.0499877929688,536.9500122070312,528.6390380859375,36383400
2024-06-12,541.6300048828125,544.1199951171875,540.2999877929688,541.3599853515625,532.9807739257812,63251300
2024-06-13,543.1500244140625,543.3300170898438,539.5900268554688,542.4500122070312,534.0538940429688,44760900
2024-06-14,540.8800048828125,542.8099975585938,539.8499755859375,542.780029296875,534.3788452148438,40089900
2024-06-17,542.0800170898438,548.530029296875,541.6099853515625,547.0999755859375,538.6318969726562,55839500
2024-06-18,547.1599731445312,548.6199951171875,546.72998046875,548.489990234375,540.0004272460938,41376400
2024-06-20,549.4400024414062,550.1199951171875,545.1799926757812,547.0,538.5335083007812,70328200
2024-06-21,544.4000244140625,545.6500244140625,543.02001953125,544.510009765625,537.8115234375,64338600
2024-06-24,544.3300170898438,546.9500122070312,542.6199951171875,542.739990234375,536.063232421875,45528700
2024-06-25,543.989990234375,545.2000122070312,542.4400024414062,544.8300170898438,538.1275634765625,37936200
2024-06-26,543.6900024414062,546.239990234375,543.030029296875,545.510009765625,538.7991943359375,38550600
2024-06-27,545.3699951171875,546.9600219726562,544.6099853515625,546.3699951171875,539.6485595703125,35041500
2024-06-28,547.1599731445312,550.280029296875,542.9500122070312,544.219970703125,537.5250244140625,76144500
2024-07-01,545.6300048828125,545.8800048828125,542.52001953125,545.3400268554688,538.6312866210938,40297800
2024-07-02,543.7000122070312,549.010009765625,543.6500244140625,549.010009765625,542.256103515625,40434800
2024-07-03,548.6900024414062,551.8300170898438,548.6500244140625,551.4600219726562,544.676025390625,32789900
2024-07-05,551.77001953125,555.0499877929688,551.1199951171875,554.6400146484375,547.81689453125,41488400
2024-07-08,555.4400024414062,556.25,554.1900024414062,555.280029296875,548.448974609375,36110500
2024-07-09,556.260009765625,557.1799926757812,555.52001953125,555.8200073242188,548.9822998046875,27289700
2024-07-10,557.0700073242188,561.6699829101562,556.77001953125,561.3200073242188,554.4146728515625,38701200
2024-07-11,561.4400024414062,562.3300170898438,555.8300170898438,556.47998046875,549.63427734375,53054200
2024-07-12,557.6300048828125,563.6699829101562,557.1500244140625,559.989990234375,553.10107421875,53084400
2024-07-15,562.030029296875,564.8400268554688,559.6300048828125,561.530029296875,554.6220703125,40584300
2024-07-16,562.8699951171875,565.1599731445312,562.0999755859375,564.8599853515625,557.9111328125,36475300
2024-07-17,558.7999877929688,560.510009765625,556.6099853515625,556.9400024414062,550.0885620117188,57119000
2024-07-18,558.510009765625,559.52001953125,550.4299926757812,552.6599731445312,545.8612060546875,56270400
2024-07-19,552.4199829101562,554.0800170898438,547.9099731445312,548.989990234375,542.236328125,65509100
2024-07-22,553.0,555.27001953125,551.02001953125,554.6500244140625,547.8267822265625,43346700
2024-07-23,554.5399780273438,556.739990234375,553.280029296875,553.780029296875,546.967529296875,34439600
2024-07-24,548.8599853515625,549.1699829101562,540.2899780273438,541.22998046875,534.5718383789062,74515300
2024-07-25,541.3499755859375,547.4600219726562,537.4500122070312,538.4099731445312,531.7865600585938,61158300
2024-07-26,542.280029296875,547.1900024414062,541.489990234375,544.4400024414062,537.7423095703125,53763800
2024-07-29,546.02001953125,547.0499877929688,542.719970703125,544.760009765625,538.0584106445312,39515800
2024-07-30,546.260009765625,547.3400268554688,538.52001953125,542.0,535.3323974609375,46853600
2024-07-31,548.97998046875,553.5,547.5800170898438,550.8099975585938,544.0339965820312,65663400
2024-08-01,552.5700073242188,554.8699951171875,539.4299926757812,543.010009765625,536.3298950195312,76428700
2024-08-02,535.75,536.989990234375,528.5999755859375,532.9000244140625,526.3443603515625,82789100
2024-08-05,511.6400146484375,523.5800170898438,510.2699890136719,517.3800048828125,511.0152587890625,146267400
2024-08-06,519.219970703125,529.75,517.8699951171875,522.1500244140625,515.7265014648438,84826300
2024-08-07,528.469970703125,531.5900268554688,518.0499877929688,518.6599731445312,512.2794189453125,70698300
2024-08-08,523.9099731445312,531.2899780273438,521.8400268554688,530.6500244140625,524.1220092773438,63276600
2024-08-09,529.8099975585938,534.510009765625,528.5599975585938,532.989990234375,526.4332275390625,45619600
2024-08-12,534.2100219726562,535.72998046875,530.9500122070312,533.27001953125,526.7098388671875,42542100
2024-08-13,536.530029296875,542.280029296875,536.280029296875,542.0399780273438,535.3718872070312,52333100
2024-08-14,542.8499755859375,544.9600219726562,540.1199951171875,543.75,537.0608520507812,42446900
2024-08-15,549.5,553.3599853515625,548.8800048828125,553.0700073242188,546.2661743164062,60846800
2024-08-16,551.4199829101562,555.02001953125,551.260009765625,554.3099975585938,547.490966796875,44430700
2024-08-19,554.72998046875,559.6099853515625,553.8599853515625,559.6099853515625,552.7257690429688,39121800
2024-08-20,559.1500244140625,560.8400268554688,557.3300170898438,558.7000122070312,551.8269653320312,33732300
2024-08-21,559.77001953125,562.1099853515625,554.72998046875,560.6199951171875,553.7232666015625,41514600
2024-08-22,562.5599975585938,563.1799926757812,554.97998046875,556.219970703125,549.37744140625,56121500
2024-08-23,559.530029296875,563.0900268554688,557.2899780273438,562.1300048828125,555.2147216796875,50639400
2024-08-26,563.1799926757812,563.9099731445312,559.0499877929688,560.7899780273438,553.8912353515625,35788600
2024-08-27,559.489990234375,562.0599975585938,558.3200073242188,561.5599975585938,554.6517944335938,32693900
2024-08-28,561.2100219726562,561.6500244140625,555.0399780273438,558.2999877929688,551.4318237304688,41066000
2024-08-29,560.3099975585938,563.6799926757812,557.1799926757812,558.3499755859375,551.4811401367188,38715200
2024-08-30,560.77001953125,564.2000122070312,557.1400146484375,563.6799926757812,556.7456665039062,62700100
2024-09-03,560.469970703125,560.8099975585938,549.510009765625,552.0800170898438,545.2883911132812,60600100
2024-09-04,550.2000122070312,554.4299926757812,549.4600219726562,550.9500122070312,544.1723022460938,47224900
2024-09-05,550.8900146484375,553.7999877929688,547.0999755859375,549.6099853515625,542.8487548828125,44264300
2024-09-06,549.9400024414062,551.5999755859375,539.4400024414062,540.3599853515625,533.7125244140625,68493800
2024-09-09,544.6500244140625,547.7100219726562,542.6799926757812,546.4099731445312,539.6880493164062,40445800
2024-09-10,548.3599853515625,549.1500244140625,543.3800048828125,548.7899780273438,542.038818359375,36394600
2024-09-11,548.7000122070312,555.3599853515625,539.9600219726562,554.4199829101562,547.599609375,75248600
2024-09-12,555.010009765625,559.4000244140625,552.739990234375,559.0900268554688,552.212158203125,51819600
2024-09-13,559.7100219726562,563.030029296875,559.4500122070312,562.010009765625,555.09619140625,39310500
2024-09-16,561.739990234375,563.1099853515625,559.9000244140625,562.8400268554688,555.916015625,36656100
2024-09-17,565.0999755859375,566.5800170898438,560.7899780273438,563.0700073242188,556.1431274414062,49321000
2024-09-18,563.739990234375,568.6900024414062,560.8300170898438,561.4000244140625,554.4938354492188,59044900
2024-09-19,571.010009765625,572.8800048828125,568.0800170898438,570.97998046875,563.955810546875,75315500
2024-09-20,567.8400268554688,569.3099975585938,565.1699829101562,568.25,562.9810180664062,77503100
2024-09-23,569.3400268554688,570.3300170898438,568.0999755859375,569.6699829101562,564.3877563476562,44116900
2024-09-24,570.47998046875,571.3599853515625,567.5999755859375,571.2999877929688,566.002685546875,46805700
2024-09-25,571.1400146484375,571.8900146484375,568.9099731445312,570.0399780273438,564.75439453125,38428600
2024-09-26,574.3800048828125,574.7100219726562,569.9000244140625,572.2999877929688,566.993408203125,48336000
2024-09-27,573.3900146484375,574.219970703125,570.4199829101562,571.469970703125,566.171142578125,42100900
2024-09-30,570.4199829101562,574.3800048828125,568.0800170898438,573.760009765625,568.43994140625,63557400
2024-10-01,573.4000244140625,574.0599975585938,566.0,568.6199951171875,563.3475341796875,72668800
2024-10-02,567.7100219726562,569.9000244140625,565.27001953125,568.8599853515625,563.5852661132812,38097800
2024-10-03,567.3599853515625,569.7999877929688,565.489990234375,567.8200073242188,562.5549926757812,40846500
2024-10-04,572.3499755859375,573.3599853515625,568.0999755859375,572.97998046875,567.6671142578125,42939100
2024-10-07,571.2999877929688,571.9600219726562,566.6300048828125,567.7999877929688,562.5350952148438,49964700
2024-10-08,570.4199829101562,573.780029296875,569.530029296875,573.1699829101562,567.8553466796875,37398700
2024-10-09,573.1599731445312,577.7100219726562,572.5499877929688,577.1400146484375,571.78857421875,37912200
2024-10-10,575.77001953125,577.5800170898438,574.489990234375,576.1300048828125,570.7879028320312,44138100
2024-10-11,576.0499877929688,580.3300170898438,575.9099731445312,579.5800170898438,574.2059326171875,42268000
2024-10-14,581.219970703125,585.27001953125,580.72998046875,584.3200073242188,578.9019775390625,36217200
2024-10-15,584.5900268554688,584.9000244140625,578.5399780273438,579.780029296875,574.4041137695312,54203600
2024-10-16,579.780029296875,582.8300170898438,578.9600219726562,582.2999877929688,576.9006958007812,30725400
2024-10-17,585.9099731445312,586.1199951171875,582.1599731445312,582.3499755859375,576.9501953125,34393700
2024-10-18,584.0700073242188,585.3900146484375,582.5800170898438,584.5900268554688,579.1694946289062,37416800
2024-10-21,583.8499755859375,584.8499755859375,580.5999755859375,583.6300048828125,578.2183227539062,36439000
2024-10-22,581.0499877929688,584.5,580.3800048828125,583.3200073242188,577.9111938476562,34183800
2024-10-23,581.260009765625,581.7100219726562,574.4199829101562,577.989990234375,572.630615234375,49314600
2024-10-24,579.97998046875,580.0599975585938,576.5700073242188,579.239990234375,573.8690795898438,34979900
2024-10-25,581.510009765625,584.4600219726562,578.0800170898438,579.0399780273438,573.6708984375,47268200
2024-10-28,582.5800170898438,582.7100219726562,580.52001953125,580.8300170898438,575.4443359375,30174700
2024-10-29,579.8499755859375,582.9099731445312,578.4299926757812,581.77001953125,576.3756713867188,42899700
2024-10-30,581.2899780273438,583.3200073242188,579.2899780273438,580.010009765625,574.6319580078125,41435800
2024-10-31,575.5599975585938,575.6300048828125,568.4400024414062,568.6400146484375,563.3673706054688,60182500
2024-11-01,571.3200073242188,575.5499877929688,570.6199951171875,571.0399780273438,565.7450561523438,45667500
2024-11-04,571.1799926757812,572.5,567.8900146484375,569.8099975585938,564.5264892578125,38217000
2024-11-05,570.739990234375,576.739990234375,570.52001953125,576.7000122070312,571.3526611328125,39478300
2024-11-06,589.2000122070312,591.9299926757812,585.3900146484375,591.0399780273438,585.5596313476562,68182000
2024-11-07,593.0800170898438,596.6500244140625,593.0,595.6099853515625,590.0872802734375,47233200
2024-11-08,596.1699829101562,599.6400146484375,596.1699829101562,598.1900024414062,592.6433715820312,46444900
2024-11-11,599.8099975585938,600.1699829101562,597.0,598.760009765625,593.2081298828125,37586800
2024-11-12,598.6799926757812,599.2899780273438,594.3699951171875,596.9000244140625,591.3652954101562,43006100
2024-11-13,597.3699951171875,599.22998046875,594.9600219726562,597.1900024414062,591.6526489257812,47388600
2024-11-14,597.3200073242188,597.8099975585938,592.6500244140625,593.3499755859375,587.8482055664062,38904100
2024-11-15,589.719970703125,590.2000122070312,583.8599853515625,585.75,580.3186645507812,75988800
2024-11-18,586.219970703125,589.489990234375,585.3400268554688,588.1500244140625,582.6964721679688,37001700
2024-11-19,584.7100219726562,591.0399780273438,584.030029296875,590.2999877929688,584.8264770507812,49412000
2024-11-20,590.3800048828125,590.7899780273438,584.6300048828125,590.5,585.0247192382812,50032600
2024-11-21,593.4000244140625,595.1199951171875,587.4500122070312,593.6699829101562,588.165283203125,46750300
2024-11-22,593.6599731445312,596.1500244140625,593.1500244140625,595.510009765625,589.9881591796875,38226400
2024-11-25,599.52001953125,600.8599853515625,595.2000122070312,597.530029296875,591.989501953125,42441400
2024-11-26,598.7999877929688,601.3300170898438,598.0700073242188,600.6500244140625,595.08056640625,45621300
2024-11-27,600.4600219726562,600.8499755859375,597.280029296875,598.8300170898438,593.2774047851562,34000200
2024-11-29,599.6599731445312,603.3499755859375,599.3800048828125,602.5499877929688,596.962890625,30177400
2024-12-02,602.969970703125,604.3200073242188,602.469970703125,603.6300048828125,598.0328979492188,31746000
2024-12-03,603.3900146484375,604.1599731445312,602.3400268554688,603.9099731445312,598.310302734375,26906600
2024-12-04,605.6300048828125,607.9099731445312,604.9500122070312,607.6599731445312,602.0255126953125,42787600
2024-12-05,607.6599731445312,608.47998046875,606.2999877929688,606.6599731445312,601.0347900390625,28762200
2024-12-06,607.4400024414062,609.0700073242188,607.02001953125,607.8099975585938,602.1741333007812,31241500
2024-12-09,607.6900024414062,607.8599853515625,604.0800170898438,604.6799926757812,599.0731811523438,34742700
2024-12-10,605.3699951171875,605.7999877929688,602.1300048828125,602.7999877929688,597.2105712890625,37234500
2024-12-11,605.780029296875,608.4299926757812,605.5,607.4600219726562,601.827392578125,28677700
2024-12-12,606.5800170898438,607.1599731445312,604.3300170898438,604.3300170898438,598.7264404296875,31543800
2024-12-13,606.4000244140625,607.1300048828125,602.8099975585938,604.2100219726562,598.6075439453125,35904700
2024-12-16,606.0,607.780029296875,605.2100219726562,606.7899780273438,601.16357421875,43695200
2024-12-17,604.1900024414062,605.1699829101562,602.8900146484375,604.2899780273438,598.6868286132812,55773500
2024-12-18,603.97998046875,606.4099731445312,585.8900146484375,586.280029296875,580.8438720703125,108248700
2024-12-19,591.3599853515625,593.0,585.8499755859375,586.0999755859375,580.6654052734375,85919500
2024-12-20,581.77001953125,595.75,580.9099731445312,591.1500244140625,587.6398315429688,125716700
2024-12-23,590.8900146484375,595.2999877929688,587.6599731445312,594.6900024414062,591.1588134765625,57635800
2024-12-24,596.0599975585938,601.3400268554688,595.469970703125,601.2999877929688,597.7295532226562,33160100
2024-12-26,599.5,602.47998046875,598.0800170898438,601.3400268554688,597.7693481445312,41219100
2024-12-27,597.5399780273438,597.780029296875,590.760009765625,595.010009765625,591.4768676757812,64969300
2024-12-30,587.8900146484375,591.739990234375,584.4099731445312,588.219970703125,584.7271728515625,56578800
2024-12-31,589.9099731445312,590.6400146484375,584.4199829101562,586.0800170898438,582.5999145507812,57052700
2025-01-02,589.3900146484375,591.1300048828125,580.5,584.6400146484375,581.1685180664062,50204000
2025-01-03,587.530029296875,592.5999755859375,586.4299926757812,591.9500122070312,588.43505859375,37888500
2025-01-06,596.27001953125,599.7000122070312,593.5999755859375,595.3599853515625,591.8248291015625,47679400
2025-01-07,597.4199829101562,597.75,586.780029296875,588.6300048828125,585.1348266601562,60393100
2025-01-08,588.7000122070312,590.5800170898438,585.2000122070312,589.489990234375,585.9896240234375,47304700
2025-01-10,585.8800048828125,585.9500122070312,578.5499877929688,580.489990234375,577.0430297851562,73105000
2025-01-13,575.77001953125,581.75,575.3499755859375,581.3900146484375,577.937744140625,47910100
2025-01-14,584.3599853515625,585.0,578.3499755859375,582.1900024414062,578.7330322265625,48420600
2025-01-15,590.3300170898438,593.9400024414062,589.2000122070312,592.780029296875,589.2601928710938,56900200
2025-01-16,594.1699829101562,594.3499755859375,590.9299926757812,591.6400146484375,588.126953125,43319700
2025-01-17,596.9600219726562,599.3599853515625,595.6099853515625,597.5800170898438,594.0316772460938,58070600
2025-01-21,600.6699829101562,603.0599975585938,598.6699829101562,603.0499877929688,599.4691162109375,42532900
2025-01-22,605.9199829101562,607.8200073242188,605.3599853515625,606.4400024414062,602.8389892578125,48196000
2025-01-23,605.7999877929688,609.75,605.52001953125,609.75,606.12939453125,41152100
2025-01-24,609.8099975585938,610.780029296875,606.7999877929688,607.969970703125,604.35986328125,34604700
2025-01-27,594.8099975585938,599.6900024414062,594.6400146484375,599.3699951171875,595.8109741210938,70361100
2025-01-28,600.6199951171875,605.3699951171875,597.25,604.52001953125,600.930419921875,44433300
2025-01-29,603.719970703125,604.1300048828125,599.219970703125,601.8099975585938,598.2365112304688,37177400
2025-01-30,603.9600219726562,606.5999755859375,600.719970703125,605.0399780273438,601.447265625,39281300
2025-01-31,607.5,609.9600219726562,601.0499877929688,601.8200073242188,598.2463989257812,66566900
2025-02-03,592.6699829101562,600.2899780273438,590.489990234375,597.77001953125,594.220458984375,65857200
2025-02-04,597.8300170898438,602.2999877929688,597.280029296875,601.780029296875,598.2066650390625,33457800
2025-02-05,600.6400146484375,604.3699951171875,598.5800170898438,604.219970703125,600.6321411132812,30653100
2025-02-06,605.989990234375,606.4500122070312,602.6300048828125,606.3200073242188,602.7197265625,35771500
2025-02-07,606.8900146484375,608.1300048828125,600.0499877929688,600.77001953125,597.2026977539062,50788500
2025-02-10,604.030029296875,605.5,602.739990234375,604.8499755859375,601.2584228515625,26048700
2025-02-11,602.5499877929688,605.8599853515625,602.4299926757812,605.3099975585938,601.7156982421875,30056700
2025-02-12,599.2000122070312,604.5499877929688,598.510009765625,603.3599853515625,599.7772827148438,45076100
2025-02-13,604.47998046875,609.9400024414062,603.2000122070312,609.72998046875,606.1094970703125,40921300
2025-02-14,609.9400024414062,610.989990234375,609.0700073242188,609.7000122070312,606.0796508789062,26910400
2025-02-18,610.8800048828125,611.489990234375,608.3800048828125,611.489990234375,607.8590087890625,26749000
2025-02-19,610.0800170898438,613.22998046875,609.5599975585938,612.9299926757812,609.2904663085938,31011100
2025-02-20,611.5399780273438,611.6799926757812,607.02001953125,610.3800048828125,606.755615234375,36554000
2025-02-21,610.1599731445312,610.2999877929688,599.469970703125,599.9400024414062,596.3776245117188,76519800
2025-02-24,602.02001953125,603.030029296875,596.489990234375,597.2100219726562,593.663818359375,50737200
2025-02-25,597.1500244140625,597.8900146484375,589.5599975585938,594.239990234375,590.71142578125,58266500
2025-02-26,595.9299926757812,599.5800170898438,591.8599853515625,594.5399780273438,591.0096435546875,43321600
2025-02-27,596.8499755859375,598.02001953125,584.6500244140625,585.0499877929688,581.5759887695312,74196700
2025-02-28,585.5599975585938,594.719970703125,582.4400024414062,594.1799926757812,590.6517944335938,88744100
2025-03-03,596.1799926757812,597.3400268554688,579.9000244140625,583.77001953125,580.3036499023438,74249200
2025-03-04,579.7100219726562,585.3900146484375,572.25,576.8599853515625,573.4346313476562,109648200
2025-03-05,576.6900024414062,584.8800048828125,573.0800170898438,583.0599975585938,579.5978393554688,71230500
2025-03-06,575.47998046875,580.1699829101562,570.1199951171875,572.7100219726562,569.309326171875,80094900
2025-03-07,570.9000244140625,577.3900146484375,565.6300048828125,575.9199829101562,572.500244140625,81158800
2025-03-10,567.5900268554688,569.5399780273438,555.5900268554688,560.5800170898438,557.2513427734375,99326600
2025-03-11,559.4000244140625,564.02001953125,552.02001953125,555.9199829101562,552.6189575195312,88102100
2025-03-12,562.1699829101562,563.1099853515625,553.6900024414062,558.8699951171875,555.5514526367188,69588200
2025-03-13,558.489990234375,559.1099853515625,549.6799926757812,551.4199829101562,548.1456909179688,74079400
2025-03-14,556.1099853515625,563.8300170898438,551.489990234375,562.8099975585938,559.4680786132812,62660300
2025-03-17,562.7899780273438,569.7100219726562,562.3499755859375,567.1500244140625,563.7823486328125,49008700
2025-03-18,564.7999877929688,565.02001953125,559.0599975585938,561.02001953125,557.688720703125,66041400
2025-03-19,562.8300170898438,570.9500122070312,561.6300048828125,567.1300048828125,563.762451171875,66556000
2025-03-20,563.3300170898438,570.5700073242188,562.5999755859375,565.489990234375,562.1322021484375,62958200
2025-03-21,559.280029296875,564.8900146484375,558.030029296875,563.97998046875,562.317626953125,83763000
2025-03-24,570.7999877929688,575.1500244140625,570.2000122070312,574.0800170898438,572.3878784179688,58766800
2025-03-25,575.2999877929688,576.4099731445312,573.6900024414062,575.4600219726562,573.7637939453125,38355700
2025-03-26,575.1900024414062,576.3300170898438,567.1900024414062,568.5900268554688,566.9140625,51848300
2025-03-27,567.1799926757812,570.9000244140625,564.9400024414062,567.0800170898438,565.4085083007812,42164200
2025-03-28,565.530029296875,566.27001953125,555.0700073242188,555.6599731445312,554.0221557617188,71662700
2025-03-31,549.8300170898438,560.7100219726562,546.8699951171875,559.3900146484375,557.7411499023438,95328200
2025-04-01,557.4500122070312,562.9400024414062,553.6799926757812,560.969970703125,559.3164672851562,54609600
2025-04-02,555.0499877929688,567.4199829101562,554.8099975585938,564.52001953125,562.8560791015625,76014500
2025-04-03,545.1099853515625,547.969970703125,536.7000122070312,536.7000122070312,535.1180419921875,125986000
2025-04-04,523.6699829101562,525.8699951171875,505.05999755859375,505.2799987792969,503.7906494140625,217965100
2025-04-07,489.19000244140625,523.1699829101562,481.79998779296875,504.3800048828125,502.893310546875,256611400
2025-04-08,521.8599853515625,524.97998046875,489.1600036621094,496.4800109863281,495.0166015625,165816600
2025-04-09,493.44000244140625,548.6199951171875,493.04998779296875,548.6199951171875,547.0029296875,241867300
2025-04-10,532.1699829101562,533.5,509.32000732421875,524.5800170898438,523.0337524414062,162331200
2025-04-11,523.010009765625,536.4299926757812,520.0700073242188,533.9400024414062,532.3661499023438,97866300
2025-04-14,544.0499877929688,544.280029296875,533.8599853515625,539.1199951171875,537.5308837890625,68034000
2025-04-15,539.6699829101562,543.22998046875,536.8099975585938,537.6099853515625,536.0253295898438,56892900
2025-04-16,531.6799926757812,537.8900146484375,520.2899780273438,525.6599731445312,524.1105346679688,83484800
2025-04-17,527.6400146484375,531.1699829101562,523.9099731445312,526.4099731445312,524.8583374023438,79868100
2025-04-21,521.1599731445312,521.7000122070312,508.4599914550781,513.8800048828125,512.3652954101562,69368100
2025-04-22,520.1400146484375,529.2999877929688,519.1900024414062,527.25,525.6959228515625,75948100
2025-04-23,540.4299926757812,545.4299926757812,533.8800048828125,535.4199829101562,533.841796875,90590700
2025-04-24,536.719970703125,547.4299926757812,535.4500122070312,546.6900024414062,545.07861328125,64150400
2025-04-25,546.6500244140625,551.0499877929688,543.6900024414062,550.6400146484375,549.0169677734375,61119600
2025-04-28,551.3900146484375,553.5499877929688,545.02001953125,550.8499755859375,549.226318359375,47613800
2025-04-29,548.9099731445312,555.4500122070312,548.5499877929688,554.3200073242188,552.6860961914062,47775100
2025-04-30,547.5700073242188,556.52001953125,541.52001953125,554.5399780273438,552.9054565429688,93101500
2025-05-01,560.3699951171875,564.0700073242188,557.8599853515625,558.469970703125,556.8238525390625,63186100
2025-05-02,564.72998046875,568.3800048828125,562.3800048828125,566.760009765625,565.0894165039062,60717300
2025-05-05,562.5700073242188,566.6500244140625,561.7000122070312,563.510009765625,561.8489990234375,38659200
2025-05-06,557.9299926757812,563.3499755859375,556.9600219726562,558.7999877929688,557.1528930664062,48264700
2025-05-07,560.1500244140625,563.8200073242188,556.0399780273438,561.1500244140625,559.4959716796875,55588000
2025-05-08,565.239990234375,570.3099975585938,561.7000122070312,565.0599975585938,563.3944702148438,65130800
2025-05-09,566.47998046875,567.5,562.760009765625,564.3400268554688,562.6765747070312,37603400
2025-05-12,581.469970703125,583.0,577.0399780273438,582.989990234375,581.2716064453125,78993600
2025-05-13,583.4099731445312,589.0800170898438,582.8400268554688,586.8400268554688,585.1102905273438,67947200
2025-05-14,587.8099975585938,588.97998046875,585.5399780273438,587.5900268554688,585.8580932617188,66283500
2025-05-15,585.5599975585938,590.969970703125,585.0999755859375,590.4600219726562,588.7196044921875,71268100
2025-05-16,591.25,594.5,589.280029296875,594.2000122070312,592.4485473632812,76052100
2025-05-19,588.0999755859375,595.5399780273438,588.0999755859375,594.8499755859375,593.0966186523438,68168500
2025-05-20,593.0900268554688,594.0499877929688,589.5999755859375,592.8499755859375,591.1025390625,60614500
2025-05-21,588.4400024414062,592.5800170898438,581.8200073242188,582.8599853515625,581.1419677734375,95197700
2025-05-22,582.6599731445312,586.6199951171875,581.4099731445312,583.0900268554688,581.371337890625,70860400
2025-05-23,575.97998046875,581.8099975585938,575.5999755859375,579.1099853515625,577.4030151367188,76029000
2025-05-27,586.0700073242188,591.3099975585938,578.4299926757812,591.1500244140625,589.4075927734375,72588500
2025-05-28,591.5599975585938,592.77001953125,586.989990234375,587.72998046875,585.9976196289062,68445500
2025-05-29,593.0599975585938,593.2000122070312,586.0700073242188,590.0499877929688,588.310791015625,69973300
2025-05-30,588.9299926757812,591.1300048828125,583.239990234375,589.3900146484375,587.6527709960938,90601200
2025-06-02,587.760009765625,592.7899780273438,585.0599975585938,592.7100219726562,590.9629516601562,61630500
2025-06-03,592.3400268554688,597.0800170898438,591.8499755859375,596.0900268554688,594.3330078125,63606200
2025-06-04,596.9600219726562,597.9500122070312,595.489990234375,595.9299926757812,594.1734619140625,57314200
2025-06-05,597.6300048828125,599.0,591.0499877929688,593.0499877929688,591.3019409179688,92278700
2025-06-06,598.6599731445312,600.8300170898438,596.8599853515625,599.1400146484375,597.3740234375,66588700
2025-06-09,599.719970703125,601.25,598.489990234375,599.6799926757812,597.9124145507812,53016400
2025-06-10,600.219970703125,603.469970703125,599.0900268554688,603.0800170898438,601.3023681640625,66247000
2025-06-11,604.1900024414062,605.0599975585938,599.27001953125,601.3599853515625,599.5874633789062,73658200
2025-06-12,600.010009765625,603.75,599.52001953125,603.75,601.9703979492188,64129000
2025-06-13,598.5,601.8499755859375,595.47998046875,597.0,595.2402954101562,89506000
2025-06-16,600.4000244140625,604.4500122070312,600.219970703125,602.6799926757812,600.903564453125,79984100
2025-06-17,600.2100219726562,601.75,596.760009765625,597.530029296875,595.768798828125,82209400
2025-06-18,598.4400024414062,601.219970703125,596.469970703125,597.4400024414062,595.6790161132812,76605000
2025-06-20,598.3800048828125,599.4600219726562,592.8599853515625,594.280029296875,594.280029296875,94051400
2025-06-23,595.0399780273438,600.5399780273438,591.8900146484375,600.1500244140625,600.1500244140625,87426000
2025-06-24,604.3300170898438,607.8499755859375,603.4099731445312,606.780029296875,606.780029296875,67735300
2025-06-25,607.9099731445312,608.6099853515625,605.5399780273438,607.1199951171875,607.1199951171875,62114800
2025-06-26,608.989990234375,612.3099975585938,608.3699951171875,611.8699951171875,611.8699951171875,78548400
2025-06-27,612.8800048828125,616.3900146484375,610.8300170898438,614.9099731445312,614.9099731445312,86258400
2025-06-30,617.3800048828125,619.219970703125,615.0399780273438,617.8499755859375,617.8499755859375,92502500
2025-07-01,616.3599853515625,618.8300170898438,615.52001953125,617.6500244140625,617.6500244140625,70030100
2025-07-02,617.239990234375,620.489990234375,616.6099853515625,620.4500122070312,620.4500122070312,66510400
2025-07-03,622.4500122070312,626.280029296875,622.4299926757812,625.3400268554688,625.3400268554688,51065800
2025-07-07,623.3599853515625,624.030029296875,617.8699951171875,620.6799926757812,620.6799926757812,74814500
2025-07-08,621.3499755859375,622.1099853515625,619.52001953125,620.3400268554688,620.3400268554688,59024600
2025-07-09,622.77001953125,624.719970703125,620.9099731445312,624.0599975585938,624.0599975585938,66113300
2025-07-10,624.2000122070312,626.8699951171875,623.010009765625,625.8200073242188,625.8200073242188,57529000
2025-07-11,622.739990234375,624.8599853515625,621.530029296875,623.6199951171875,623.6199951171875,63670200
2025-07-14,623.1599731445312,625.1599731445312,621.7999877929688,624.8099975585938,624.8099975585938,51898500
2025-07-15,627.52001953125,627.8599853515625,622.0599975585938,622.1400146484375,622.1400146484375,74317300
2025-07-16,623.739990234375,624.72998046875,618.0499877929688,624.219970703125,624.219970703125,88987500
2025-07-17,624.4000244140625,628.4000244140625,624.1799926757812,628.0399780273438,628.0399780273438,68885700
2025-07-18,629.2999877929688,629.469970703125,626.4600219726562,627.5800170898438,627.5800170898438,65621600
2025-07-21,628.77001953125,631.5399780273438,628.3400268554688,628.77001953125,628.77001953125,63375000
2025-07-22,629.0999755859375,629.72998046875,626.1900024414062,628.8599853515625,628.8599853515625,60046300
2025-07-23,631.5499877929688,634.2100219726562,629.72998046875,634.2100219726562,634.2100219726562,70511000
2025-07-24,634.5999755859375,636.1500244140625,633.989990234375,634.4199829101562,634.4199829101562,71307100
2025-07-25,635.0900268554688,637.5800170898438,634.8400268554688,637.0999755859375,637.0999755859375,56865400
2025-07-28,637.47998046875,638.0399780273438,635.5399780273438,636.9400024414062,636.9400024414062,54917100
2025-07-29,638.3499755859375,638.6699829101562,634.3400268554688,635.260009765625,635.260009765625,60556300
2025-07-30,635.9199829101562,637.6799926757812,631.5399780273438,634.4600219726562,634.4600219726562,80418900
